Date,Open,High,Low,Close,Volume,Dividends,Stock Splits,ticker
2018-08-28 00:00:00-04:00,1.4600000381469727,1.4600000381469727,1.4600000381469727,1.4600000381469727,50000,0.0,0.0,ACE
2018-08-29 00:00:00-04:00,1.4299999475479126,1.4600000381469727,1.4299999475479126,1.4600000381469727,68000,0.0,0.0,ACE
2018-08-30 00:00:00-04:00,1.4600000381469727,1.4600000381469727,1.4600000381469727,1.4600000381469727,0,0.0,0.0,ACE
2018-08-31 00:00:00-04:00,1.4299999475479126,1.4299999475479126,1.4299999475479126,1.4299999475479126,6000,0.0,0.0,ACE
2018-09-04 00:00:00-04:00,1.4299999475479126,1.4299999475479126,1.4299999475479126,1.4299999475479126,0,0.0,0.0,ACE
2018-09-05 00:00:00-04:00,1.4299999475479126,1.4299999475479126,1.4299999475479126,1.4299999475479126,0,0.0,0.0,ACE
2018-09-06 00:00:00-04:00,1.409999966621399,1.409999966621399,1.409999966621399,1.409999966621399,2000,0.0,0.0,ACE
2018-09-07 00:00:00-04:00,1.409999966621399,1.409999966621399,1.409999966621399,1.409999966621399,0,0.0,0.0,ACE
2018-09-10 00:00:00-04:00,1.409999966621399,1.409999966621399,1.409999966621399,1.409999966621399,0,0.0,0.0,ACE
2018-09-11 00:00:00-04:00,1.409999966621399,1.409999966621399,1.409999966621399,1.409999966621399,0,0.0,0.0,ACE
2018-09-12 00:00:00-04:00,1.3899999856948853,1.3899999856948853,1.3700000047683716,1.3700000047683716,5000,0.0,0.0,ACE
2018-09-13 00:00:00-04:00,1.4500000476837158,1.4500000476837158,1.440000057220459,1.440000057220459,17000,0.0,0.0,ACE
2018-09-14 00:00:00-04:00,1.440000057220459,1.440000057220459,1.440000057220459,1.440000057220459,0,0.0,0.0,ACE
2018-09-17 00:00:00-04:00,1.4500000476837158,1.5,1.399999976158142,1.4900000095367432,182000,0.0,0.0,ACE
2018-09-18 00:00:00-04:00,1.4900000095367432,1.4900000095367432,1.399999976158142,1.399999976158142,35000,0.0,0.0,ACE
2018-09-19 00:00:00-04:00,1.399999976158142,1.399999976158142,1.399999976158142,1.399999976158142,0,0.0,0.0,ACE
2018-09-20 00:00:00-04:00,1.399999976158142,1.399999976158142,1.399999976158142,1.399999976158142,0,0.0,0.0,ACE
2018-09-21 00:00:00-04:00,1.4299999475479126,1.4299999475479126,1.4299999475479126,1.4299999475479126,14000,0.0,0.0,ACE
2018-09-24 00:00:00-04:00,1.4299999475479126,1.4299999475479126,1.4299999475479126,1.4299999475479126,0,0.0,0.0,ACE
2018-09-25 00:00:00-04:00,1.3600000143051147,1.4299999475479126,1.3600000143051147,1.4299999475479126,11000,0.0,0.0,ACE
2018-09-26 00:00:00-04:00,1.4299999475479126,1.4299999475479126,1.4299999475479126,1.4299999475479126,0,0.0,0.0,ACE
2018-09-27 00:00:00-04:00,1.4299999475479126,1.4299999475479126,1.4299999475479126,1.4299999475479126,0,0.0,0.0,ACE
2018-09-28 00:00:00-04:00,1.4299999475479126,1.4299999475479126,1.4299999475479126,1.4299999475479126,0,0.0,0.0,ACE
2018-10-01 00:00:00-04:00,1.4299999475479126,1.4299999475479126,1.4299999475479126,1.4299999475479126,10000,0.0,0.0,ACE
2018-10-02 00:00:00-04:00,1.4299999475479126,1.4299999475479126,1.4299999475479126,1.4299999475479126,5000,0.0,0.0,ACE
2018-10-03 00:00:00-04:00,1.4299999475479126,1.4299999475479126,1.4299999475479126,1.4299999475479126,0,0.0,0.0,ACE
2018-10-04 00:00:00-04:00,1.4299999475479126,1.4299999475479126,1.4299999475479126,1.4299999475479126,0,0.0,0.0,ACE
2018-10-05 00:00:00-04:00,1.4299999475479126,1.4299999475479126,1.4299999475479126,1.4299999475479126,0,0.0,0.0,ACE
2018-10-08 00:00:00-04:00,1.4299999475479126,1.4299999475479126,1.4299999475479126,1.4299999475479126,0,0.0,0.0,ACE
2018-10-09 00:00:00-04:00,1.4299999475479126,1.4299999475479126,1.4299999475479126,1.4299999475479126,0,0.0,0.0,ACE
2018-10-10 00:00:00-04:00,1.3600000143051147,1.3600000143051147,1.3600000143051147,1.3600000143051147,10000,0.0,0.0,ACE
2018-10-11 00:00:00-04:00,1.3600000143051147,1.3600000143051147,1.3600000143051147,1.3600000143051147,0,0.0,0.0,ACE
2018-10-12 00:00:00-04:00,1.3600000143051147,1.3600000143051147,1.3600000143051147,1.3600000143051147,0,0.0,0.0,ACE
2018-10-15 00:00:00-04:00,1.3600000143051147,1.4299999475479126,1.3600000143051147,1.4299999475479126,15000,0.0,0.0,ACE
2018-10-16 00:00:00-04:00,1.4299999475479126,1.4299999475479126,1.4299999475479126,1.4299999475479126,10000,0.0,0.0,ACE
2018-10-17 00:00:00-04:00,1.4299999475479126,1.4299999475479126,1.4299999475479126,1.4299999475479126,0,0.0,0.0,ACE
2018-10-18 00:00:00-04:00,1.4299999475479126,1.4299999475479126,1.4299999475479126,1.4299999475479126,0,0.0,0.0,ACE
2018-10-19 00:00:00-04:00,1.399999976158142,1.399999976158142,1.3700000047683716,1.3700000047683716,22000,0.0,0.0,ACE
2018-10-22 00:00:00-04:00,1.3700000047683716,1.3700000047683716,1.3700000047683716,1.3700000047683716,0,0.0,0.0,ACE
2018-10-23 00:00:00-04:00,1.4600000381469727,1.4600000381469727,1.4600000381469727,1.4600000381469727,8000,0.0,0.0,ACE
2018-10-24 00:00:00-04:00,1.4600000381469727,1.4600000381469727,1.4600000381469727,1.4600000381469727,0,0.0,0.0,ACE
2018-10-25 00:00:00-04:00,1.4600000381469727,1.4600000381469727,1.4600000381469727,1.4600000381469727,0,0.0,0.0,ACE
2018-10-26 00:00:00-04:00,1.4600000381469727,1.4600000381469727,1.4600000381469727,1.4600000381469727,0,0.0,0.0,ACE
2018-10-29 00:00:00-04:00,1.4600000381469727,1.4600000381469727,1.4600000381469727,1.4600000381469727,0,0.0,0.0,ACE
2018-10-30 00:00:00-04:00,1.3200000524520874,1.3200000524520874,1.309999942779541,1.309999942779541,5000,0.0,0.0,ACE
2018-10-31 00:00:00-04:00,1.309999942779541,1.309999942779541,1.309999942779541,1.309999942779541,0,0.0,0.0,ACE
2018-11-01 00:00:00-04:00,1.309999942779541,1.309999942779541,1.309999942779541,1.309999942779541,0,0.0,0.0,ACE
2018-11-02 00:00:00-04:00,1.309999942779541,1.309999942779541,1.309999942779541,1.309999942779541,0,0.0,0.0,ACE
2018-11-05 00:00:00-05:00,1.309999942779541,1.309999942779541,1.309999942779541,1.309999942779541,0,0.0,0.0,ACE
2018-11-06 00:00:00-05:00,1.309999942779541,1.309999942779541,1.309999942779541,1.309999942779541,0,0.0,0.0,ACE
2018-11-07 00:00:00-05:00,1.309999942779541,1.309999942779541,1.25,1.25,73000,0.0,0.0,ACE
2018-11-08 00:00:00-05:00,1.25,1.25,1.25,1.25,0,0.0,0.0,ACE
2018-11-09 00:00:00-05:00,1.2999999523162842,1.2999999523162842,1.2999999523162842,1.2999999523162842,3000,0.0,0.0,ACE
2018-11-12 00:00:00-05:00,1.4600000381469727,1.4700000286102295,1.440000057220459,1.440000057220459,9000,0.0,0.0,ACE
2018-11-13 00:00:00-05:00,1.2999999523162842,1.309999942779541,1.2999999523162842,1.309999942779541,606000,0.0,0.0,ACE
2018-11-14 00:00:00-05:00,1.309999942779541,1.309999942779541,1.309999942779541,1.309999942779541,0,0.0,0.0,ACE
2018-11-15 00:00:00-05:00,1.309999942779541,1.309999942779541,1.309999942779541,1.309999942779541,0,0.0,0.0,ACE
2018-11-16 00:00:00-05:00,1.309999942779541,1.309999942779541,1.309999942779541,1.309999942779541,0,0.0,0.0,ACE
2018-11-19 00:00:00-05:00,1.309999942779541,1.309999942779541,1.309999942779541,1.309999942779541,0,0.0,0.0,ACE
2018-11-20 00:00:00-05:00,1.2599999904632568,1.2599999904632568,1.2599999904632568,1.2599999904632568,8000,0.0,0.0,ACE
2018-11-21 00:00:00-05:00,1.2599999904632568,1.2599999904632568,1.2599999904632568,1.2599999904632568,0,0.0,0.0,ACE
2018-11-23 00:00:00-05:00,1.3799999952316284,1.4600000381469727,1.3799999952316284,1.4600000381469727,4000,0.0,0.0,ACE
2018-11-26 00:00:00-05:00,1.4600000381469727,1.4600000381469727,1.4600000381469727,1.4600000381469727,0,0.0,0.0,ACE
2018-11-27 00:00:00-05:00,1.4600000381469727,1.4600000381469727,1.4600000381469727,1.4600000381469727,0,0.0,0.0,ACE
2018-11-28 00:00:00-05:00,1.4600000381469727,1.4600000381469727,1.4600000381469727,1.4600000381469727,0,0.0,0.0,ACE
2018-11-29 00:00:00-05:00,1.440000057220459,1.440000057220459,1.440000057220459,1.440000057220459,14000,0.0,0.0,ACE
2018-11-30 00:00:00-05:00,1.440000057220459,1.440000057220459,1.440000057220459,1.440000057220459,0,0.0,0.0,ACE
2018-12-03 00:00:00-05:00,1.440000057220459,1.440000057220459,1.440000057220459,1.440000057220459,0,0.0,0.0,ACE
2018-12-04 00:00:00-05:00,1.440000057220459,1.440000057220459,1.440000057220459,1.440000057220459,0,0.0,0.0,ACE
2018-12-06 00:00:00-05:00,1.440000057220459,1.4900000095367432,1.440000057220459,1.4600000381469727,3650000,0.0,0.0,ACE
2018-12-07 00:00:00-05:00,1.4800000190734863,1.5499999523162842,1.4500000476837158,1.4600000381469727,260000,0.0,0.0,ACE
2018-12-10 00:00:00-05:00,1.4600000381469727,1.4600000381469727,1.4600000381469727,1.4600000381469727,6000,0.0,0.0,ACE
2018-12-11 00:00:00-05:00,1.3200000524520874,1.5700000524520874,1.2599999904632568,1.4600000381469727,3846000,0.0,0.0,ACE
2018-12-12 00:00:00-05:00,1.559999942779541,1.5800000429153442,1.4600000381469727,1.5499999523162842,3595000,0.0,0.0,ACE
2018-12-13 00:00:00-05:00,1.5499999523162842,1.5800000429153442,1.409999966621399,1.5700000524520874,3582000,0.0,0.0,ACE
2018-12-14 00:00:00-05:00,1.559999942779541,1.590000033378601,1.4600000381469727,1.590000033378601,4304000,0.0,0.0,ACE
2018-12-17 00:00:00-05:00,1.590000033378601,1.75,1.4800000190734863,1.5499999523162842,3891000,0.0,0.0,ACE
2018-12-18 00:00:00-05:00,1.4800000190734863,1.5700000524520874,1.4299999475479126,1.4500000476837158,189000,0.0,0.0,ACE
2018-12-19 00:00:00-05:00,1.5399999618530273,1.5399999618530273,1.4299999475479126,1.4600000381469727,97000,0.0,0.0,ACE
2018-12-20 00:00:00-05:00,1.5,1.5,1.4299999475479126,1.440000057220459,57000,0.0,0.0,ACE
2018-12-21 00:00:00-05:00,1.5,1.5,1.3600000143051147,1.3600000143051147,436000,0.0,0.0,ACE
2018-12-24 00:00:00-05:00,1.3600000143051147,1.3600000143051147,1.3600000143051147,1.3600000143051147,0,0.0,0.0,ACE
2018-12-26 00:00:00-05:00,1.4900000095367432,1.4900000095367432,1.2699999809265137,1.3600000143051147,450000,0.0,0.0,ACE
2018-12-27 00:00:00-05:00,1.3799999952316284,1.3799999952316284,1.309999942779541,1.3700000047683716,61000,0.0,0.0,ACE
2018-12-28 00:00:00-05:00,1.3200000524520874,1.399999976158142,1.3200000524520874,1.399999976158142,174000,0.0,0.0,ACE
2018-12-31 00:00:00-05:00,1.399999976158142,1.399999976158142,1.399999976158142,1.399999976158142,0,0.0,0.0,ACE
2019-01-02 00:00:00-05:00,1.399999976158142,1.399999976158142,1.399999976158142,1.399999976158142,21000,0.0,0.0,ACE
2019-01-03 00:00:00-05:00,1.3300000429153442,1.399999976158142,1.3300000429153442,1.3700000047683716,191000,0.0,0.0,ACE
2019-01-04 00:00:00-05:00,1.340000033378601,1.350000023841858,1.340000033378601,1.340000033378601,136000,0.0,0.0,ACE
2019-01-07 00:00:00-05:00,1.350000023841858,1.3799999952316284,1.3200000524520874,1.3799999952316284,294000,0.0,0.0,ACE
2019-01-08 00:00:00-05:00,1.3700000047683716,1.3799999952316284,1.350000023841858,1.3700000047683716,85000,0.0,0.0,ACE
2019-01-09 00:00:00-05:00,1.3899999856948853,1.4299999475479126,1.3799999952316284,1.4199999570846558,86000,0.0,0.0,ACE
2019-01-10 00:00:00-05:00,1.4299999475479126,1.4900000095367432,1.3700000047683716,1.3700000047683716,268000,0.0,0.0,ACE
2019-01-11 00:00:00-05:00,1.3600000143051147,1.4500000476837158,1.3600000143051147,1.4500000476837158,8000,0.0,0.0,ACE
2019-01-14 00:00:00-05:00,1.399999976158142,1.4500000476837158,1.399999976158142,1.4500000476837158,17000,0.0,0.0,ACE
2019-01-15 00:00:00-05:00,1.4500000476837158,1.4500000476837158,1.4500000476837158,1.4500000476837158,0,0.0,0.0,ACE
2019-01-16 00:00:00-05:00,1.4600000381469727,1.4600000381469727,1.2999999523162842,1.3700000047683716,856000,0.0,0.0,ACE
2019-01-17 00:00:00-05:00,1.3899999856948853,1.3899999856948853,1.3799999952316284,1.3899999856948853,30000,0.0,0.0,ACE
2019-01-18 00:00:00-05:00,1.3899999856948853,1.3899999856948853,1.3899999856948853,1.3899999856948853,0,0.0,0.0,ACE
2019-01-22 00:00:00-05:00,1.309999942779541,1.309999942779541,1.309999942779541,1.309999942779541,0,0.0,0.0,ACE
2019-01-23 00:00:00-05:00,1.350000023841858,1.350000023841858,1.350000023841858,1.350000023841858,23000,0.0,0.0,ACE
2019-01-24 00:00:00-05:00,1.3899999856948853,1.3899999856948853,1.3899999856948853,1.3899999856948853,60000,0.0,0.0,ACE
2019-01-25 00:00:00-05:00,1.3899999856948853,1.3899999856948853,1.3899999856948853,1.3899999856948853,0,0.0,0.0,ACE
2019-01-28 00:00:00-05:00,1.3300000429153442,1.3799999952316284,1.3300000429153442,1.340000033378601,156000,0.0,0.0,ACE
2019-01-29 00:00:00-05:00,1.3799999952316284,1.3799999952316284,1.309999942779541,1.309999942779541,217000,0.0,0.0,ACE
2019-01-30 00:00:00-05:00,1.3300000429153442,1.3300000429153442,1.309999942779541,1.309999942779541,428000,0.0,0.0,ACE
2019-01-31 00:00:00-05:00,1.309999942779541,1.340000033378601,1.309999942779541,1.309999942779541,789000,0.0,0.0,ACE
2019-02-01 00:00:00-05:00,1.3200000524520874,1.3200000524520874,1.309999942779541,1.309999942779541,6000,0.0,0.0,ACE
2019-02-04 00:00:00-05:00,1.309999942779541,1.3300000429153442,1.309999942779541,1.3200000524520874,19000,0.0,0.0,ACE
2019-02-05 00:00:00-05:00,1.3200000524520874,1.3200000524520874,1.3200000524520874,1.3200000524520874,0,0.0,0.0,ACE
2019-02-06 00:00:00-05:00,1.309999942779541,1.409999966621399,1.309999942779541,1.340000033378601,132000,0.0,0.0,ACE
2019-02-07 00:00:00-05:00,1.3200000524520874,1.3799999952316284,1.309999942779541,1.3799999952316284,662000,0.0,0.0,ACE
2019-02-08 00:00:00-05:00,1.3600000143051147,1.3600000143051147,1.309999942779541,1.340000033378601,49000,0.0,0.0,ACE
2019-02-11 00:00:00-05:00,1.350000023841858,1.350000023841858,1.309999942779541,1.309999942779541,53000,0.0,0.0,ACE
2019-02-12 00:00:00-05:00,1.309999942779541,1.309999942779541,1.309999942779541,1.309999942779541,162000,0.0,0.0,ACE
2019-02-13 00:00:00-05:00,1.309999942779541,1.3799999952316284,1.309999942779541,1.3200000524520874,189000,0.0,0.0,ACE
2019-02-14 00:00:00-05:00,1.3200000524520874,1.3200000524520874,1.3200000524520874,1.3200000524520874,0,0.0,0.0,ACE
2019-02-15 00:00:00-05:00,1.3200000524520874,1.3200000524520874,1.3200000524520874,1.3200000524520874,27000,0.0,0.0,ACE
2019-02-19 00:00:00-05:00,1.309999942779541,1.309999942779541,1.2899999618530273,1.2899999618530273,255000,0.0,0.0,ACE
2019-02-20 00:00:00-05:00,1.2899999618530273,1.2899999618530273,1.2899999618530273,1.2899999618530273,0,0.0,0.0,ACE
2019-02-21 00:00:00-05:00,1.2899999618530273,1.2899999618530273,1.2899999618530273,1.2899999618530273,0,0.0,0.0,ACE
2019-02-22 00:00:00-05:00,1.2899999618530273,1.2899999618530273,1.2899999618530273,1.2899999618530273,0,0.0,0.0,ACE
2019-02-25 00:00:00-05:00,1.2899999618530273,1.2899999618530273,1.2899999618530273,1.2899999618530273,0,0.0,0.0,ACE
2019-02-26 00:00:00-05:00,1.2999999523162842,1.350000023841858,1.2799999713897705,1.2799999713897705,100000,0.0,0.0,ACE
2019-02-27 00:00:00-05:00,1.3200000524520874,1.3200000524520874,1.2799999713897705,1.2799999713897705,54000,0.0,0.0,ACE
2019-02-28 00:00:00-05:00,1.2799999713897705,1.2799999713897705,1.2799999713897705,1.2799999713897705,0,0.0,0.0,ACE
2019-03-01 00:00:00-05:00,1.2799999713897705,1.2799999713897705,1.2799999713897705,1.2799999713897705,0,0.0,0.0,ACE
2019-03-04 00:00:00-05:00,1.2799999713897705,1.2799999713897705,1.2799999713897705,1.2799999713897705,0,0.0,0.0,ACE
2019-03-05 00:00:00-05:00,1.2799999713897705,1.2799999713897705,1.2799999713897705,1.2799999713897705,0,0.0,0.0,ACE
2019-03-06 00:00:00-05:00,1.2899999618530273,1.2899999618530273,1.2699999809265137,1.2699999809265137,100000,0.0,0.0,ACE
2019-03-07 00:00:00-05:00,1.2699999809265137,1.2699999809265137,1.2699999809265137,1.2699999809265137,0,0.0,0.0,ACE
2019-03-08 00:00:00-05:00,1.2799999713897705,1.2799999713897705,1.2799999713897705,1.2799999713897705,5000,0.0,0.0,ACE
2019-03-11 00:00:00-04:00,1.2799999713897705,1.2799999713897705,1.2799999713897705,1.2799999713897705,0,0.0,0.0,ACE
2019-03-12 00:00:00-04:00,1.2799999713897705,1.2799999713897705,1.2799999713897705,1.2799999713897705,0,0.0,0.0,ACE
2019-03-13 00:00:00-04:00,1.2799999713897705,1.2799999713897705,1.2799999713897705,1.2799999713897705,0,0.0,0.0,ACE
2019-03-14 00:00:00-04:00,1.2799999713897705,1.2799999713897705,1.2799999713897705,1.2799999713897705,0,0.0,0.0,ACE
2019-03-15 00:00:00-04:00,1.2799999713897705,1.2799999713897705,1.2799999713897705,1.2799999713897705,0,0.0,0.0,ACE
2019-03-18 00:00:00-04:00,1.2799999713897705,1.2799999713897705,1.2799999713897705,1.2799999713897705,0,0.0,0.0,ACE
2019-03-19 00:00:00-04:00,1.2799999713897705,1.2799999713897705,1.2799999713897705,1.2799999713897705,0,0.0,0.0,ACE
2019-03-20 00:00:00-04:00,1.2799999713897705,1.2799999713897705,1.2799999713897705,1.2799999713897705,0,0.0,0.0,ACE
2019-03-21 00:00:00-04:00,1.2799999713897705,1.2799999713897705,1.2799999713897705,1.2799999713897705,0,0.0,0.0,ACE
2019-03-22 00:00:00-04:00,1.2799999713897705,1.2799999713897705,1.2799999713897705,1.2799999713897705,0,0.0,0.0,ACE
2019-03-25 00:00:00-04:00,1.2799999713897705,1.2799999713897705,1.2799999713897705,1.2799999713897705,0,0.0,0.0,ACE
2019-03-26 00:00:00-04:00,1.2799999713897705,1.2799999713897705,1.2799999713897705,1.2799999713897705,0,0.0,0.0,ACE
2019-03-27 00:00:00-04:00,1.2799999713897705,1.2799999713897705,1.2799999713897705,1.2799999713897705,0,0.0,0.0,ACE
2019-03-28 00:00:00-04:00,1.2799999713897705,1.2799999713897705,1.2799999713897705,1.2799999713897705,0,0.0,0.0,ACE
2019-03-29 00:00:00-04:00,1.2799999713897705,1.2799999713897705,1.2799999713897705,1.2799999713897705,0,0.0,0.0,ACE
2019-04-01 00:00:00-04:00,1.2799999713897705,1.2799999713897705,1.2799999713897705,1.2799999713897705,0,0.0,0.0,ACE
2019-04-02 00:00:00-04:00,1.2799999713897705,1.2799999713897705,1.2799999713897705,1.2799999713897705,0,0.0,0.0,ACE
2019-04-03 00:00:00-04:00,1.2799999713897705,1.2799999713897705,1.2799999713897705,1.2799999713897705,0,0.0,0.0,ACE
2019-04-04 00:00:00-04:00,1.2799999713897705,1.2799999713897705,1.2799999713897705,1.2799999713897705,0,0.0,0.0,ACE
2019-04-05 00:00:00-04:00,1.2799999713897705,1.2799999713897705,1.2799999713897705,1.2799999713897705,0,0.0,0.0,ACE
2019-04-08 00:00:00-04:00,1.2799999713897705,1.2799999713897705,1.2799999713897705,1.2799999713897705,0,0.0,0.0,ACE
2019-04-09 00:00:00-04:00,1.2799999713897705,1.2799999713897705,1.2799999713897705,1.2799999713897705,0,0.0,0.0,ACE
2019-04-10 00:00:00-04:00,1.340000033378601,1.340000033378601,1.340000033378601,1.340000033378601,1000,0.0,0.0,ACE
2019-04-11 00:00:00-04:00,1.340000033378601,1.340000033378601,1.340000033378601,1.340000033378601,0,0.0,0.0,ACE
2019-04-12 00:00:00-04:00,1.2899999618530273,1.340000033378601,1.2899999618530273,1.340000033378601,25000,0.0,0.0,ACE
2019-04-15 00:00:00-04:00,1.309999942779541,1.3600000143051147,1.309999942779541,1.3600000143051147,6000,0.0,0.0,ACE
2019-04-16 00:00:00-04:00,1.3200000524520874,1.3200000524520874,1.2899999618530273,1.2899999618530273,43000,0.0,0.0,ACE
2019-04-17 00:00:00-04:00,1.2899999618530273,1.2899999618530273,1.2899999618530273,1.2899999618530273,0,0.0,0.0,ACE
2019-04-18 00:00:00-04:00,1.2899999618530273,1.2899999618530273,1.2899999618530273,1.2899999618530273,0,0.0,0.0,ACE
2019-04-22 00:00:00-04:00,1.2899999618530273,1.2899999618530273,1.25,1.25,48000,0.0,0.0,ACE
2019-04-23 00:00:00-04:00,1.2599999904632568,1.2999999523162842,1.2599999904632568,1.2999999523162842,25000,0.0,0.0,ACE
2019-04-24 00:00:00-04:00,1.2999999523162842,1.2999999523162842,1.2999999523162842,1.2999999523162842,0,0.0,0.0,ACE
2019-04-25 00:00:00-04:00,1.2999999523162842,1.2999999523162842,1.2999999523162842,1.2999999523162842,0,0.0,0.0,ACE
2019-04-26 00:00:00-04:00,1.2999999523162842,1.2999999523162842,1.2999999523162842,1.2999999523162842,0,0.0,0.0,ACE
2019-04-29 00:00:00-04:00,1.2999999523162842,1.2999999523162842,1.2999999523162842,1.2999999523162842,0,0.0,0.0,ACE
2019-04-30 00:00:00-04:00,1.2999999523162842,1.2999999523162842,1.2999999523162842,1.2999999523162842,19000,0.0,0.0,ACE
2019-05-01 00:00:00-04:00,1.2999999523162842,1.2999999523162842,1.2999999523162842,1.2999999523162842,0,0.0,0.0,ACE
2019-05-02 00:00:00-04:00,1.350000023841858,1.3700000047683716,1.350000023841858,1.3700000047683716,30000,0.0,0.0,ACE
2019-05-03 00:00:00-04:00,1.3700000047683716,1.3700000047683716,1.3700000047683716,1.3700000047683716,0,0.0,0.0,ACE
2019-05-06 00:00:00-04:00,1.3700000047683716,1.3700000047683716,1.3700000047683716,1.3700000047683716,0,0.0,0.0,ACE
2019-05-07 00:00:00-04:00,1.2599999904632568,1.2599999904632568,1.2599999904632568,1.2599999904632568,39000,0.0,0.0,ACE
2019-05-08 00:00:00-04:00,1.2599999904632568,1.2599999904632568,1.2599999904632568,1.2599999904632568,5000,0.0,0.0,ACE
2019-05-09 00:00:00-04:00,1.2699999809265137,1.2699999809265137,1.2699999809265137,1.2699999809265137,7000,0.0,0.0,ACE
2019-05-10 00:00:00-04:00,1.2699999809265137,1.2699999809265137,1.2699999809265137,1.2699999809265137,0,0.0,0.0,ACE
2019-05-13 00:00:00-04:00,1.2699999809265137,1.2699999809265137,1.2699999809265137,1.2699999809265137,0,0.0,0.0,ACE
2019-05-14 00:00:00-04:00,1.2699999809265137,1.2699999809265137,1.2699999809265137,1.2699999809265137,0,0.0,0.0,ACE
2019-05-15 00:00:00-04:00,1.2599999904632568,1.2599999904632568,1.2599999904632568,1.2599999904632568,22000,0.0,0.0,ACE
2019-05-16 00:00:00-04:00,1.2599999904632568,1.2599999904632568,1.2599999904632568,1.2599999904632568,0,0.0,0.0,ACE
2019-05-17 00:00:00-04:00,1.2699999809265137,1.2699999809265137,1.2699999809265137,1.2699999809265137,34000,0.0,0.0,ACE
2019-05-20 00:00:00-04:00,1.3200000524520874,1.3600000143051147,1.3200000524520874,1.3600000143051147,49000,0.0,0.0,ACE
2019-05-21 00:00:00-04:00,1.3600000143051147,1.3600000143051147,1.3600000143051147,1.3600000143051147,6000,0.0,0.0,ACE
2019-05-22 00:00:00-04:00,1.3300000429153442,1.399999976158142,1.309999942779541,1.309999942779541,105000,0.0,0.0,ACE
2019-05-23 00:00:00-04:00,1.309999942779541,1.309999942779541,1.309999942779541,1.309999942779541,0,0.0,0.0,ACE
2019-05-24 00:00:00-04:00,1.309999942779541,1.399999976158142,1.309999942779541,1.3799999952316284,102000,0.0,0.0,ACE
2019-05-28 00:00:00-04:00,1.3799999952316284,1.440000057220459,1.3799999952316284,1.4299999475479126,363000,0.0,0.0,ACE
2019-05-29 00:00:00-04:00,1.4199999570846558,1.4500000476837158,1.350000023841858,1.4199999570846558,236000,0.0,0.0,ACE
2019-05-30 00:00:00-04:00,1.4199999570846558,1.4199999570846558,1.4199999570846558,1.4199999570846558,0,0.0,0.0,ACE
2019-05-31 00:00:00-04:00,1.4199999570846558,1.4199999570846558,1.4199999570846558,1.4199999570846558,0,0.0,0.0,ACE
2019-06-03 00:00:00-04:00,1.3200000524520874,1.3300000429153442,1.309999942779541,1.309999942779541,95000,0.0,0.0,ACE
2019-06-04 00:00:00-04:00,1.309999942779541,1.3799999952316284,1.309999942779541,1.3300000429153442,38000,0.0,0.0,ACE
2019-06-06 00:00:00-04:00,1.309999942779541,1.3799999952316284,1.309999942779541,1.3799999952316284,16000,0.0,0.0,ACE
2019-06-07 00:00:00-04:00,1.309999942779541,1.309999942779541,1.309999942779541,1.309999942779541,85000,0.0,0.0,ACE
2020-01-24 00:00:00-05:00,33.0,33.0,33.0,33.0,0,0.0,0.0,ACE
2020-06-26 00:00:00-04:00,10.621070807757217,11.306301182451232,10.490877324099463,10.586809158325195,37289500,0.0,0.0,ACI
2020-06-29 00:00:00-04:00,10.888310059117575,10.970537619394184,10.621069998103676,10.669035911560059,7374000,0.0,0.0,ACI
2020-06-30 00:00:00-04:00,10.669036135369108,10.895162094244967,10.586808573367575,10.806082725524902,5047200,0.0,0.0,ACI
2020-07-01 00:00:00-04:00,10.81978634779115,10.888309638786337,10.65533123358654,10.799229621887207,3415200,0.0,0.0,ACI
2020-07-02 00:00:00-04:00,10.840345994557836,10.888312572573373,10.68959575932818,10.833494186401367,7213100,0.0,0.0,ACI
2020-07-06 00:00:00-04:00,10.812935522662833,10.812935522662833,10.538843624218726,10.63477611541748,3460800,0.0,0.0,ACI
2020-07-07 00:00:00-04:00,10.552548474000545,10.576532088237064,10.346979865580883,10.401798248291016,4228000,0.0,0.0,ACI
2020-07-08 00:00:00-04:00,10.35383134321673,10.490877949109581,10.30586542324622,10.388092994689941,3691500,0.0,0.0,ACI
2020-07-09 00:00:00-04:00,10.353829896663537,10.40864826996724,10.093442296727671,10.107147216796875,5107100,0.0,0.0,ACI
2020-07-10 00:00:00-04:00,10.120853232929376,10.182523419459852,9.669286131438481,10.004364013671875,6979300,0.0,0.0,ACI
2020-07-13 00:00:00-04:00,10.004362980794212,10.004362980794212,9.545258611940103,9.59322452545166,4380100,0.0,0.0,ACI
2020-07-14 00:00:00-04:00,9.538406523302262,10.08659093394345,9.401360584013613,9.99751091003418,4127600,0.0,0.0,ACI
2020-07-15 00:00:00-04:00,10.0523299641045,10.213358871949449,9.706974043094354,10.018068313598633,2558400,0.0,0.0,ACI
2020-07-16 00:00:00-04:00,9.949545142352145,10.374387887196887,9.935840221476543,10.264750480651855,2178900,0.0,0.0,ACI
2020-07-17 00:00:00-04:00,10.278455808100105,10.545695894365892,10.264750886682394,10.51828670501709,1209400,0.0,0.0,ACI
2020-07-20 00:00:00-04:00,10.593661142042395,10.85404875112334,10.484024391584434,10.682741165161133,1653000,0.0,0.0,ACI
2020-07-21 00:00:00-04:00,10.956833788077473,10.997947245558038,10.648480243026741,10.737560272216797,4338400,0.0,0.0,ACI
2020-07-22 00:00:00-04:00,10.895164585979273,10.963687896728516,10.724542470164806,10.963687896728516,1809100,0.0,0.0,ACI
2020-07-23 00:00:00-04:00,11.045914231314987,11.128141144493705,10.895162712198633,10.984243392944336,1841600,0.0,0.0,ACI
2020-07-24 00:00:00-04:00,11.032208132788888,11.073321584990689,10.89516154948544,11.039060592651367,2298900,0.0,0.0,ACI
2020-07-27 00:00:00-04:00,10.991095248986833,11.045913623748504,10.305864257492795,10.442910194396973,9327400,0.0,0.0,ACI
2020-07-28 00:00:00-04:00,10.484022189499456,10.501152683102921,10.299009721847103,10.346976280212402,2746200,0.0,0.0,ACI
2020-07-29 00:00:00-04:00,10.34698007657048,10.621071995710265,10.278456770042192,10.531991958618164,3183700,0.0,0.0,ACI
2020-07-30 00:00:00-04:00,10.497729192459703,10.600514141355609,10.237341570138003,10.244194030761719,2963100,0.0,0.0,ACI
2020-07-31 00:00:00-04:00,10.251048950467338,10.333276537217332,10.182525634765625,10.182525634765625,1783700,0.0,0.0,ACI
2020-08-03 00:00:00-04:00,10.22363716164383,10.244193889745393,9.894726244585813,10.161966323852539,1993600,0.0,0.0,ACI
2020-08-04 00:00:00-04:00,10.08659222096442,10.429207439646083,10.079739759753986,10.401798248291016,1867900,0.0,0.0,ACI
2020-08-05 00:00:00-04:00,10.394945162374063,10.778673818283995,10.381240240776823,10.60051441192627,2228800,0.0,0.0,ACI
2020-08-06 00:00:00-04:00,10.72385357449947,10.75811521904947,10.401795814794411,10.46346664428711,1008200,0.0,0.0,ACI
2020-08-07 00:00:00-04:00,10.511434244308234,10.682741841109904,10.367535836855367,10.51828670501709,969000,0.0,0.0,ACI
2020-08-10 00:00:00-04:00,10.477173574790207,10.579957881095956,10.405224691073519,10.531991958618164,967200,0.0,0.0,ACI
2020-08-11 00:00:00-04:00,10.54569801803916,10.579959021509614,10.14141190361497,10.223639488220215,1844000,0.0,0.0,ACI
2020-08-12 00:00:00-04:00,10.223636480704219,10.285307314387959,10.08659054667733,10.141408920288086,1518900,0.0,0.0,ACI
2020-08-13 00:00:00-04:00,10.100294628382326,10.216783833543694,10.00778837955067,10.209931373596191,1316500,0.0,0.0,ACI
2020-08-14 00:00:00-04:00,10.23049187413089,10.340128652788176,10.07288851469598,10.175673484802246,1516300,0.0,0.0,ACI
2020-08-17 00:00:00-04:00,10.18937372102513,10.43605637533285,10.141407812725806,10.230487823486328,2604700,0.0,0.0,ACI
2020-08-18 00:00:00-04:00,10.442909991473192,10.449762451556888,10.216784036603672,10.326420783996582,1625000,0.0,0.0,ACI
2020-08-19 00:00:00-04:00,10.415501905387979,10.511434396238688,10.312717607216,10.408649444580078,1851000,0.0,0.0,ACI
2020-08-20 00:00:00-04:00,10.340125981958835,10.43263223511431,10.244193498669462,10.305864334106445,1126800,0.0,0.0,ACI
2020-08-21 00:00:00-04:00,10.230488753438703,10.312716312349101,10.168817920884266,10.209931373596191,1671700,0.0,0.0,ACI
2020-08-24 00:00:00-04:00,10.22363750888904,10.233916200032237,9.95639742054552,9.983806610107422,2729300,0.0,0.0,ACI
2020-08-25 00:00:00-04:00,10.004363370370259,10.016697276185933,9.853612510409452,9.99751091003418,2190500,0.0,0.0,ACI
2020-08-26 00:00:00-04:00,9.997511360347781,10.07288646697998,9.942692982163159,10.07288646697998,1163300,0.0,0.0,ACI
2020-08-27 00:00:00-04:00,10.038625406079788,10.093443787479897,9.881022722926138,10.045477867126465,1372300,0.0,0.0,ACI
2020-08-28 00:00:00-04:00,10.045478830230392,10.045478830230392,9.79879609027935,9.839909553527832,1592500,0.0,0.0,ACI
2020-08-31 00:00:00-04:00,9.798795140027641,9.814555277628306,9.435623200280473,9.44932746887207,2877700,0.0,0.0,ACI
2020-09-01 00:00:00-04:00,9.490441437714335,9.72341922813203,9.284872184064234,9.552111625671387,3824700,0.0,0.0,ACI
2020-09-02 00:00:00-04:00,9.64119043896322,9.67545208582286,9.497292044941982,9.59322452545166,2214000,0.0,0.0,ACI
2020-09-03 00:00:00-04:00,9.55896427407783,9.689158420453818,9.182087410575745,9.278019905090332,2487800,0.0,0.0,ACI
2020-09-04 00:00:00-04:00,9.278019229751752,9.353394335571021,8.99022242064311,9.257462501525879,2196700,0.0,0.0,ACI
2020-09-08 00:00:00-04:00,9.250610300897987,9.250610300897987,8.949109215662094,9.031336784362793,2918400,0.0,0.0,ACI
2020-09-09 00:00:00-04:00,9.127267555902527,9.558962731315019,9.120415749425414,9.51099681854248,2308100,0.0,0.0,ACI
2020-09-10 00:00:00-04:00,9.572669215168842,9.798795203020441,9.572669215168842,9.68915843963623,2734900,0.0,0.0,ACI
2020-09-11 00:00:00-04:00,9.723417868673057,9.901577907159854,9.510996837273572,9.696008682250977,2685200,0.0,0.0,ACI
2020-09-14 00:00:00-04:00,9.730270994569128,9.739864177799065,9.319133170100532,9.346542358398438,2550200,0.0,0.0,ACI
2020-09-15 00:00:00-04:00,9.476737037409173,9.538407882247006,9.010780123955914,9.086155891418457,2780600,0.0,0.0,ACI
2020-09-16 00:00:00-04:00,9.051893179830314,9.243757499733205,9.017631530761719,9.017631530761719,3118600,0.0,0.0,ACI
2020-09-17 00:00:00-04:00,9.017631692189576,9.264315047110149,8.976518235360556,9.120416641235352,2812000,0.0,0.0,ACI
2020-09-18 00:00:00-04:00,9.195793739670789,9.216350472538146,8.846326013491952,8.949110984802246,5682600,0.0,0.0,ACI
2020-09-21 00:00:00-04:00,9.236904983812781,9.463031604914406,9.086154774393831,9.360246658325195,8965900,0.0,0.0,ACI
2020-09-22 00:00:00-04:00,9.696008697243768,9.771384450135955,9.428769292586896,9.524701118469238,5573700,0.0,0.0,ACI
2020-09-23 00:00:00-04:00,9.675454250419286,9.675454250419286,9.319134742428153,9.332839012145996,2862600,0.0,0.0,ACI
2020-09-24 00:00:00-04:00,9.271166941176103,9.31228105187719,9.024484237429451,9.16838264465332,2780200,0.0,0.0,ACI
2020-09-25 00:00:00-04:00,9.25746191432127,9.291723561515566,9.113563518894484,9.284871101379395,1741800,0.0,0.0,ACI
2020-09-28 00:00:00-04:00,9.380803331299152,9.469883356426697,9.250609850566027,9.325984954833984,1893800,0.0,0.0,ACI
2020-09-29 00:00:00-04:00,9.325984480986849,9.442473688428237,9.271166107306966,9.421916961669922,1245900,0.0,0.0,ACI
2020-09-30 00:00:00-04:00,9.442474749849955,9.600078082010612,9.394508830859884,9.49044132232666,2091600,0.0,0.0,ACI
2020-10-01 00:00:00-04:00,9.49044059088806,9.620634069606941,9.401360567138685,9.435622215270996,1891800,0.0,0.0,ACI
2020-10-02 00:00:00-04:00,9.284870392813374,9.504143872544711,9.271165473586908,9.415063858032227,1903900,0.0,0.0,ACI
2020-10-05 00:00:00-04:00,9.510996851980284,9.675451970767059,9.48358766551582,9.524701118469238,4072800,0.0,0.0,ACI
2020-10-06 00:00:00-04:00,9.600079994284345,9.69601185137349,9.401363164402417,9.46988582611084,1852000,0.0,0.0,ACI
2020-10-07 00:00:00-04:00,9.531553578456991,9.61378113785038,9.463030939039111,9.524701118469238,1991000,0.0,0.0,ACI
2020-10-08 00:00:00-04:00,9.600076365751566,9.702860646208293,9.490439625667983,9.606928825378418,1616500,0.0,0.0,ACI
2020-10-09 00:00:00-04:00,9.648041634389719,9.819349192746762,9.620632451192051,9.771383285522461,1764800,0.0,0.0,ACI
2020-10-12 00:00:00-04:00,9.812499542586458,10.14141048860183,9.812499542586458,9.922136306762695,2281900,0.0,0.0,ACI
2020-10-13 00:00:00-04:00,9.99065889970305,10.114000577361754,9.846760493596767,10.07288646697998,1694700,0.0,0.0,ACI
2020-10-14 00:00:00-04:00,10.10714956646916,10.161967952516836,9.675454286228682,9.778239250183105,5508200,0.0,0.0,ACI
2020-10-15 00:00:00-04:00,9.819351786874318,9.833056708837027,9.641191722278984,9.791942596435547,3333600,0.0,0.0,ACI
2020-10-16 00:00:00-04:00,9.881020018313134,10.038622658328105,9.743974102324794,9.771383285522461,2991800,0.0,0.0,ACI
2020-10-19 00:00:00-04:00,10.12770576939055,10.12770576939055,9.702862972946473,9.85361385345459,4158700,0.0,0.0,ACI
2020-10-20 00:00:00-04:00,10.484025227745592,10.586809526125922,10.024920808471737,10.429206848144531,16484700,0.0,0.0,ACI
2020-10-21 00:00:00-04:00,10.470319719379724,10.57995647243816,10.251046213262848,10.264750480651855,4048800,0.0,0.0,ACI
2020-10-22 00:00:00-04:00,10.353830818547815,10.392889060038845,10.04547727788767,10.07288646697998,4077600,0.0,0.0,ACI
2020-10-23 00:00:00-04:00,10.155676966960629,10.23846773134261,10.045289281117986,10.231568336486816,1983300,0.1,0.0,ACI
2020-10-26 00:00:00-04:00,10.176376327612898,10.459244988055575,10.121182474744211,10.210872650146484,2975800,0.0,0.0,ACI
2020-10-27 00:00:00-04:00,10.231567814803173,10.410948124132537,10.176373974696055,10.272963523864746,2043300,0.0,0.0,ACI
2020-10-28 00:00:00-04:00,10.121182237066265,10.852501099383959,10.100484707217209,10.424748420715332,6076100,0.0,0.0,ACI
2020-10-29 00:00:00-04:00,10.369555066751737,10.52823789110959,10.238469827467114,10.452345848083496,3140200,0.0,0.0,ACI
2020-10-30 00:00:00-04:00,10.328160308813562,10.517889106033348,10.065989164571342,10.134981155395508,3627400,0.0,0.0,ACI
2020-11-02 00:00:00-05:00,10.210871212257741,10.245367529933576,9.818304446191055,10.11428165435791,3364700,0.0,0.0,ACI
2020-11-03 00:00:00-05:00,10.155677109703868,10.538584318107173,10.155677109703868,10.500638961791992,2843800,0.0,0.0,ACI
2020-11-04 00:00:00-05:00,10.431646067252712,10.707615936797625,10.417847935654843,10.659320831298828,2836100,0.0,0.0,ACI
2020-11-05 00:00:00-05:00,10.666221091951202,10.790407576225862,10.555833398357086,10.707616806030273,3005200,0.0,0.0,ACI
2020-11-06 00:00:00-05:00,10.728313971346404,10.783507816277268,10.611026886377687,10.686918258666992,1983400,0.0,0.0,ACI
2020-11-09 00:00:00-05:00,10.445446853819718,10.445446853819718,9.589940818429817,10.210872650146484,7070500,0.0,0.0,ACI
2020-11-10 00:00:00-05:00,10.203973411656463,10.383353765231695,10.176376484795862,10.341958045959473,2131600,0.0,0.0,ACI
2020-11-11 00:00:00-05:00,10.348854139264976,10.61792458375234,10.307458433204449,10.335055351257324,2286600,0.0,0.0,ACI
2020-11-12 00:00:00-05:00,10.397150467156397,10.490290329214064,10.314359697981542,10.438546180725098,1542400,0.0,0.0,ACI
2020-11-13 00:00:00-05:00,10.46614464062011,10.486842171462389,10.2660667545777,10.452345848083496,1341800,0.0,0.0,ACI
2020-11-16 00:00:00-05:00,10.459244954879248,10.804206863195649,10.459244954879248,10.769710540771484,2327200,0.0,0.0,ACI
2020-11-17 00:00:00-05:00,10.7697101395711,10.900796028307104,10.576531662339862,10.852500915527344,2182700,0.0,0.0,ACI
2020-11-18 00:00:00-05:00,10.893895598235845,11.004283289030788,10.769709117110267,10.86629867553711,1460100,0.0,0.0,ACI
2020-11-19 00:00:00-05:00,10.921492520934581,11.049128041680282,10.852499885206473,10.86629867553711,1878700,0.0,0.0,ACI
2020-11-20 00:00:00-05:00,10.880098873904133,11.031881639408715,10.831803759459381,10.838703155517578,1041600,0.0,0.0,ACI
2020-11-23 00:00:00-05:00,10.90079459261376,11.038779201034185,10.693817351001867,10.983585357666016,2463700,0.0,0.0,ACI
2020-11-24 00:00:00-05:00,10.983587343648875,11.056029029432104,10.930463440741175,10.969788551330566,1961000,0.0,0.0,ACI
2020-11-25 00:00:00-05:00,10.942190037937152,11.004283278440184,10.831802347248448,10.900794982910156,1496800,0.0,0.0,ACI
2020-11-27 00:00:00-05:00,10.907696411338172,11.018084122603902,10.88009948352174,10.942192077636719,961100,0.0,0.0,ACI
2020-11-30 00:00:00-05:00,10.962888247544809,11.135368521153673,10.845601161439253,11.059477806091309,2371800,0.0,0.0,ACI
2020-12-01 00:00:00-05:00,11.038778707002539,11.204360229696581,10.77660763375573,10.886995315551758,2168600,0.0,0.0,ACI
2020-12-02 00:00:00-05:00,10.859399555740909,10.969787249335026,10.649662806319574,10.707616806030273,2349700,0.0,0.0,ACI
2020-12-03 00:00:00-05:00,10.686919945043321,10.735215060450606,10.521338384122267,10.535137176513672,2301100,0.0,0.0,ACI
2020-12-04 00:00:00-05:00,10.521335943360294,10.555832258373643,10.272963659596643,10.314358711242676,2927900,0.0,0.0,ACI
2020-12-07 00:00:00-05:00,10.335057512803534,10.410949546793354,10.217771080020524,10.245368003845215,2859900,0.0,0.0,ACI
2020-12-08 00:00:00-05:00,10.245365861057296,10.404047975370728,10.231567073049645,10.335055351257324,2179100,0.0,0.0,ACI
2020-12-09 00:00:00-05:00,10.383353733179606,10.486842044096749,10.155678922791783,10.252267837524414,2736300,0.0,0.0,ACI
2020-12-10 00:00:00-05:00,10.286761334330553,10.45234284949167,10.141877344073961,10.410947799682617,2463800,0.0,0.0,ACI
2020-12-11 00:00:00-05:00,10.362654979140126,10.617926686165159,10.231569098961359,10.569631576538086,2558500,0.0,0.0,ACI
2020-12-14 00:00:00-05:00,10.611028018580729,10.75591204147409,10.369554427770927,10.41784954071045,1313400,0.0,0.0,ACI
2020-12-15 00:00:00-05:00,10.417846882816223,10.64897132089475,10.38335057036403,10.514435768127441,1694500,0.0,0.0,ACI
2020-12-16 00:00:00-05:00,10.617926225426379,10.714515124564175,10.493739746006325,10.63172435760498,1626300,0.0,0.0,ACI
2020-12-17 00:00:00-05:00,10.69381764360086,10.852499783135503,10.645523193822932,10.721414566040039,1582200,0.0,0.0,ACI
2020-12-18 00:00:00-05:00,10.783506907953571,10.824901959183636,10.493738917493209,10.776607513427734,3736800,0.0,0.0,ACI
2020-12-21 00:00:00-05:00,10.652420791929616,10.721413419631654,10.528924527872187,10.590328216552734,1638000,0.0,0.0,ACI
2020-12-22 00:00:00-05:00,10.659322776550667,10.983587152807857,10.617927716240246,10.907695770263672,1995700,0.0,0.0,ACI
2020-12-23 00:00:00-05:00,10.96978634130333,11.162965447065053,10.700716524930748,10.728313446044922,2659500,0.0,0.0,ACI
2020-12-24 00:00:00-05:00,10.838701752838375,11.052578397225478,10.797306039809003,10.86629867553711,927800,0.0,0.0,ACI
2020-12-28 00:00:00-05:00,10.914593801093247,11.038780289902677,10.838702423466694,11.024981498718262,1308100,0.0,0.0,ACI
2020-12-29 00:00:00-05:00,11.031879388662698,11.573469367445007,11.02497999401213,11.480329513549805,3516800,0.0,0.0,ACI
2020-12-30 00:00:00-05:00,11.556224787766435,12.12196214891799,11.459635867352857,11.62521743774414,3495000,0.0,0.0,ACI
2020-12-31 00:00:00-05:00,11.71490500514905,12.26684479687002,11.570021648724564,12.128859519958496,3086200,0.0,0.0,ACI
2021-01-04 00:00:00-05:00,12.142655940761072,12.294438662997822,11.735600900841066,11.811492919921875,2435300,0.0,0.0,ACI
2021-01-05 00:00:00-05:00,11.770097293388782,12.073664072821567,11.714903453121453,11.763197898864746,1869200,0.0,0.0,ACI
2021-01-06 00:00:00-05:00,11.81149311002334,12.170252397077464,11.72870169551861,11.97707462310791,3441300,0.0,0.0,ACI
2021-01-07 00:00:00-05:00,11.804597801316035,11.977078768297623,11.604519247973226,11.62521743774414,2577000,0.0,0.0,ACI
2021-01-08 00:00:00-05:00,11.604516216304894,11.714903901060412,11.142267292919296,11.459632873535156,2930600,0.0,0.0,ACI
2021-01-11 00:00:00-05:00,11.425137033520326,11.597617972559869,11.162966585187277,11.556222915649414,3302100,0.0,0.0,ACI
2021-01-12 00:00:00-05:00,12.1357585853068,12.591108144434251,11.645912049927215,11.797696113586426,7404300,0.0,0.0,ACI
2021-01-13 00:00:00-05:00,11.652809487668831,11.83218978627128,11.583818178604318,11.811492919921875,2670300,0.0,0.0,ACI
2021-01-14 00:00:00-05:00,11.83219313159856,12.253047078689857,11.783898675229116,12.046069145202637,2827400,0.0,0.0,ACI
2021-01-15 00:00:00-05:00,12.073661960255667,12.259941632035831,11.883933249779451,11.928778648376465,2837900,0.0,0.0,ACI
2021-01-19 00:00:00-05:00,11.983976545128963,12.328938432466956,11.832192472508137,12.273744583129883,2764000,0.0,0.0,ACI
2021-01-20 00:00:00-05:00,11.990874599057076,12.239247578501983,11.825293051402193,11.956378936767578,2969300,0.0,0.0,ACI
2021-01-21 00:00:00-05:00,11.935678544099323,12.108159455522289,11.93222950487783,11.990872383117676,1692200,0.0,0.0,ACI
2021-01-22 00:00:00-05:00,11.935680342596191,12.101263200526592,11.921882867706259,12.073665618896484,2051300,0.0,0.0,ACI
2021-01-25 00:00:00-05:00,12.080605860520839,13.37817870920641,12.066727764633962,12.899394989013672,5398400,0.1,0.0,ACI
2021-01-26 00:00:00-05:00,12.76061436043118,13.745936490217085,12.52469206713823,13.530831336975098,5196600,0.0,0.0,ACI
2021-01-27 00:00:00-05:00,13.385116612251904,14.307988733982182,13.378177564901998,14.169210433959961,7275800,0.0,0.0,ACI
2021-01-28 00:00:00-05:00,13.75981533838756,13.967981456364972,12.15693252419536,12.198565483093262,5039200,0.0,0.0,ACI
2021-01-29 00:00:00-05:00,12.365099932824863,12.764086577996466,11.94876632992581,12.052850723266602,3003900,0.0,0.0,ACI
2021-02-01 00:00:00-05:00,12.198565074808734,12.33734336447405,11.674679612123487,11.8516206741333,2735400,0.0,0.0,ACI
2021-02-02 00:00:00-05:00,11.809987090035047,11.858559091794502,11.327734610440768,11.435286521911621,4676700,0.0,0.0,ACI
2021-02-03 00:00:00-05:00,11.44222420451309,11.546307242089656,11.171608042116498,11.483857154846191,1922600,0.0,0.0,ACI
2021-02-04 00:00:00-05:00,11.518553243334782,11.726719334035545,11.345081059921572,11.594880104064941,1400900,0.0,0.0,ACI
2021-02-05 00:00:00-05:00,11.636516455293377,11.816927717021331,11.525494343997398,11.747538566589355,1229200,0.0,0.0,ACI
2021-02-08 00:00:00-05:00,11.78916929449504,11.941824337740993,11.553247021804568,11.685086250305176,1440000,0.0,0.0,ACI
2021-02-09 00:00:00-05:00,11.823866142029962,11.830803865568805,11.4283484024333,11.622637748718262,2178000,0.0,0.0,ACI
2021-02-10 00:00:00-05:00,11.622637518739241,11.702434572735921,11.456104363856447,11.532432556152344,2120800,0.0,0.0,ACI
2021-02-11 00:00:00-05:00,11.58100456089051,11.608759424960374,11.428348176298714,11.532432556152344,1268200,0.0,0.0,ACI
2021-02-12 00:00:00-05:00,11.608757631721408,11.615696677538947,11.372835367875757,11.442224502563477,1412800,0.0,0.0,ACI
2021-02-16 00:00:00-05:00,11.414472723041941,11.511616743727023,11.275694416216378,11.428349494934082,2576000,0.0,0.0,ACI
2021-02-17 00:00:00-05:00,11.456104956631398,11.487330007505594,11.209774735006022,11.31038761138916,2991600,0.0,0.0,ACI
2021-02-18 00:00:00-05:00,11.240999035731782,11.456104192128294,11.157731797794636,11.379776000976562,2255400,0.0,0.0,ACI
2021-02-19 00:00:00-05:00,11.37283745828988,11.525493847359803,11.358960687591809,11.511615753173828,1458100,0.0,0.0,ACI
2021-02-22 00:00:00-05:00,11.379774413693296,11.6434528608091,11.317324324823113,11.442224502563477,2001000,0.0,0.0,ACI
2021-02-23 00:00:00-05:00,11.400593134849064,11.518554283158357,11.109159787466567,11.2756929397583,1996600,0.0,0.0,ACI
2021-02-24 00:00:00-05:00,11.358959657784386,11.483858523671076,11.22365023697018,11.435286521911621,1330500,0.0,0.0,ACI
2021-02-25 00:00:00-05:00,11.469981754231078,11.740597948883918,11.317325379001037,11.435286521911621,1843400,0.0,0.0,ACI
2021-02-26 00:00:00-05:00,11.463043773691467,11.543534337879242,11.081404785360236,11.220182418823242,2735000,0.0,0.0,ACI
2021-03-01 00:00:00-05:00,11.275693966939443,11.768354421913035,11.220182911118645,11.560188293457031,2066200,0.0,0.0,ACI
2021-03-02 00:00:00-05:00,11.567128408913792,11.858561809754287,11.463045335075348,11.553250312805176,2242300,0.0,0.0,ACI
2021-03-03 00:00:00-05:00,11.60182077892209,12.372037804918442,11.594881731792906,12.295709609985352,2225700,0.0,0.0,ACI
2021-03-04 00:00:00-05:00,12.143055745853086,12.51081733918319,12.143055745853086,12.441428184509277,2913100,0.0,0.0,ACI
2021-03-05 00:00:00-05:00,12.434486601134934,12.732858978949006,12.2055033638454,12.31652545928955,2894800,0.0,0.0,ACI
2021-03-08 00:00:00-05:00,12.344281943670682,12.351219666752057,11.782231082957258,11.879376411437988,2881100,0.0,0.0,ACI
2021-03-09 00:00:00-05:00,11.907132989174574,12.212444464752588,11.893254894037392,11.914072036743164,1184100,0.0,0.0,ACI
2021-03-10 00:00:00-05:00,12.011216000808142,12.420610541067138,11.900193887194312,12.413671493530273,1655600,0.0,0.0,ACI
2021-03-11 00:00:00-05:00,12.559387550386477,12.767553661085627,12.420609260928474,12.642653465270996,2406800,0.0,0.0,ACI
2021-03-12 00:00:00-05:00,12.538572866219646,12.816128176020701,12.496939900621516,12.746740341186523,886000,0.0,0.0,ACI
2021-03-15 00:00:00-04:00,12.760614684210934,13.149193367428184,12.73285982025991,13.010415077209473,1581900,0.0,0.0,ACI
2021-03-16 00:00:00-04:00,13.058989172541738,13.32266770147582,13.00347811226426,13.183889389038086,1426400,0.0,0.0,ACI
2021-03-17 00:00:00-04:00,13.12143463095527,13.197762808096462,12.757143344259982,12.989595413208008,1577700,0.0,0.0,ACI
2021-03-18 00:00:00-04:00,12.906333127720965,13.232460417158894,12.489999544861325,12.503877639770508,2128000,0.0,0.0,ACI
2021-03-19 00:00:00-04:00,12.53857099104767,13.246337917808283,12.53857099104767,12.850821495056152,7271000,0.0,0.0,ACI
2021-03-22 00:00:00-04:00,12.774494376178414,13.353892288320377,12.774494376178414,13.315728187561035,1405200,0.0,0.0,ACI
2021-03-23 00:00:00-04:00,13.357359968989822,13.655732377457792,13.315727009792964,13.433688163757324,1929000,0.0,0.0,ACI
2021-03-24 00:00:00-04:00,13.385116531611649,13.409402535446029,12.9757220048493,13.017354965209961,2663900,0.0,0.0,ACI
2021-03-25 00:00:00-04:00,13.00347739506404,13.267155909455067,12.899394328220424,13.170010566711426,2257500,0.0,0.0,ACI
2021-03-26 00:00:00-04:00,13.260213980113413,13.58634120494516,13.204702934961462,13.544708251953125,1273700,0.0,0.0,ACI
2021-03-29 00:00:00-04:00,13.558587729351748,13.766753839067318,13.537770588985053,13.704303741455078,951800,0.0,0.0,ACI
2021-03-30 00:00:00-04:00,13.780631932645116,13.912469851170648,13.426748487338369,13.704303741455078,1026400,0.0,0.0,ACI
2021-03-31 00:00:00-04:00,13.74593760688566,13.773693795875086,13.197766109223807,13.232460021972656,1282300,0.0,0.0,ACI
2021-04-01 00:00:00-04:00,13.183889817857532,13.219278566612704,12.71204512840769,12.767556190490723,2087700,0.0,0.0,ACI
2021-04-05 00:00:00-04:00,12.836944346795413,13.010416567698055,12.732861278951432,12.95490550994873,1673500,0.0,0.0,ACI
2021-04-06 00:00:00-04:00,12.975721810765485,12.975721810765485,12.746738546974937,12.947965621948242,1537200,0.0,0.0,ACI
2021-04-07 00:00:00-04:00,12.9340887913812,12.968784030792964,12.843883815886723,12.906333923339844,1068000,0.0,0.0,ACI
2021-04-08 00:00:00-04:00,12.996536646788229,13.121436840051704,12.843881590292776,13.031231880187988,1429200,0.0,0.0,ACI
2021-04-09 00:00:00-04:00,12.954905166647345,13.142255477894588,12.87163792048591,13.079805374145508,773400,0.0,0.0,ACI
2021-04-12 00:00:00-04:00,13.176948220547182,13.40593147277832,13.093682305274692,13.40593147277832,940100,0.0,0.0,ACI
2021-04-13 00:00:00-04:00,13.412870103044035,13.596750206756884,13.398992009767037,13.454503059387207,907900,0.0,0.0,ACI
2021-04-14 00:00:00-04:00,13.496138075656347,13.718182286253224,13.32266587069155,13.67654800415039,1468700,0.0,0.0,ACI
2021-04-15 00:00:00-04:00,13.634914725009457,13.634914725009457,13.190826314255217,13.40593147277832,2965200,0.0,0.0,ACI
2021-04-16 00:00:00-04:00,13.489200638368402,13.909003106843102,13.468383494832779,13.877778053283691,1196400,0.0,0.0,ACI
2021-04-19 00:00:00-04:00,13.870838347773253,14.162271726013852,13.690427082815932,14.148393630981445,1193300,0.0,0.0,ACI
2021-04-20 00:00:00-04:00,14.120639301166282,14.495338616868626,13.978392130396905,14.092883110046387,1703700,0.0,0.0,ACI
2021-04-21 00:00:00-04:00,14.120637712698402,14.259414682222385,13.503075764632253,13.55164909362793,1914500,0.0,0.0,ACI
2021-04-22 00:00:00-04:00,13.551647185283953,13.600219183951829,13.232457685700094,13.364296913146973,1776400,0.0,0.0,ACI
2021-04-23 00:00:00-04:00,13.371273905017816,13.416612451778263,13.001592928346966,13.378249168395996,2351200,0.1,0.0,ACI
2021-04-26 00:00:00-04:00,12.848140794403987,13.07831915837558,12.366858276865047,12.708638191223145,5413000,0.0,0.0,ACI
2021-04-27 00:00:00-04:00,12.827216205046971,12.93114537475828,12.61796361109143,12.631914138793945,2458100,0.0,0.0,ACI
2021-04-28 00:00:00-04:00,12.680737342489971,13.189919537201012,12.666786817331923,13.050416946411133,2315700,0.0,0.0,ACI
2021-04-29 00:00:00-04:00,13.106221078512757,13.475900739734412,13.085295287532178,13.468925476074219,1252900,0.0,0.0,ACI
2021-04-30 00:00:00-04:00,13.434050889575522,13.567275369556254,12.952768325805662,12.952768325805664,1386400,0.0,0.0,ACI
2021-05-03 00:00:00-04:00,13.00159435649619,13.357324845485595,12.994619092351817,13.148072242736816,1543800,0.0,0.0,ACI
2021-05-04 00:00:00-04:00,12.764439244343718,13.043444456780339,12.471484835601627,12.820240020751953,2437500,0.0,0.0,ACI
2021-05-05 00:00:00-04:00,12.90394245157323,13.078320052270165,12.712127356885702,12.980669021606445,1152300,0.0,0.0,ACI
2021-05-06 00:00:00-04:00,13.00159142027444,13.496824419518873,13.00159142027444,13.454974174499512,1947000,0.0,0.0,ACI
2021-05-07 00:00:00-04:00,13.406148891513263,13.482875458277798,13.259672351757834,13.378249168395996,877200,0.0,0.0,ACI
2021-05-10 00:00:00-04:00,13.371273233566772,13.789779702473735,13.371273233566772,13.489850044250488,3252000,0.0,0.0,ACI
2021-05-11 00:00:00-04:00,13.454975426650487,13.782804815535428,13.284084803792057,13.594476699829102,1416700,0.0,0.0,ACI
2021-05-12 00:00:00-04:00,13.559601813413881,13.573551009557079,12.91370680294592,12.994617462158203,1420900,0.0,0.0,ACI
2021-05-13 00:00:00-04:00,12.952764374620854,13.28756895581026,12.938813851139175,13.099242210388184,993400,0.0,0.0,ACI
2021-05-14 00:00:00-04:00,13.238747416411956,13.552627636719178,13.203872427664729,13.385225296020508,974000,0.0,0.0,ACI
2021-05-17 00:00:00-04:00,13.420099874970283,13.72560923719596,13.420099874970283,13.608428001403809,1061800,0.0,0.0,ACI
2021-05-18 00:00:00-04:00,13.685153438508811,13.77582919721779,13.350347464640489,13.517749786376953,1121200,0.0,0.0,ACI
2021-05-19 00:00:00-04:00,13.42707392011567,13.496825219545997,13.008567453929093,13.036468505859375,1404300,0.0,0.0,ACI
2021-05-20 00:00:00-04:00,13.134118588760074,13.203869883208627,12.973691542805106,13.064367294311523,1242100,0.0,0.0,ACI
2021-05-21 00:00:00-04:00,13.11319357998378,13.231770388468965,13.057392807190482,13.07831859588623,1307500,0.0,0.0,ACI
2021-05-24 00:00:00-04:00,13.162021997317403,13.468925619255364,12.980669131411048,13.266648292541504,1329900,0.0,0.0,ACI
2021-05-25 00:00:00-04:00,13.2945453883358,13.357321419136582,13.10621862632872,13.113192558288574,669100,0.0,0.0,ACI
2021-05-26 00:00:00-04:00,13.113192558288576,13.160623810145259,12.987641827082275,13.113192558288574,716500,0.0,0.0,ACI
2021-05-27 00:00:00-04:00,13.162020458078032,13.329422776938749,13.11319361764771,13.23874568939209,703300,0.0,0.0,ACI
2021-05-28 00:00:00-04:00,13.33639977961617,13.41312502093918,13.141096383603283,13.385225296020508,857900,0.0,0.0,ACI
2021-06-01 00:00:00-04:00,13.461949545561913,13.79675553268865,13.399173506125365,13.713053703308105,895100,0.0,0.0,ACI
2021-06-02 00:00:00-04:00,13.782806071085274,13.908358159660038,13.62237899363776,13.866506576538086,1099700,0.0,0.0,ACI
2021-06-03 00:00:00-04:00,13.908358337437232,14.082735944820964,13.636328365249627,13.98508358001709,1090400,0.0,0.0,ACI
2021-06-04 00:00:00-04:00,14.047857970706756,14.117609271524831,13.573550721618336,14.0687837600708,1179200,0.0,0.0,ACI
2021-06-07 00:00:00-04:00,14.068786367732688,14.285014242990881,14.019960847228806,14.27803897857666,1103500,0.0,0.0,ACI
2021-06-08 00:00:00-04:00,14.166433692516845,14.689566412791127,14.145509235158869,14.675617218017578,1605600,0.0,0.0,ACI
2021-06-09 00:00:00-04:00,14.605866630965918,14.808143934143708,14.337324995219847,14.619815826416016,1171100,0.0,0.0,ACI
2021-06-10 00:00:00-04:00,14.564015368260979,14.849995832693631,14.51518985714175,14.536115646362305,1345800,0.0,0.0,ACI
2021-06-11 00:00:00-04:00,14.51519096307744,14.549368823464967,14.06529776891832,14.229211807250977,1155700,0.0,0.0,ACI
2021-06-14 00:00:00-04:00,14.27803574369257,14.27803574369257,14.019957670815828,14.173409461975098,1112400,0.0,0.0,ACI
2021-06-15 00:00:00-04:00,14.152486427829164,14.152486427829164,13.727004664919958,13.782805442810059,997000,0.0,0.0,ACI
2021-06-16 00:00:00-04:00,13.740958066994464,13.88743464070478,13.503804378743295,13.650280952453613,1601600,0.0,0.0,ACI
2021-06-17 00:00:00-04:00,13.622377631143223,13.643302090215812,13.141095116542461,13.441024780273438,1754000,0.0,0.0,ACI
2021-06-18 00:00:00-04:00,13.343373217720773,13.713054204537706,13.21084720108446,13.615403175354004,2345900,0.0,0.0,ACI
2021-06-21 00:00:00-04:00,13.706078476833774,14.068784187798641,13.608427450956867,14.00600814819336,1056900,0.0,0.0,ACI
2021-06-22 00:00:00-04:00,13.999031775476727,14.072270039080484,13.796754476419395,14.047857284545898,948700,0.0,0.0,ACI
2021-06-23 00:00:00-04:00,14.117607907812111,14.145508957602358,13.810703012095791,13.831628799438477,1040000,0.0,0.0,ACI
2021-06-24 00:00:00-04:00,13.824656053787935,13.873481569414338,13.69212870394804,13.754904747009277,768500,0.0,0.0,ACI
2021-06-25 00:00:00-04:00,13.852556346044583,14.047858397798397,13.793267272908285,14.00600814819336,2793100,0.0,0.0,ACI
2021-06-28 00:00:00-04:00,13.971133259025352,14.15946004875468,13.754904085372987,14.131560325622559,837600,0.0,0.0,ACI
2021-06-29 00:00:00-04:00,14.15248599797654,14.18038572087645,13.92230629947618,13.978108406066895,518300,0.0,0.0,ACI
2021-06-30 00:00:00-04:00,13.978108387683628,14.089709939927392,13.664228190500888,13.713053703308105,1304900,0.0,0.0,ACI
2021-07-01 00:00:00-04:00,13.85953237391143,13.978109196329633,13.747929484815895,13.887432098388672,754000,0.0,0.0,ACI
2021-07-02 00:00:00-04:00,13.894409193659,14.054836289138224,13.81768261304037,13.922308921813965,418700,0.0,0.0,ACI
2021-07-06 00:00:00-04:00,13.859529563442475,13.897891510520115,13.37824710764709,13.420097351074219,1101000,0.0,0.0,ACI
2021-07-07 00:00:00-04:00,13.441025305364175,13.692128136812794,13.287572170728138,13.503801345825195,648500,0.0,0.0,ACI
2021-07-08 00:00:00-04:00,13.3852243784913,13.709566807110583,13.322448338733022,13.678178787231445,682000,0.0,0.0,ACI
2021-07-09 00:00:00-04:00,13.754901730033676,14.21525839124527,13.740952536053953,14.096681594848633,1097700,0.0,0.0,ACI
2021-07-12 00:00:00-04:00,14.054833220854054,14.18736055924652,13.77582934823471,13.936256408691406,675900,0.0,0.0,ACI
2021-07-13 00:00:00-04:00,13.894404536212335,14.019956596813495,13.69212592071152,13.720026969909668,646000,0.0,0.0,ACI
2021-07-14 00:00:00-04:00,13.720027261068045,13.950205600256467,13.629351510040301,13.831628799438477,518700,0.0,0.0,ACI
2021-07-15 00:00:00-04:00,13.887431663488771,13.943232441091316,13.747929054284668,13.817680358886719,504000,0.0,0.0,ACI
2021-07-16 00:00:00-04:00,13.866505533484993,14.054833652180902,13.803730824315137,13.873480796813965,683000,0.0,0.0,ACI
2021-07-19 00:00:00-04:00,13.91533134119218,14.347786992241018,13.883943323745463,14.340811729431152,1226800,0.0,0.0,ACI
2021-07-20 00:00:00-04:00,14.396611990134593,14.626790333102607,14.321281017017363,14.410562515258789,1032900,0.0,0.0,ACI
2021-07-21 00:00:00-04:00,14.410562648218383,14.661666781189512,14.340811352349146,14.564014434814453,605600,0.0,0.0,ACI
2021-07-22 00:00:00-04:00,14.438464723129814,14.50472772718951,14.054833233828104,14.0687837600708,740700,0.0,0.0,ACI
2021-07-23 00:00:00-04:00,14.17393200512546,14.23001081410326,13.991675541691544,14.187952041625977,559000,0.1,0.0,ACI
2021-07-26 00:00:00-04:00,14.187952681600017,14.370209153254951,14.152903925792053,14.307120323181152,645000,0.0,0.0,ACI
2021-07-27 00:00:00-04:00,14.208981757246157,14.279080601051401,14.075794087718618,14.237020492553711,757200,0.0,0.0,ACI
2021-07-28 00:00:00-04:00,14.173931670816945,14.5314345710024,14.173931670816945,14.52442455291748,1671300,0.0,0.0,ACI
2021-07-29 00:00:00-04:00,14.650601513869855,15.603942536097188,14.650601513869855,15.14830207824707,2292800,0.0,0.0,ACI
2021-07-30 00:00:00-04:00,15.29550992014594,15.624974101369123,15.09923475212291,15.1412935256958,1008400,0.0,0.0,ACI
2021-08-02 00:00:00-04:00,15.197372494158781,15.537351038054254,14.945017176048797,15.470756530761719,845000,0.0,0.0,ACI
2021-08-03 00:00:00-04:00,15.477764321844809,16.466154059502866,15.477764321844809,16.396055221557617,1559300,0.0,0.0,ACI
2021-08-04 00:00:00-04:00,16.375027506836773,16.396056223588612,15.7651693175735,15.961445808410645,954700,0.0,0.0,ACI
2021-08-05 00:00:00-04:00,16.03855297405581,16.234829460518128,15.954435434874947,16.227819442749023,697200,0.0,0.0,ACI
2021-08-06 00:00:00-04:00,16.2979220771959,17.321360843282466,16.22431887902347,17.21621322631836,1975900,0.0,0.0,ACI
2021-08-09 00:00:00-04:00,17.005912791722174,17.44753318272696,16.697478717530085,17.3774356842041,1519100,0.0,0.0,ACI
2021-08-10 00:00:00-04:00,18.22562996017351,20.3916760893253,18.078423590728363,20.363636016845703,6468700,0.0,0.0,ACI
2021-08-11 00:00:00-04:00,20.17436884739003,20.25848638232322,19.438333063092017,20.020151138305664,2749600,0.0,0.0,ACI
2021-08-12 00:00:00-04:00,20.09726369020229,20.93844721643392,19.87995845845179,20.763200759887695,1936600,0.0,0.0,ACI
2021-08-13 00:00:00-04:00,20.623001035525885,21.323986792903348,20.524863457340793,20.92442512512207,1705700,0.0,0.0,ACI
2021-08-16 00:00:00-04:00,20.81227036496011,21.239870826422173,20.496826196072643,20.566925048828125,1012500,0.0,0.0,ACI
2021-08-17 00:00:00-04:00,20.573933729810946,21.07163301166136,20.475794807525826,20.700111389160156,1167200,0.0,0.0,ACI
2021-08-18 00:00:00-04:00,20.861336295398594,21.1767790839344,20.461774627705378,20.482803344726562,1082200,0.0,0.0,ACI
2021-08-19 00:00:00-04:00,20.349616725712032,20.524863162539308,19.774807289818234,20.097261428833008,1094400,0.0,0.0,ACI
2021-08-20 00:00:00-04:00,20.153338914167463,20.39167415959259,20.090250094082922,20.23044776916504,757100,0.0,0.0,ACI
2021-08-23 00:00:00-04:00,20.300546942007824,20.37064578532351,19.886966574196155,20.048192977905273,1071100,0.0,0.0,ACI
2021-08-24 00:00:00-04:00,20.0481960669994,20.09025484465968,19.81687078433121,19.872949600219727,972700,0.0,0.0,ACI
2021-08-25 00:00:00-04:00,19.872946331623876,20.231149826186027,19.79583747107545,19.93603515625,913500,0.0,0.0,ACI
2021-08-26 00:00:00-04:00,19.95005287762678,19.95005287762678,19.46637369522497,19.648630142211914,1009100,0.0,0.0,ACI
2021-08-27 00:00:00-04:00,19.676668597922205,20.076230237320477,19.45936340293833,19.900983810424805,741600,0.0,0.0,ACI
2021-08-30 00:00:00-04:00,19.915008803155743,20.735162338679583,19.690693534811523,20.44074821472168,1104900,0.0,0.0,ACI
2021-08-31 00:00:00-04:00,20.454765569839154,21.36604656219496,20.342607950380724,21.28192901611328,1959100,0.0,0.0,ACI
2021-09-01 00:00:00-04:00,21.387073591847734,21.926832894778148,20.71412663326683,21.15574836730957,1766100,0.0,0.0,ACI
2021-09-02 00:00:00-04:00,21.211829123172812,23.26571626381333,21.078641455252868,23.188610076904297,3443000,0.0,0.0,ACI
2021-09-03 00:00:00-04:00,22.908213322711255,23.588170320252598,22.723853737850117,23.377872467041016,1690700,0.0,0.0,ACI
2021-09-07 00:00:00-04:00,23.433955804470912,23.896606331363618,22.957285240514953,23.48302459716797,2342600,0.0,0.0,ACI
2021-09-08 00:00:00-04:00,23.483023733063124,23.81248790680462,22.340417494939093,22.452573776245117,1607300,0.0,0.0,ACI
2021-09-09 00:00:00-04:00,22.424534364051553,23.013363848068213,22.165170380866932,22.550710678100586,1462500,0.0,0.0,ACI
2021-09-10 00:00:00-04:00,22.48762147079861,22.507248983896254,20.805254801135316,21.050600051879883,2365800,0.0,0.0,ACI
2021-09-13 00:00:00-04:00,21.274921439725848,22.010956069032613,21.274921439725848,21.345020294189453,1448200,0.0,0.0,ACI
2021-09-14 00:00:00-04:00,21.513252282858062,21.590359803461165,20.700108948508493,20.770206451416016,1516400,0.0,0.0,ACI
2021-09-15 00:00:00-04:00,20.787734506587178,21.730559931984864,20.65805117014202,21.576343536376953,1308200,0.0,0.0,ACI
2021-09-16 00:00:00-04:00,21.569329692692783,21.681487294521535,21.071629164681635,21.204816818237305,1094400,0.0,0.0,ACI
2021-09-17 00:00:00-04:00,21.113692354038616,21.38006636305817,20.89638579883858,21.099672317504883,5588800,0.0,0.0,ACI
2021-09-20 00:00:00-04:00,20.75619076389699,21.42212649728679,20.679081895084472,20.96648597717285,1204500,0.0,0.0,ACI
2021-09-21 00:00:00-04:00,21.02256587711049,21.65345288659117,20.89638820780947,21.295949935913086,907400,0.0,0.0,ACI
2021-09-22 00:00:00-04:00,21.59736984634927,21.849725135588038,21.155749427205595,21.211828231811523,1075300,0.0,0.0,ACI
2021-09-23 00:00:00-04:00,21.611393318080555,22.508655671468972,21.211831604602896,22.27733039855957,1063900,0.0,0.0,ACI
2021-09-24 00:00:00-04:00,22.123113273059467,22.487627576618085,21.954876827818545,21.968896865844727,880200,0.0,0.0,ACI
2021-09-27 00:00:00-04:00,21.88477598205124,22.326397780494307,21.5763431957053,21.625411987304688,771800,0.0,0.0,ACI
2021-09-28 00:00:00-04:00,21.569331029741484,22.277326770813055,21.380064563539108,21.94786262512207,1089000,0.0,0.0,ACI
2021-09-29 00:00:00-04:00,22.024971351065656,22.711938372030016,21.961882529374805,22.48061180114746,799800,0.0,0.0,ACI
2021-09-30 00:00:00-04:00,22.431540059989885,22.480608839947276,21.765603179649343,21.82168197631836,932600,0.0,0.0,ACI
2021-10-01 00:00:00-04:00,21.807668228074498,21.905805810256677,20.83329707645777,20.86834716796875,1489800,0.0,0.0,ACI
2021-10-04 00:00:00-04:00,20.693100617196553,21.204819917459332,20.545892907640905,21.099672317504883,1039000,0.0,0.0,ACI
2021-10-05 00:00:00-04:00,20.044686126462363,20.812266343428366,19.9150041429889,20.658048629760742,1831200,0.0,0.0,ACI
2021-10-06 00:00:00-04:00,20.749177745125046,20.92442417652471,19.704709174425947,19.89397430419922,1263300,0.0,0.0,ACI
2021-10-07 00:00:00-04:00,19.985106469924954,20.454767036466365,19.515445903383544,19.62760353088379,1397000,0.0,0.0,ACI
2021-10-08 00:00:00-04:00,19.29112538179832,19.725735735454617,18.765386145036533,18.97568130493164,1483000,0.0,0.0,ACI
2021-10-11 00:00:00-04:00,18.81445492654379,19.438331726320094,18.716317363529274,18.97568130493164,1268100,0.0,0.0,ACI
2021-10-12 00:00:00-04:00,19.091346872736448,19.382255256779956,18.986197943130566,18.996713638305664,967500,0.0,0.0,ACI
2021-10-13 00:00:00-04:00,19.101862028441854,19.697700193981586,19.074523893893524,19.375246047973633,998200,0.0,0.0,ACI
2021-10-14 00:00:00-04:00,19.473387869885986,20.33560016555611,19.417309053997467,19.872949600219727,1440000,0.0,0.0,ACI
2021-10-15 00:00:00-04:00,19.964072336008837,20.538880393807364,19.837894696584943,20.020151138305664,2271000,0.0,0.0,ACI
2021-10-18 00:00:00-04:00,19.732747563979864,21.036581418697057,19.557501135637196,20.68608856201172,4901200,0.0,0.0,ACI
2021-10-19 00:00:00-04:00,19.999124086959103,20.237459350805526,19.059803067570083,19.8378963470459,3539500,0.0,0.0,ACI
2021-10-20 00:00:00-04:00,20.118288953634085,20.580939381739206,20.017346312761674,20.26549530029297,1635000,0.0,0.0,ACI
2021-10-21 00:00:00-04:00,20.49682209851584,20.931433829096285,20.279516901737686,20.68608856201172,1359600,0.0,0.0,ACI
2021-10-22 00:00:00-04:00,20.850824489572503,21.87145943849753,20.74918122144557,21.60438346862793,1480000,0.0,0.0,ACI
2021-10-25 00:00:00-04:00,21.443153556677345,22.024971658255673,21.001531798681935,21.485212326049805,1543800,0.0,0.0,ACI
2021-10-26 00:00:00-04:00,21.47820221943365,21.59736984634927,21.022561764882447,21.211828231811523,1189200,0.0,0.0,ACI
2021-10-27 00:00:00-04:00,21.316976477665374,21.620503702136926,21.1136913061129,21.17677879333496,1453100,0.0,0.0,ACI
2021-10-28 00:00:00-04:00,21.11343970562977,21.676464227504024,20.979720878301006,21.14862823486328,1233000,0.12,0.0,ACI
2021-10-29 00:00:00-04:00,21.04306267699013,22.014281718500257,20.73339849858842,21.782033920288086,1243000,0.0,0.0,ACI
2021-11-01 00:00:00-04:00,21.824257088139067,22.506924428794232,21.4751813782699,22.394319534301758,1039700,0.0,0.0,ACI
2021-11-02 00:00:00-04:00,22.39431822277325,22.48581053316276,21.620158611709144,22.246524810791016,895700,0.0,0.0,ACI
2021-11-03 00:00:00-04:00,22.43654910252482,24.737915807719247,22.308461453788393,24.62531089782715,3616700,0.0,0.0,ACI
2021-11-04 00:00:00-04:00,24.37898354586331,24.791401037105683,24.143920851869694,24.45639991760254,1323000,0.0,0.0,ACI
2021-11-05 00:00:00-04:00,24.505664540631283,25.06165240945319,24.055244940218,24.491588592529297,1071700,0.0,0.0,ACI
2021-11-08 00:00:00-05:00,24.350830966918537,24.421210705031594,23.435915849148767,23.4781436920166,925200,0.0,0.0,ACI
2021-11-09 00:00:00-05:00,23.647051998884205,23.99894266960994,23.50629787836412,23.75965690612793,1633400,0.0,0.0,ACI
2021-11-10 00:00:00-05:00,23.57667182581478,23.977826922700906,23.091063730824313,23.942638397216797,1189600,0.0,0.0,ACI
2021-11-11 00:00:00-05:00,24.12562330917683,24.597158199765108,23.942641343316417,24.407136917114258,756200,0.0,0.0,ACI
2021-11-12 00:00:00-05:00,24.463438264461637,24.892745312597338,24.35787267399872,24.653459548950195,838100,0.0,0.0,ACI
2021-11-15 00:00:00-05:00,24.716797182097654,25.30797354986219,24.442322919334202,24.498626708984375,854200,0.0,0.0,ACI
2021-11-16 00:00:00-05:00,24.301568948337263,24.518335341975337,23.57667502315144,23.91448974609375,1328300,0.0,0.0,ACI
2021-11-17 00:00:00-05:00,24.19600080294,24.24526527703983,23.837070851969813,24.005979537963867,684700,0.0,0.0,ACI
2021-11-18 00:00:00-05:00,24.245267676142532,24.702723935865826,24.167851299264488,24.442325592041016,795000,0.0,0.0,ACI
2021-11-19 00:00:00-05:00,24.547890731649673,24.63234372986115,23.703352695397665,23.766693115234375,921600,0.0,0.0,ACI
2021-11-22 00:00:00-05:00,24.13265871597936,25.7020905168753,24.104506822804257,25.462804794311523,1342000,0.0,0.0,ACI
2021-11-23 00:00:00-05:00,25.258703823422636,25.589481807046994,24.68160352308561,24.81532096862793,977300,0.0,0.0,ACI
2021-11-24 00:00:00-05:00,24.632346385883935,24.751987922524705,24.18192676723895,24.512704849243164,491400,0.0,0.0,ACI
2021-11-26 00:00:00-05:00,24.280454568366807,25.75839420733889,24.140401167750174,25.139068603515625,830000,0.0,0.0,ACI
2021-11-29 00:00:00-05:00,25.132028754139803,25.547259814905445,24.70976106187856,24.93497085571289,1159900,0.0,0.0,ACI
2021-11-30 00:00:00-05:00,24.75198774161668,25.39243132029296,24.51270467008402,24.766063690185547,980200,0.0,0.0,ACI
2021-12-01 00:00:00-05:00,24.91385891676896,25.230558351747415,24.013017033568598,24.104509353637695,882000,0.0,0.0,ACI
2021-12-02 00:00:00-05:00,24.329722263872906,25.39947029120328,24.11154906803343,25.322053909301758,1238100,0.0,0.0,ACI
2021-12-03 00:00:00-05:00,25.350204091107717,25.638754332005334,24.871632566978096,25.1249942779541,1581000,0.0,0.0,ACI
2021-12-06 00:00:00-05:00,25.054611605853225,26.159547961502884,24.709760294318258,25.90618896484375,1786000,0.0,0.0,ACI
2021-12-07 00:00:00-05:00,26.173625878200674,26.638121434095314,25.019424962626882,25.223522186279297,1607400,0.0,0.0,ACI
2021-12-08 00:00:00-05:00,25.160180428350724,25.202408271090604,21.838333313785952,22.408395767211914,3964200,0.0,0.0,ACI
2021-12-09 00:00:00-05:00,21.54978461513237,21.746842525680055,21.324573465089344,21.472368240356445,5116000,0.0,0.0,ACI
2021-12-10 00:00:00-05:00,21.542742502221817,21.90167106765151,21.29641881900268,21.606082916259766,2021500,0.0,0.0,ACI
2021-12-13 00:00:00-05:00,21.620159943530155,22.485811918308695,21.387912180139868,22.042428970336914,2527300,0.0,0.0,ACI
2021-12-14 00:00:00-05:00,21.94389774961241,22.014276137181884,20.91848803888612,21.28938102722168,3560400,0.0,0.0,ACI
2021-12-15 00:00:00-05:00,21.324574141076035,21.486444870043922,20.691171201289333,21.204931259155273,2683900,0.0,0.0,ACI
2021-12-16 00:00:00-05:00,21.338648095843233,21.845371474200793,21.240119146654266,21.556819915771484,1515300,0.0,0.0,ACI
2021-12-17 00:00:00-05:00,21.697576665445943,21.880559958120536,21.44421497676478,21.704614639282227,2832000,0.0,0.0,ACI
2021-12-20 00:00:00-05:00,21.47940645691532,22.049468956846738,21.08106623592847,21.12751579284668,1306900,0.0,0.0,ACI
2021-12-21 00:00:00-05:00,21.29642363696484,21.35976406533251,20.941013306417755,21.000835418701172,1342900,0.0,0.0,ACI
2021-12-22 00:00:00-05:00,21.07121133489642,21.35976154458224,20.81081167763164,20.972681045532227,1324300,0.0,0.0,ACI
2021-12-23 00:00:00-05:00,21.11343870020632,21.50051787276759,20.955087641483516,21.043060302734375,1229300,0.0,0.0,ACI
2021-12-27 00:00:00-05:00,21.148626824224603,21.20492927265659,20.62782884063968,20.78969955444336,1422900,0.0,0.0,ACI
2021-12-28 00:00:00-05:00,20.853040497412557,21.028985832276287,20.504669486101943,20.993797302246094,2193800,0.0,0.0,ACI
2021-12-29 00:00:00-05:00,21.00787277557289,21.655351646906457,20.71932254031779,21.14862823486328,1411600,0.0,0.0,ACI
2021-12-30 00:00:00-05:00,21.401987245568804,21.50051618889921,21.190853412044746,21.23307991027832,986800,0.0,0.0,ACI
2021-12-31 00:00:00-05:00,21.071208940543553,21.60608279932701,21.071208940543553,21.247154235839844,1187200,0.0,0.0,ACI
2022-01-03 00:00:00-05:00,21.247157306315643,21.40902667921489,20.599678472362385,20.648942947387695,1519000,0.0,0.0,ACI
2022-01-04 00:00:00-05:00,20.789699991503145,20.98605449928693,20.543376271051176,20.867115020751953,2069100,0.0,0.0,ACI
2022-01-05 00:00:00-05:00,20.909342188426145,21.760918276139627,20.8671156854584,21.078250885009766,2700300,0.0,0.0,ACI
2022-01-06 00:00:00-05:00,21.38791305870745,22.155034775250446,20.923417512846445,21.96501350402832,3033000,0.0,0.0,ACI
2022-01-07 00:00:00-05:00,22.169110723272002,22.74621116859287,21.95797687237383,21.96501350402832,2113900,0.0,0.0,ACI
2022-01-10 00:00:00-05:00,22.323945506616884,22.661761598533396,21.57089962400566,22.450626373291016,4571900,0.0,0.0,ACI
2022-01-11 00:00:00-05:00,22.225414875114406,22.34505775774778,19.9873899778291,20.261865615844727,9345400,0.0,0.0,ACI
2022-01-12 00:00:00-05:00,20.261867452685323,21.071215806291388,20.092958732891102,20.853042602539062,3094300,0.0,0.0,ACI
2022-01-13 00:00:00-05:00,21.11343909985949,22.000203703136346,21.11343909985949,21.803144454956055,2975600,0.0,0.0,ACI
2022-01-14 00:00:00-05:00,21.683501575350455,22.42951072322586,21.473071116041265,21.774993896484375,3456100,0.0,0.0,ACI
2022-01-18 00:00:00-05:00,21.50051631260828,21.760915961651996,21.264750241895072,21.4442138671875,1648800,0.0,0.0,ACI
2022-01-19 00:00:00-05:00,21.66239081768633,21.905194904463396,20.3744709782025,20.670059204101562,2126500,0.0,0.0,ACI
2022-01-20 00:00:00-05:00,20.691170696110078,20.77562504578598,19.78681180045481,19.846633911132812,2075700,0.0,0.0,ACI
2022-01-21 00:00:00-05:00,19.90997490996308,20.03665442458286,19.579196818446118,19.902936935424805,1968900,0.0,0.0,ACI
2022-01-24 00:00:00-05:00,19.61438566503678,20.114069749906466,19.45955291800739,20.02961540222168,2710600,0.0,0.0,ACI
2022-01-25 00:00:00-05:00,19.775182156134846,20.05788642519247,18.941203551384636,19.139097213745117,2498800,0.12,0.0,ACI
2022-01-26 00:00:00-05:00,19.42886568619746,19.598488216448334,18.82811838236727,18.95533561706543,2040700,0.0,0.0,ACI
2022-01-27 00:00:00-05:00,19.20977105739537,19.72570644815741,19.153230211120626,19.407663345336914,1594700,0.0,0.0,ACI
2022-01-28 00:00:00-05:00,19.13909245021259,19.262775115879307,18.56661627934957,18.976537704467773,1361100,0.0,0.0,ACI
2022-01-31 00:00:00-05:00,19.01187879947301,19.89533042907715,18.91222627526211,19.89533042907715,1911200,0.0,0.0,ACI
2022-02-01 00:00:00-05:00,19.789315460970812,20.107358570095325,19.42886705330974,19.90239715576172,1514100,0.0,0.0,ACI
2022-02-02 00:00:00-05:00,19.8034534322731,20.284051367943324,19.77518233109706,20.093225479125977,1127600,0.0,0.0,ACI
2022-02-03 00:00:00-05:00,19.923601986377257,20.340591272981253,19.817588057995277,20.12149429321289,811100,0.0,0.0,ACI
2022-02-04 00:00:00-05:00,19.951869441485712,20.001342512499654,19.556083525334078,19.8599910736084,953400,0.0,0.0,ACI
2022-02-07 00:00:00-05:00,19.92359916949976,20.204182920901804,19.803449708176657,19.95893669128418,1324700,0.0,0.0,ACI
2022-02-08 00:00:00-05:00,20.057885295575637,20.602091825388207,19.909466068194142,20.439537048339844,760500,0.0,0.0,ACI
2022-02-09 00:00:00-05:00,20.60208982769705,20.73637484043088,20.425399518114673,20.474872589111328,911300,0.0,0.0,ACI
2022-02-10 00:00:00-05:00,20.446602806301335,20.618345808496297,20.029613568542374,20.185100555419922,1352600,0.0,0.0,ACI
2022-02-11 00:00:00-05:00,20.375929750684847,20.60209316793194,19.923602916190653,20.093225479125977,1241300,0.0,0.0,ACI
2022-02-14 00:00:00-05:00,20.114427523346183,20.421869683468806,19.831723250854377,20.347660064697266,1395300,0.0,0.0,ACI
2022-02-15 00:00:00-05:00,20.637431639586275,20.990812309113164,20.42540242904598,20.701040267944336,1477500,0.0,0.0,ACI
2022-02-16 00:00:00-05:00,20.62329569122098,20.743445170462703,20.121494449197233,20.340591430664062,1005700,0.0,0.0,ACI
2022-02-17 00:00:00-05:00,20.34059076027112,20.630362786296576,20.21337351020332,20.319387435913086,1051200,0.0,0.0,ACI
2022-02-18 00:00:00-05:00,20.354726539315553,20.863595579024643,20.26284815605714,20.50314712524414,894900,0.0,0.0,ACI
2022-02-22 00:00:00-05:00,20.411265883616657,20.62329508381981,19.824654054722956,19.994277954101562,1575600,0.0,0.0,ACI
2022-02-23 00:00:00-05:00,20.121492649694325,20.340589611566905,19.95187010852984,20.072019577026367,1198900,0.0,0.0,ACI
2022-02-24 00:00:00-05:00,19.549018204808316,20.623295745808342,19.443004275323897,20.496078491210938,1757900,0.0,0.0,ACI
2022-02-25 00:00:00-05:00,20.67983619780653,21.18870385830665,20.584423258705215,21.004945755004883,1623300,0.0,0.0,ACI
2022-02-28 00:00:00-05:00,20.828256155501368,21.04735314097488,20.467807711184587,20.602092742919922,1385500,0.0,0.0,ACI
2022-03-01 00:00:00-05:00,21.46434133295693,22.6587683106813,21.20283905810264,22.192304611206055,6464000,0.0,0.0,ACI
2022-03-02 00:00:00-05:00,22.072154254229343,22.623427184972346,21.937870582814593,22.60929298400879,1986400,0.0,0.0,ACI
2022-03-03 00:00:00-05:00,22.793053292174495,25.287919968076032,22.793053292174495,25.231380462646484,3815700,0.0,0.0,ACI
2022-03-04 00:00:00-05:00,24.475145957092586,26.411670518728446,24.036951985150576,25.556489944458008,4791800,0.0,0.0,ACI
2022-03-07 00:00:00-05:00,25.952279598801677,26.84986690476032,24.9769481070865,25.181909561157227,3336000,0.0,0.0,ACI
2022-03-08 00:00:00-05:00,25.005216977749956,25.95934370883848,24.567023005532803,24.976945877075195,2913300,0.0,0.0,ACI
2022-03-09 00:00:00-05:00,24.92747207464068,25.422205537751807,24.48221168823262,24.510482788085938,1275000,0.0,0.0,ACI
2022-03-10 00:00:00-05:00,24.510479120124824,24.722506945134057,23.916799592450936,24.439804077148438,1595500,0.0,0.0,ACI
2022-03-11 00:00:00-05:00,24.333788104770836,25.090022366032457,24.234841969066323,24.319652557373047,1452200,0.0,0.0,ACI
2022-03-14 00:00:00-04:00,24.171234942571754,25.40806711233411,23.93093601317472,24.92746925354004,1462900,0.0,0.0,ACI
2022-03-15 00:00:00-04:00,24.67303682631541,25.160701151761113,24.4758508985159,25.146568298339844,1386700,0.0,0.0,ACI
2022-03-16 00:00:00-04:00,25.11829714586955,25.789720917327323,24.58115705027118,24.948673248291016,2799700,0.0,0.0,ACI
2022-03-17 00:00:00-04:00,24.80732266348059,25.83212717494098,24.602363918053015,25.443408966064453,3059100,0.0,0.0,ACI
2022-03-18 00:00:00-04:00,25.59889393667815,25.78265067970218,24.771981852869335,24.856792449951172,4486100,0.0,0.0,ACI
2022-03-21 00:00:00-04:00,25.02641725646059,26.26324951818134,25.02641725646059,25.5423526763916,2467800,0.0,0.0,ACI
2022-03-22 00:00:00-04:00,25.655436687207064,25.796083124522657,24.99814841034779,25.22431182861328,2869900,0.0,0.0,ACI
2022-03-23 00:00:00-04:00,25.047622626613887,25.59182921904443,25.047622626613887,25.280855178833008,1357200,0.0,0.0,ACI
2022-03-24 00:00:00-04:00,25.478745854051812,25.620098661746525,25.097094082100252,25.231380462646484,1238300,0.0,0.0,ACI
2022-03-25 00:00:00-04:00,23.64823773322572,23.65530685760977,22.612833437645403,23.238317489624023,6909900,0.0,0.0,ACI
2022-03-28 00:00:00-04:00,23.29484754981899,23.591688643609693,23.217103389633806,23.584619522094727,2492900,0.0,0.0,ACI
2022-03-29 00:00:00-04:00,23.7613151184568,23.82492374588962,23.259515222087057,23.64823341369629,2230800,0.0,0.0,ACI
2022-03-30 00:00:00-04:00,23.641165003789517,23.761313125484957,23.005078782812827,23.683568954467773,2516400,0.0,0.0,ACI
2022-03-31 00:00:00-04:00,23.704774502627167,23.93093790154365,23.372595830933417,23.499813079833984,1799400,0.0,0.0,ACI
2022-04-01 00:00:00-04:00,23.676509599253293,24.015754786399434,23.47508268513274,23.980417251586914,1726700,0.0,0.0,ACI
2022-04-04 00:00:00-04:00,24.17123605403746,24.213640004887864,23.722441136281866,23.938003540039062,1293200,0.0,0.0,ACI
2022-04-05 00:00:00-04:00,23.987476613418064,24.38326389653036,23.80371986887896,23.938003540039062,1477700,0.0,0.0,ACI
2022-04-06 00:00:00-04:00,23.895600209283234,24.552888425324166,23.74011186258269,24.09349250793457,1591300,0.0,0.0,ACI
2022-04-07 00:00:00-04:00,24.354993981974285,25.068824411550768,24.029884427949565,24.5740909576416,3089300,0.0,0.0,ACI
2022-04-08 00:00:00-04:00,25.07589068727866,25.443406888080585,24.72251003605532,24.934537887573242,5639500,0.0,0.0,ACI
2022-04-11 00:00:00-04:00,25.090024747273556,25.11829584475228,24.354992389308254,24.58115577697754,5390800,0.0,0.0,ACI
2022-04-12 00:00:00-04:00,23.5139480955859,24.100558555686252,22.467941725318024,22.595157623291016,5961800,0.0,0.0,ACI
2022-04-13 00:00:00-04:00,22.79305204290948,23.658833561456046,22.5456853170218,23.450340270996094,4415000,0.0,0.0,ACI
2022-04-14 00:00:00-04:00,23.415002651069535,23.52808435135752,22.764780852353315,22.9061336517334,3110100,0.0,0.0,ACI
2022-04-18 00:00:00-04:00,22.95560801093136,23.492748139399964,22.94147246059476,23.330190658569336,2047300,0.0,0.0,ACI
2022-04-19 00:00:00-04:00,23.429134742380107,23.471538688678855,22.990940859373005,23.400863647460938,1798000,0.0,0.0,ACI
2022-04-20 00:00:00-04:00,23.577551141406033,23.846121119024552,23.266574526454164,23.528078079223633,2540500,0.0,0.0,ACI
2022-04-21 00:00:00-04:00,23.521013801657244,24.029882770123177,23.266579317424277,23.945072174072266,1631000,0.0,0.0,ACI
2022-04-22 00:00:00-04:00,23.104024942367115,23.217106637707538,22.658767283509366,22.778915405273438,4820800,0.0,0.0,ACI
2022-04-25 00:00:00-04:00,22.587376624626614,23.183274857048715,22.473872328267923,23.005924224853516,3283600,0.12,0.0,ACI
2022-04-26 00:00:00-04:00,23.005927434691305,23.005927434691305,22.17592630609107,22.289430618286133,2685700,0.0,0.0,ACI
2022-04-27 00:00:00-04:00,22.21139528393934,22.6299429310247,21.707720081593482,22.24686622619629,2467900,0.0,0.0,ACI
2022-04-28 00:00:00-04:00,22.197204077552037,22.86049365929888,21.952459357869028,22.793102264404297,2707600,0.0,0.0,ACI
2022-04-29 00:00:00-04:00,22.700884386565168,22.85695383269282,22.101439645340566,22.190114974975586,2843800,0.0,0.0,ACI
2022-05-02 00:00:00-04:00,22.310713509380754,22.644132262178193,21.700626807632357,21.99148178100586,2865700,0.0,0.0,ACI
2022-05-03 00:00:00-04:00,22.154645548167004,22.509346890992905,21.941825283702762,22.175928115844727,1494400,0.0,0.0,ACI
2022-05-04 00:00:00-04:00,22.20430363297217,22.637039706412935,21.956013774189685,22.566099166870117,1775700,0.0,0.0,ACI
2022-05-05 00:00:00-04:00,22.55899977254413,22.55899977254413,21.282075767712552,21.367204666137695,3074500,0.0,0.0,ACI
2022-05-06 00:00:00-04:00,21.196945728777685,21.700622198446904,21.047971855896705,21.360109329223633,1844500,0.0,0.0,ACI
2022-05-09 00:00:00-04:00,21.104725723828697,21.487803747789066,21.062161949970204,21.374298095703125,2301200,0.0,0.0,ACI
2022-05-10 00:00:00-04:00,21.35302003162925,21.743190947825138,21.040882486825634,21.49489974975586,2281300,0.0,0.0,ACI
2022-05-11 00:00:00-04:00,21.494899087184013,21.84605398339864,21.104728183014988,21.175668716430664,1994800,0.0,0.0,ACI
2022-05-12 00:00:00-04:00,21.118915884051717,21.70488258756128,20.98412901018584,21.26079559326172,1681800,0.0,0.0,ACI
2022-05-13 00:00:00-04:00,21.445237349625188,21.445237349625188,20.9805795759421,21.253698348999023,1563000,0.0,0.0,ACI
2022-05-16 00:00:00-04:00,21.587120472879963,21.67224802375852,21.09763231955517,21.204042434692383,1858500,0.0,0.0,ACI
2022-05-17 00:00:00-04:00,20.92737812423741,21.16148094404643,20.5372072089151,20.74293327331543,2877800,0.0,0.0,ACI
2022-05-18 00:00:00-04:00,19.778146701929067,19.9391819593232,19.132590352480637,19.22481346130371,3995800,0.0,0.0,ACI
2022-05-19 00:00:00-04:00,18.98361341712566,19.494382793374232,18.806262770126818,19.217716217041016,4584400,0.0,0.0,ACI
2022-05-20 00:00:00-04:00,19.224810106017177,19.533399848129484,19.033271085501383,19.51566505432129,2122200,0.0,0.0,ACI
2022-05-23 00:00:00-04:00,19.66463924260569,20.33147805386044,19.47310157227897,20.054811477661133,2111300,0.0,0.0,ACI
2022-05-24 00:00:00-04:00,19.678829318193635,21.005412866996224,19.43763230932044,20.778404235839844,8261500,0.0,0.0,ACI
2022-05-25 00:00:00-04:00,20.55848661827756,21.239513804462536,20.409512724689687,21.055068969726562,2778800,0.0,0.0,ACI
2022-05-26 00:00:00-04:00,21.28207624451188,21.76447018921329,21.083443045788368,21.459426879882812,2212400,0.0,0.0,ACI
2022-05-27 00:00:00-04:00,21.55164771897577,21.792844681299428,21.402673840934757,21.714811325073242,1591400,0.0,0.0,ACI
2022-05-31 00:00:00-04:00,21.50199237908192,21.91344583203921,21.310454705849338,21.67224884033203,1226800,0.0,0.0,ACI
2022-06-01 00:00:00-04:00,21.863787639079394,21.863787639079394,21.452334190404606,21.64387321472168,1555100,0.0,0.0,ACI
2022-06-02 00:00:00-04:00,21.80703616030178,22.040429955531998,21.445240665318153,21.963104248046875,1764000,0.0,0.0,ACI
2022-06-03 00:00:00-04:00,21.920540634706715,22.17592601027799,21.771566734342212,21.948917388916016,1789800,0.0,0.0,ACI
2022-06-06 00:00:00-04:00,22.19720956383354,22.19720956383354,21.395583811759415,21.49489974975586,1481300,0.0,0.0,ACI
2022-06-07 00:00:00-04:00,21.282076856649123,21.672247724456486,21.239513081797668,21.501991271972656,1391300,0.0,0.0,ACI
2022-06-08 00:00:00-04:00,21.416863578079546,21.416863578079546,20.707461020967333,20.750024795532227,1810100,0.0,0.0,ACI
2022-06-09 00:00:00-04:00,20.913187785599092,21.225325300436136,20.75002551653261,20.90609359741211,2666300,0.0,0.0,ACI
2022-06-10 00:00:00-04:00,20.686176887600638,21.324638869943296,20.643613116265232,21.253698348999023,2167700,0.0,0.0,ACI
2022-06-13 00:00:00-04:00,20.962848604002065,21.08344711344464,20.345669031561645,20.409515380859375,1834100,0.0,0.0,ACI
2022-06-14 00:00:00-04:00,20.686177615551756,20.742929763688714,19.94839968977129,20.08318519592285,2493400,0.0,0.0,ACI
2022-06-15 00:00:00-04:00,20.203788856931542,20.529404441044537,20.111567099982018,20.352764129638672,1609000,0.0,0.0,ACI
2022-06-16 00:00:00-04:00,19.74976841089683,20.366947912630938,19.685922068913566,19.920024871826172,2212500,0.0,0.0,ACI
2022-06-17 00:00:00-04:00,19.96258837492774,20.104469433628136,19.090023517231057,19.416349411010742,6241800,0.0,0.0,ACI
2022-06-21 00:00:00-04:00,19.423441427006757,20.576220582826217,19.423441427006757,20.5513916015625,1855300,0.0,0.0,ACI
2022-06-22 00:00:00-04:00,20.331479296956573,20.593958865790544,20.026435949122927,20.13994026184082,2097400,0.0,0.0,ACI
2022-06-23 00:00:00-04:00,20.721648162122538,21.25015366554403,20.437887408272545,20.66489601135254,3874100,0.0,0.0,ACI
2022-06-24 00:00:00-04:00,20.657803693574472,21.01250498303567,20.437887919892344,20.828060150146484,2529000,0.0,0.0,ACI
2022-06-27 00:00:00-04:00,20.83515444317816,21.168573169841842,20.721648785147455,20.941564559936523,2071800,0.0,0.0,ACI
2022-06-28 00:00:00-04:00,20.93447220813071,21.126011246944547,20.104471059682243,20.154129028320312,2413200,0.0,0.0,ACI
2022-06-29 00:00:00-04:00,20.239258369251893,20.459172814906808,19.65754705168626,19.969684600830078,2626200,0.0,0.0,ACI
2022-06-30 00:00:00-04:00,18.79917024621716,19.139683193862705,18.45156310969422,18.955238342285156,9126300,0.0,0.0,ACI
2022-07-01 00:00:00-04:00,19.0190821912725,19.558228297442756,18.99425321000159,19.55113410949707,4612800,0.0,0.0,ACI
2022-07-05 00:00:00-04:00,19.671733480692964,19.671733480692964,18.735322279112253,19.054553985595703,6482400,0.0,0.0,ACI
2022-07-06 00:00:00-04:00,18.997801832562875,19.16805829166136,18.699852690871005,19.054553985595703,4720700,0.0,0.0,ACI
2022-07-07 00:00:00-04:00,19.231903920019338,19.309937281872944,18.997801128302495,19.30284309387207,4823400,0.0,0.0,ACI
2022-07-08 00:00:00-04:00,19.33121848766874,19.33121848766874,19.022628773241163,19.104209899902344,3243100,0.0,0.0,ACI
2022-07-11 00:00:00-04:00,19.061647819871844,19.17515212382965,18.84882623514243,18.8772029876709,2297100,0.0,0.0,ACI
2022-07-12 00:00:00-04:00,18.799169540405273,19.040366540868046,18.731776778217608,18.799169540405273,2305600,0.0,0.0,ACI
2022-07-13 00:00:00-04:00,18.67147459245094,18.983612088179605,18.61827021392269,18.820449829101562,2675000,0.0,0.0,ACI
2022-07-14 00:00:00-04:00,18.579257893234367,18.919770879182806,18.44447099555874,18.742420196533203,2214600,0.0,0.0,ACI
2022-07-15 00:00:00-04:00,18.799168697416217,18.898484627360983,18.437373212945634,18.494125366210938,2149600,0.0,0.0,ACI
2022-07-18 00:00:00-04:00,18.77788456614842,18.841730902380792,18.62181649595703,18.67147445678711,3186600,0.0,0.0,ACI
2022-07-19 00:00:00-04:00,18.85592169621545,18.941050606469773,18.70694779461804,18.799169540405273,3116300,0.0,0.0,ACI
2022-07-20 00:00:00-04:00,18.799168620408942,19.09711776210081,18.756604843903837,19.054553985595703,2873000,0.0,0.0,ACI
2022-07-21 00:00:00-04:00,19.153869974127375,19.153869974127375,18.543783312336856,18.692758560180664,2605700,0.0,0.0,ACI
2022-07-22 00:00:00-04:00,18.692759417395965,18.8842984506596,18.651613664683197,18.799169540405273,2659600,0.0,0.0,ACI
2022-07-25 00:00:00-04:00,18.891812947496337,19.077096827086446,18.649518747973367,18.834802627563477,4108400,0.12,0.0,ACI
2022-07-26 00:00:00-04:00,18.991578474823974,19.22674618729898,18.449979818377557,18.898937225341797,5824800,0.0,0.0,ACI
2022-07-27 00:00:00-04:00,18.884683439248978,19.062840830185287,18.53549511612177,18.970199584960938,3084700,0.0,0.0,ACI
2022-07-28 00:00:00-04:00,19.01295480134032,19.169732798090322,18.75640775281044,19.13410186767578,3477200,0.0,0.0,ACI
2022-07-29 00:00:00-04:00,19.06996510554331,19.226743102293312,18.9701974129963,19.13410186767578,2147800,0.0,0.0,ACI
2022-08-01 00:00:00-04:00,19.13410186767578,19.240996018152273,19.04145927382538,19.13410186767578,2144400,0.0,0.0,ACI
2022-08-02 00:00:00-04:00,19.219617595997118,19.23743442131943,18.820545446816684,19.18398666381836,2697800,0.0,0.0,ACI
2022-08-03 00:00:00-04:00,19.24100021956935,19.382813093403207,18.920316338883264,19.09134864807129,2241700,0.0,0.0,ACI
2022-08-04 00:00:00-04:00,19.098472595214844,19.240999057855152,18.87043134237682,19.098472595214844,2457900,0.0,0.0,ACI
2022-08-05 00:00:00-04:00,19.027209242895488,19.283754952763612,18.8668673247073,19.276628494262695,2781000,0.0,0.0,ACI
2022-08-08 00:00:00-04:00,19.27663158075148,19.953630295173873,19.27663158075148,19.81110382080078,4069800,0.0,0.0,ACI
2022-08-09 00:00:00-04:00,19.946503539051744,20.91568028822348,19.914435150756113,20.423965454101562,7594800,0.0,0.0,ACI
2022-08-10 00:00:00-04:00,20.36695556003095,20.673386530279156,20.131787827390056,20.502355575561523,3898100,0.0,0.0,ACI
2022-08-11 00:00:00-04:00,20.64487874799526,20.84441552266433,20.441779423436152,20.602121353149414,2678700,0.0,0.0,ACI
2022-08-12 00:00:00-04:00,20.523728721789396,20.539407473064493,19.56880509861512,20.003509521484375,4357000,0.0,0.0,ACI
2022-08-15 00:00:00-04:00,19.875239253614875,20.288564370252015,19.811102480409705,20.131786346435547,1803200,0.0,0.0,ACI
2022-08-16 00:00:00-04:00,20.11753458095586,20.611387491089392,20.067650723211703,20.445344924926758,2297100,0.0,0.0,ACI
2022-08-17 00:00:00-04:00,20.359826001418686,20.527294380420866,20.174542155534635,20.288562774658203,1837400,0.0,0.0,ACI
2022-08-18 00:00:00-04:00,20.28143922110773,20.52729732068567,20.13891410640492,20.459596633911133,1911900,0.0,0.0,ACI
2022-08-19 00:00:00-04:00,20.452471717006365,20.523733595380477,20.238682004184426,20.502355575561523,1814700,0.0,0.0,ACI
2022-08-22 00:00:00-04:00,20.480973422484425,20.537983733001933,20.17810640271637,20.34557342529297,1667400,0.0,0.0,ACI
2022-08-23 00:00:00-04:00,20.331322609551187,20.43821677577096,20.00351229267973,20.16029167175293,1221300,0.0,0.0,ACI
2022-08-24 00:00:00-04:00,20.188796392497288,20.260059623916327,20.039144829827087,20.1959228515625,1420200,0.0,0.0,ACI
2022-08-25 00:00:00-04:00,20.210174297990438,20.309941999172164,19.960753685803127,20.274311065673828,1369100,0.0,0.0,ACI
2022-08-26 00:00:00-04:00,20.309944661013898,20.37408143710312,19.775472433092478,19.960756301879883,1380700,0.0,0.0,ACI
2022-08-29 00:00:00-04:00,19.85386140842387,20.260060069441817,19.665013637125636,20.0462703704834,1605200,0.0,0.0,ACI
2022-08-30 00:00:00-04:00,20.124659534218075,20.20304922436763,19.511797649557383,19.526050567626953,1379000,0.0,0.0,ACI
2022-08-31 00:00:00-04:00,19.533175555988993,19.82535355825139,19.32651369647234,19.60443878173828,2292600,0.0,0.0,ACI
2022-09-01 00:00:00-04:00,19.526049680814715,19.711333529604865,19.433408436036146,19.697080612182617,1572000,0.0,0.0,ACI
2022-09-02 00:00:00-04:00,19.946503774431488,20.08903024836799,19.56880956996299,19.689956665039062,1808900,0.0,0.0,ACI
2022-09-06 00:00:00-04:00,19.875238756594165,20.224427091293972,19.732713654661445,19.932249069213867,4247900,0.0,0.0,ACI
2022-09-07 00:00:00-04:00,19.953629160220686,20.908552950198466,19.953629160220686,20.81591033935547,5352100,0.0,0.0,ACI
2022-09-08 00:00:00-04:00,20.65912844584816,21.008316727665658,20.381203383821205,20.59499168395996,3796100,0.0,0.0,ACI
2022-09-09 00:00:00-04:00,20.73752279602329,21.50003629335248,20.71614341749917,21.172225952148438,5920000,0.0,0.0,ACI
2022-09-12 00:00:00-04:00,21.16509828152972,21.329002752610176,20.84441443877839,20.95843505859375,2422700,0.0,0.0,ACI
2022-09-13 00:00:00-04:00,20.837286084948367,21.25773759198909,20.238677205745738,20.431087493896484,2887500,0.0,0.0,ACI
2022-09-14 00:00:00-04:00,20.530858776650557,20.741084566923547,20.35982783258267,20.39546012878418,4392000,0.0,0.0,ACI
2022-09-15 00:00:00-04:00,20.281432445950003,20.388327945309392,19.56880303279534,19.66144561767578,5449300,0.0,0.0,ACI
2022-09-16 00:00:00-04:00,19.632943272173314,19.878801333242997,19.469038804282174,19.504671096801758,8573400,0.0,0.0,ACI
2022-09-19 00:00:00-04:00,19.31938690008059,19.682828121735735,19.269503050698447,19.547428131103516,3118600,0.0,0.0,ACI
2022-09-20 00:00:00-04:00,19.36214934564324,19.440539048983624,18.884687383833587,18.984455108642578,3368100,0.0,0.0,ACI
2022-09-21 00:00:00-04:00,19.02008424022496,19.19824163868543,18.7635371514873,18.777790069580078,1751900,0.0,0.0,ACI
2022-09-22 00:00:00-04:00,18.71365468251287,18.863306255864455,18.542623730439697,18.678022384643555,2662400,0.0,0.0,ACI
2022-09-23 00:00:00-04:00,18.407221066179186,18.52836814302211,17.637581213069126,17.694591522216797,4618400,0.0,0.0,ACI
2022-09-26 00:00:00-04:00,17.694592294464154,17.91550708214867,17.45229813020383,17.829992294311523,3316400,0.0,0.0,ACI
2022-09-27 00:00:00-04:00,17.92976302887925,18.01527919039635,17.345406896084448,17.573448181152344,3048300,0.0,0.0,ACI
2022-09-28 00:00:00-04:00,17.658961225073003,18.278948189491757,17.53068768506001,18.236190795898438,3077700,0.0,0.0,ACI
2022-09-29 00:00:00-04:00,18.100795882142187,18.22906945819111,17.847812640064266,18.02240753173828,2653900,0.0,0.0,ACI
2022-09-30 00:00:00-04:00,18.086539272121094,18.11504510953359,17.623330288033152,17.715972900390625,2668500,0.0,0.0,ACI
2022-10-03 00:00:00-04:00,17.815742018831166,18.364467199227146,17.687468458818262,18.28607749938965,2436800,0.0,0.0,ACI
2022-10-04 00:00:00-04:00,18.528369401529304,18.678020963494394,18.257570754492583,18.328832626342773,3284900,0.0,0.0,ACI
2022-10-05 00:00:00-04:00,18.172052987327767,18.535494210182275,18.065158829837134,18.164926528930664,3390200,0.0,0.0,ACI
2022-10-06 00:00:00-04:00,18.029528724027593,18.271822901976723,17.983208777679323,18.00102424621582,2700700,0.0,0.0,ACI
2022-10-07 00:00:00-04:00,17.993896191673624,18.115043269907677,17.35609241628749,17.4095401763916,2420800,0.0,0.0,ACI
2022-10-10 00:00:00-04:00,17.594824309267178,18.086537729598362,17.566318474285822,17.993896484375,2182100,0.0,0.0,ACI
2022-10-11 00:00:00-04:00,18.015276744709947,18.592506339079694,18.015276744709947,18.471359252929688,2994700,0.0,0.0,ACI
2022-10-12 00:00:00-04:00,18.492738219059515,18.70652655022602,18.293201446533203,18.293201446533203,2501200,0.0,0.0,ACI
2022-10-13 00:00:00-04:00,18.20055994596003,20.80165761543597,18.043780569998567,20.402584075927734,29008300,0.0,0.0,ACI
2022-10-14 00:00:00-04:00,19.26237983660171,19.419157869527158,18.610323057541624,18.678022384643555,40538900,0.0,0.0,ACI
2022-10-17 00:00:00-04:00,18.93457034763767,18.98445420767477,18.571129048353217,18.834802627563477,13199400,0.0,0.0,ACI
2022-10-18 00:00:00-04:00,19.098472956821503,19.141231711963034,18.784916907848952,19.055715560913086,14475200,0.0,0.0,ACI
2022-10-19 00:00:00-04:00,19.055717397555863,19.433411615643923,18.955949677742627,19.383527755737305,12423400,0.0,0.0,ACI
2022-10-20 00:00:00-04:00,19.419155536998403,19.675702613909642,19.32651429213213,19.597312927246094,11711300,0.0,0.0,ACI
2022-10-21 00:00:00-04:00,19.59731402232604,20.024374866128536,19.521392295663013,20.005393981933594,14576800,6.85,0.0,ACI
2022-10-24 00:00:00-04:00,20.07182376502756,20.11927597196526,19.644764763287935,19.73017692565918,6578300,0.0,0.0,ACI
2022-10-25 00:00:00-04:00,19.720685664360374,19.924725620417746,19.63527350554024,19.644763946533203,5891700,0.0,0.0,ACI
2022-10-26 00:00:00-04:00,19.644765318204335,19.872530487589266,19.02789928140557,19.38852882385254,7401700,0.0,0.0,ACI
2022-10-27 00:00:00-04:00,19.445469901116557,19.50241074162892,19.132292563123514,19.322097778320312,4815500,0.0,0.0,ACI
2022-10-28 00:00:00-04:00,19.408015878328943,19.723050004407135,19.37937575019506,19.455747604370117,4472100,0.12,0.0,ACI
2022-10-31 00:00:00-04:00,19.455745761205115,19.708728983632817,19.455745761205115,19.579851150512695,4724200,0.0,0.0,ACI
2022-11-01 00:00:00-04:00,19.665770401749732,19.751688960203158,19.37937459995547,19.398468017578125,3500200,0.0,0.0,ACI
2022-11-02 00:00:00-04:00,19.455748410005032,19.856701116239122,19.398469972214077,19.52257537841797,4143200,0.0,0.0,ACI
2022-11-03 00:00:00-04:00,19.570307359384323,20.09536365776002,19.551213939590983,19.97126007080078,8889900,0.0,0.0,ACI
2022-11-04 00:00:00-04:00,20.467674508970727,20.71588346067098,20.104906879236353,20.29583740234375,4913900,0.0,0.0,ACI
2022-11-07 00:00:00-05:00,20.53450050003013,20.582232222368393,19.703955057065553,19.90443229675293,4220500,0.0,0.0,ACI
2022-11-08 00:00:00-05:00,19.808968915497694,19.90443419010356,19.422335372725833,19.656225204467773,4951700,0.0,0.0,ACI
2022-11-09 00:00:00-05:00,19.742141815103732,19.84715378885912,19.40801429748535,19.40801429748535,2843000,0.0,0.0,ACI
2022-11-10 00:00:00-05:00,19.6562263951346,19.713504835028267,19.465295834357335,19.589401245117188,4925800,0.0,0.0,ACI
2022-11-11 00:00:00-05:00,19.637131924396694,19.761237328517517,19.541666649114987,19.5703067779541,2960300,0.0,0.0,ACI
2022-11-14 00:00:00-05:00,19.656225204467773,19.947393472633767,19.436656347468347,19.656225204467773,2480600,0.0,0.0,ACI
2022-11-15 00:00:00-05:00,20.009440025326594,20.114451986763626,19.647628369803186,19.789871215820312,4154800,0.0,0.0,ACI
2022-11-16 00:00:00-05:00,19.732595712258437,20.05717653124051,19.684863988639883,19.93307113647461,3417100,0.0,0.0,ACI
2022-11-17 00:00:00-05:00,19.761240156945693,19.99226400759245,19.53212273513653,19.675321578979492,2519500,0.0,0.0,ACI
2022-11-18 00:00:00-05:00,19.78987669516942,19.89488868568179,19.379377264092444,19.589401245117188,6182100,0.0,0.0,ACI
2022-11-21 00:00:00-05:00,19.63712884764101,19.856697671792702,19.50347857569622,19.513025283813477,2628500,0.0,0.0,ACI
2022-11-22 00:00:00-05:00,19.560759741617403,19.775556152201325,19.560759741617403,19.618038177490234,2744500,0.0,0.0,ACI
2022-11-23 00:00:00-05:00,19.6180354314065,19.742140816082422,19.493931867578965,19.513025283813477,1873400,0.0,0.0,ACI
2022-11-25 00:00:00-05:00,19.579853637791054,19.751690770446785,19.570306928104767,19.73259735107422,906100,0.0,0.0,ACI
2022-11-28 00:00:00-05:00,19.713501895386084,19.837607287639564,19.637130046633366,19.818513870239258,3248900,0.0,0.0,ACI
2022-11-29 00:00:00-05:00,19.94261814068609,20.009443283081055,19.7421427135012,20.009443283081055,2309900,0.0,0.0,ACI
2022-11-30 00:00:00-05:00,19.961712073398786,20.05717734535936,19.8805677757839,19.99989891052246,2096700,0.0,0.0,ACI
2022-12-01 00:00:00-05:00,20.057178490611278,20.09536350906668,19.78510363353995,19.808969497680664,2142300,0.0,0.0,ACI
2022-12-02 00:00:00-05:00,19.73259703805856,20.07627129791837,19.675318601698148,20.02853775024414,1420400,0.0,0.0,ACI
2022-12-05 00:00:00-05:00,19.9330714316513,20.100136108487277,19.885339707325915,20.009443283081055,2055600,0.0,0.0,ACI
2022-12-06 00:00:00-05:00,20.104907560845312,20.200372825635533,19.91493297671519,20.11445426940918,2309000,0.0,0.0,ACI
2022-12-07 00:00:00-05:00,20.18127993201559,20.48676733058994,20.143094917618058,20.477222442626953,1985500,0.0,0.0,ACI
2022-12-08 00:00:00-05:00,20.448582715589747,20.649058142001614,19.56171293275715,20.591779708862305,3323800,0.0,0.0,ACI
2022-12-09 00:00:00-05:00,20.477223541193478,20.60132712070405,20.37221155948164,20.410396575927734,1302400,0.0,0.0,ACI
2022-12-12 00:00:00-05:00,20.381758615296857,20.381758615296857,19.842381364855633,19.990352630615234,2956200,0.0,0.0,ACI
2022-12-13 00:00:00-05:00,20.028535607213477,20.18127930173029,19.923525455263462,20.076269149780273,1794500,0.0,0.0,ACI
2022-12-14 00:00:00-05:00,20.07626685651757,20.143091987629344,19.85669622748826,19.875789642333984,1992300,0.0,0.0,ACI
2022-12-15 00:00:00-05:00,19.923524483777918,19.980802911216667,19.632356261287676,19.723047256469727,2605400,0.0,0.0,ACI
2022-12-16 00:00:00-05:00,19.75168738061329,19.770778975860622,19.532116737209392,19.723047256469727,3500600,0.0,0.0,ACI
2022-12-19 00:00:00-05:00,19.76123718861909,19.894887480558108,19.503481493437853,19.656225204467773,2125700,0.0,0.0,ACI
2022-12-20 00:00:00-05:00,19.59894705716362,20.0094446485817,19.570306928104767,19.73259735107422,2226400,0.0,0.0,ACI
2022-12-21 00:00:00-05:00,19.837609022093204,20.02853775024414,19.770782055349283,20.02853775024414,1846400,0.0,0.0,ACI
2022-12-22 00:00:00-05:00,19.999899442488264,20.04763116931383,19.856700620314236,20.02853775024414,1369100,0.0,0.0,ACI
2022-12-23 00:00:00-05:00,19.99989855474723,20.219467401756642,19.91397999359597,20.171733856201172,1420300,0.0,0.0,ACI
2022-12-27 00:00:00-05:00,20.08581805767301,20.209921640238978,20.052403663793175,20.15264320373535,919500,0.0,0.0,ACI
2022-12-28 00:00:00-05:00,20.190826010243647,20.248104440475334,19.98080388549515,20.076269149780273,1836100,0.0,0.0,ACI
2022-12-29 00:00:00-05:00,20.057177878848677,20.190828170639197,20.009444331174446,20.02853775024414,1436800,0.0,0.0,ACI
2022-12-30 00:00:00-05:00,19.942616384289167,20.066721769962594,19.65144815734198,19.799419403076172,3136000,0.0,0.0,ACI
2023-01-03 00:00:00-05:00,19.866248266280355,19.904435106219747,19.727825523621938,19.76123809814453,2855100,0.0,0.0,ACI
2023-01-04 00:00:00-05:00,19.81851341922544,19.98080382173775,19.71350144676204,19.952163696289062,2445300,0.0,0.0,ACI
2023-01-05 00:00:00-05:00,19.91397900539028,19.93307060181649,19.785101170058784,19.90443229675293,1660500,0.0,0.0,ACI
2023-01-06 00:00:00-05:00,20.00944225625163,20.015170645548256,19.85192611738231,19.86624526977539,2769600,0.0,0.0,ACI
2023-01-09 00:00:00-05:00,19.894888212476157,20.076272058815412,19.86624808278615,19.97126007080078,4522500,0.0,0.0,ACI
2023-01-10 00:00:00-05:00,20.19082743322579,20.33402442932129,19.971258584489455,20.33402442932129,2453200,0.0,0.0,ACI
2023-01-11 00:00:00-05:00,20.28628982470032,20.467673631793996,20.143092848930923,20.43903350830078,2727900,0.0,0.0,ACI
2023-01-12 00:00:00-05:00,20.591780705747198,20.620420834127653,20.40085197909011,20.48676872253418,1956100,0.0,0.0,ACI
2023-01-13 00:00:00-05:00,20.42948797839084,20.467674811916897,20.36266284056868,20.372209548950195,1662100,0.0,0.0,ACI
2023-01-17 00:00:00-05:00,20.391306741546472,20.462904336392803,20.23856302085576,20.24810791015625,2044600,0.0,0.0,ACI
2023-01-18 00:00:00-05:00,20.276746196274647,20.314933033398322,19.894886929280972,19.99989891052246,3607500,0.0,0.0,ACI
2023-01-19 00:00:00-05:00,20.23855948823056,20.23855948823056,19.86624514079146,19.952163696289062,2793400,0.0,0.0,ACI
2023-01-20 00:00:00-05:00,19.99990005918785,20.066725207143673,19.96171321987097,20.057178497314453,2982800,0.0,0.0,ACI
2023-01-23 00:00:00-05:00,20.13354758001196,20.31302133002679,20.05240146807264,20.076269149780273,3184600,0.0,0.0,ACI
2023-01-24 00:00:00-05:00,20.11445622768471,20.267199937880285,20.03808437258692,20.238561630249023,2832400,0.0,0.0,ACI
2023-01-25 00:00:00-05:00,20.190553665161133,20.257759207184286,20.16175050520249,20.190553665161133,2025700,0.12,0.0,ACI
2023-01-26 00:00:00-05:00,20.190555863900954,20.32496696258455,20.161752700805664,20.161752700805664,2651400,0.0,0.0,ACI
2023-01-27 00:00:00-05:00,20.161753241299937,20.358570283025976,20.161753241299937,20.34416961669922,1622400,0.0,0.0,ACI
2023-01-30 00:00:00-05:00,20.34417235719294,20.36817408137537,20.248163629249053,20.324970245361328,1757000,0.0,0.0,ACI
2023-01-31 00:00:00-05:00,20.2769646019192,20.42097676263795,20.22895932753697,20.353771209716797,2019100,0.0,0.0,ACI
2023-02-01 00:00:00-05:00,20.286562225347478,20.545785192921713,20.27696300244221,20.49778175354004,2320300,0.0,0.0,ACI
2023-02-02 00:00:00-05:00,20.497785030873914,20.632196147604287,20.267365188815795,20.488183975219727,2177200,0.0,0.0,ACI
2023-02-03 00:00:00-05:00,20.4977805599955,20.555385050142082,20.411372909168765,20.54578399658203,1559800,0.0,0.0,ACI
2023-02-06 00:00:00-05:00,20.56498879721725,20.728203066687783,20.488182189890765,20.593791961669922,2251500,0.0,0.0,ACI
2023-02-07 00:00:00-05:00,20.55538732685512,20.55538732685512,20.382572006060638,20.516984939575195,1894600,0.0,0.0,ACI
2023-02-08 00:00:00-05:00,20.49778270564802,20.64179486169614,20.3537705495999,20.411375045776367,2297400,0.0,0.0,ACI
2023-02-09 00:00:00-05:00,20.430572647304118,20.478576078324508,20.19055182977513,20.296159744262695,3005600,0.0,0.0,ACI
2023-02-10 00:00:00-05:00,20.353770428677027,20.516984692885607,20.248160660302677,20.478580474853516,2081800,0.0,0.0,ACI
2023-02-13 00:00:00-05:00,20.488182731024345,20.495862842595653,20.368172289456123,20.430578231811523,1176700,0.0,0.0,ACI
2023-02-14 00:00:00-05:00,20.43057894841475,20.43057894841475,20.219359391869176,20.305767059326172,2603800,0.0,0.0,ACI
2023-02-15 00:00:00-05:00,20.344166855846535,20.406570955603073,20.113747069818434,20.190553665161133,2461000,0.0,0.0,ACI
2023-02-16 00:00:00-05:00,20.180954935991064,20.344169198792663,20.156953215534866,20.267362594604492,1413100,0.0,0.0,ACI
2023-02-17 00:00:00-05:00,20.286562922228345,20.416174410467857,20.22895842674875,20.372970581054688,2776200,0.0,0.0,ACI
2023-02-21 00:00:00-05:00,20.34416913480172,20.641794496192986,20.25776147646008,20.612991333007812,2412900,0.0,0.0,ACI
2023-02-22 00:00:00-05:00,20.632194397266645,20.699399949930427,20.497783291939072,20.52658462524414,2835500,0.0,0.0,ACI
2023-02-23 00:00:00-05:00,19.969735097901786,20.113749080880474,19.825722946136956,19.95053482055664,12031500,0.0,0.0,ACI
2023-02-24 00:00:00-05:00,19.873728872729732,19.897730593612845,19.68171144323697,19.720115661621094,4555000,0.0,0.0,ACI
2023-02-27 00:00:00-05:00,19.71051393203713,19.76811842642672,19.393686466073603,19.43208885192871,10173200,0.0,0.0,ACI
2023-02-28 00:00:00-05:00,19.374484340296082,19.489693328972724,19.048055820355827,19.086458206176758,7879800,0.0,0.0,ACI
2023-03-01 00:00:00-05:00,19.009653042955833,19.182468370272268,18.75523149508108,19.076860427856445,8105500,0.0,0.0,ACI
2023-03-02 00:00:00-05:00,19.240074700187076,19.364884752574504,18.971250654226623,19.076860427856445,5569700,0.0,0.0,ACI
2023-03-03 00:00:00-05:00,19.21126926200492,19.307277969288453,19.086457393172196,19.278474807739258,5447800,0.0,0.0,ACI
2023-03-06 00:00:00-05:00,19.345680894251686,19.44168960421899,19.2400729613801,19.288076400756836,4746600,0.0,0.0,ACI
2023-03-07 00:00:00-05:00,19.27847629851658,19.34568184944783,19.0576575365385,19.201669692993164,3810200,0.0,0.0,ACI
2023-03-08 00:00:00-05:00,19.240072134717927,19.326477955640804,19.1344623751701,19.30727767944336,2412100,0.0,0.0,ACI
2023-03-09 00:00:00-05:00,19.32647986334041,19.35048341558065,19.124863209262706,19.134464263916016,5994400,0.0,0.0,ACI
2023-03-10 00:00:00-05:00,19.182468539509024,19.211271704720545,19.000053986811437,19.115262985229492,3017800,0.0,0.0,ACI
2023-03-13 00:00:00-04:00,19.00005249205263,19.086458318461506,18.846437454223633,18.846437454223633,3820200,0.0,0.0,ACI
2023-03-14 00:00:00-04:00,18.884842211009634,18.985650537378227,18.80803560550776,18.85603904724121,3517100,0.0,0.0,ACI
2023-03-15 00:00:00-04:00,18.875240207471233,19.00005207964558,18.7600312206175,18.942445755004883,4131300,0.0,0.0,ACI
2023-03-16 00:00:00-04:00,18.961647149618706,18.961647149618706,18.73122735336899,18.894441604614258,3506500,0.0,0.0,ACI
2023-03-17 00:00:00-04:00,18.769633543684343,18.817638822147273,18.52001342053364,18.721630096435547,19088600,0.0,0.0,ACI
2023-03-20 00:00:00-04:00,18.77923208941005,18.798434198228737,18.37599696028711,18.433603286743164,9617800,0.0,0.0,ACI
2023-03-21 00:00:00-04:00,18.52000880227046,18.731226481194415,18.443200375883197,18.568012237548828,8973000,0.0,0.0,ACI
2023-03-22 00:00:00-04:00,18.702426370007416,18.93284619308924,18.68322426028044,18.86564064025879,4922500,0.0,0.0,ACI
2023-03-23 00:00:00-04:00,18.894445566512374,19.13446646683654,18.836841063174536,19.105663299560547,4773500,0.0,0.0,ACI
2023-03-24 00:00:00-04:00,19.105659631631667,19.393685755453525,19.067257247183694,19.384084701538086,4375800,0.0,0.0,ACI
2023-03-27 00:00:00-04:00,19.47049294959462,19.537698497839312,19.422487678552805,19.49929428100586,4716000,0.0,0.0,ACI
2023-03-28 00:00:00-04:00,19.54729872109305,19.61450426648084,19.43208790670415,19.518495559692383,2797900,0.0,0.0,ACI
2023-03-29 00:00:00-04:00,19.61450564201838,19.62410669649191,19.451291378396153,19.508895874023438,9510700,0.0,0.0,ACI
2023-03-30 00:00:00-04:00,19.57610142887882,19.700913305851138,19.556901151141,19.681711196899414,3516000,0.0,0.0,ACI
2023-03-31 00:00:00-04:00,19.7777195059533,19.97933615218129,19.739315288835286,19.95053482055664,2834700,0.0,0.0,ACI
2023-04-03 00:00:00-04:00,20.02734201299007,20.142551005307023,19.961096018361555,20.065744400024414,3531300,0.0,0.0,ACI
2023-04-04 00:00:00-04:00,19.98893941236037,20.113751300553798,19.873730410720047,19.921733856201172,2393800,0.0,0.0,ACI
2023-04-05 00:00:00-04:00,20.0081401491623,20.104148864746094,19.864127991393584,20.104148864746094,3851800,0.0,0.0,ACI
2023-04-06 00:00:00-04:00,20.21935790589858,20.248161070005455,20.0657446930898,20.20975685119629,3081100,0.0,0.0,ACI
2023-04-10 00:00:00-04:00,20.18095634223654,20.39217406066857,20.18095634223654,20.363370895385742,3920000,0.0,0.0,ACI
2023-04-11 00:00:00-04:00,20.008140271453577,20.161753484840965,19.90253050054452,20.036943435668945,7666300,0.0,0.0,ACI
2023-04-12 00:00:00-04:00,19.988937371080276,20.017740534155994,19.806521000695138,19.81612205505371,4893600,0.0,0.0,ACI
2023-04-13 00:00:00-04:00,19.787320185055034,19.89292811769947,19.59530276553344,19.806520462036133,7409800,0.0,0.0,ACI
2023-04-14 00:00:00-04:00,19.82572389383917,19.88332839105592,19.739316232407074,19.86412811279297,3451800,0.0,0.0,ACI
2023-04-17 00:00:00-04:00,19.912131015430415,19.979336565563592,19.82572335634093,19.85452651977539,2430000,0.0,0.0,ACI
2023-04-18 00:00:00-04:00,19.854528300041974,19.969737301682297,19.854528300041974,19.921733856201172,2707400,0.0,0.0,ACI
2023-04-19 00:00:00-04:00,19.960136997634933,20.142551545565105,19.91213172353702,20.075345993041992,2616300,0.0,0.0,ACI
2023-04-20 00:00:00-04:00,20.132950197571475,20.238559967835037,20.065744646027,20.104148864746094,2625000,0.0,0.0,ACI
2023-04-21 00:00:00-04:00,20.084948676359176,20.152154234331352,19.93133544921875,19.93133544921875,4291500,0.0,0.0,ACI
2023-04-24 00:00:00-04:00,19.940933399713888,20.003337504562726,19.92173129150786,19.97933578491211,2152400,0.0,0.0,ACI
2023-04-25 00:00:00-04:00,20.00830459572562,20.24971754527661,19.998647856723423,20.240060806274414,2659100,0.12,0.0,ACI
2023-04-26 00:00:00-04:00,20.39456617972124,20.39456617972124,20.07590116949909,20.201435089111328,2605300,0.0,0.0,ACI
2023-04-27 00:00:00-04:00,20.17246537377296,20.29800113833634,20.162808634819267,20.230405807495117,3041400,0.0,0.0,ACI
2023-04-28 00:00:00-04:00,20.23040688153597,20.288345476499483,20.100043661492016,20.1821231842041,4889600,0.0,0.0,ACI
2023-05-01 00:00:00-04:00,20.259373214089177,20.326968541699227,20.13383929736116,20.28834342956543,2735900,0.0,0.0,ACI
2023-05-02 00:00:00-04:00,20.413879097604273,20.413879097604273,20.18695216999307,20.278688430786133,5515700,0.0,0.0,ACI
2023-05-03 00:00:00-04:00,20.307656257194928,20.384908320826863,20.114525177197848,20.133838653564453,5976700,0.0,0.0,ACI
2023-05-04 00:00:00-04:00,20.162811160131067,20.211094860946872,19.834491203757878,20.037277221679688,4660200,0.0,0.0,ACI
2023-05-05 00:00:00-04:00,20.037276247422994,20.143498542218143,19.94071069232147,20.09521484375,3198300,0.0,0.0,ACI
2023-05-08 00:00:00-04:00,20.172469053824372,20.196611826530273,19.979339765021937,19.988996505737305,2333700,0.0,0.0,ACI
2023-05-09 00:00:00-04:00,19.950366677057247,19.96002341638545,19.766892313490832,19.815176010131836,2882900,0.0,0.0,ACI
2023-05-10 00:00:00-04:00,19.795863772836263,19.85863166148827,19.69447076628404,19.77655029296875,2570000,0.0,0.0,ACI
2023-05-11 00:00:00-04:00,19.776552255864814,19.834492701218156,19.651018307935903,19.660675048828125,2824200,0.0,0.0,ACI
2023-05-12 00:00:00-04:00,19.660670593724866,19.815174729319853,19.409600912924372,19.506166458129883,7434700,0.0,0.0,ACI
2023-05-15 00:00:00-04:00,19.52547809370332,19.573761787223365,19.3516623225349,19.506166458129883,8144700,0.0,0.0,ACI
2023-05-16 00:00:00-04:00,19.46754293007672,19.704128465383324,19.45788618967289,19.602733612060547,3433000,0.0,0.0,ACI
2023-05-17 00:00:00-04:00,19.62204539003655,19.66067234829977,19.467541240653173,19.496511459350586,3409700,0.0,0.0,ACI
2023-05-18 00:00:00-04:00,19.554449581808182,19.593076539136856,19.327520812088984,19.583419799804688,2679400,0.0,0.0,ACI
2023-05-19 00:00:00-04:00,19.583419465883846,19.689639913057107,19.41925858370553,19.564105987548828,2472500,0.0,0.0,ACI
2023-05-22 00:00:00-04:00,19.564104712344072,19.573761450882145,19.351661990010076,19.486852645874023,2792400,0.0,0.0,ACI
2023-05-23 00:00:00-04:00,19.41925842012072,19.4868537518892,19.32269287109375,19.32269287109375,2055200,0.0,0.0,ACI
2023-05-24 00:00:00-04:00,19.409603118896484,19.50616867507702,19.342007782120543,19.409603118896484,1977500,0.0,0.0,ACI
2023-05-25 00:00:00-04:00,19.322693510177277,19.44822743878002,19.245441436767578,19.245441436767578,2515900,0.0,0.0,ACI
2023-05-26 00:00:00-04:00,19.197156309241773,19.467539466945162,19.197156309241773,19.390287399291992,3558200,0.0,0.0,ACI
2023-05-30 00:00:00-04:00,19.303380822914413,19.510996124060394,19.264755705543074,19.409603118896484,4110700,0.0,0.0,ACI
2023-05-31 00:00:00-04:00,19.399948570243076,19.728270393238695,19.370978347566407,19.660675048828125,22830000,0.0,0.0,ACI
2023-06-01 00:00:00-04:00,19.56410679447647,19.641358869168158,19.337178019266933,19.496511459350586,4409700,0.0,0.0,ACI
2023-06-02 00:00:00-04:00,19.457885569207466,19.81517758541641,19.457885569207466,19.79586410522461,5295500,0.0,0.0,ACI
2023-06-05 00:00:00-04:00,19.795861431540246,20.0034767109739,19.76689121516534,19.97933578491211,2602800,0.0,0.0,ACI
2023-06-06 00:00:00-04:00,19.94071102231362,20.249719330284353,19.916570093597436,20.11452865600586,3900000,0.0,0.0,ACI
2023-06-07 00:00:00-04:00,20.046933176260058,20.240062446450516,20.03727643647532,20.22075080871582,3646900,0.0,0.0,ACI
2023-06-08 00:00:00-04:00,20.191779923670474,20.211093402603222,20.046932515344327,20.1821231842041,2138100,0.0,0.0,ACI
2023-06-09 00:00:00-04:00,20.124185062830886,20.21109387823878,20.09038739482057,20.09521484375,1750200,0.0,0.0,ACI
2023-06-12 00:00:00-04:00,20.095213303978046,20.288344399382648,20.037274712090515,20.230405807495117,2702300,0.0,0.0,ACI
2023-06-13 00:00:00-04:00,20.17246647164641,20.36559757756205,20.13384135556412,20.298002243041992,3409400,0.0,0.0,ACI
2023-06-14 00:00:00-04:00,20.31731636472844,20.346284742247878,20.02761969669058,20.22075080871582,6771700,0.0,0.0,ACI
2023-06-15 00:00:00-04:00,20.22074982894697,20.51044464111328,20.085557320345956,20.51044464111328,8031400,0.0,0.0,ACI
2023-06-16 00:00:00-04:00,20.52010157501293,20.70357594010324,20.49113135678771,20.6359806060791,13976400,0.0,0.0,ACI
2023-06-20 00:00:00-04:00,20.48147570708526,20.713233781548166,20.48147570708526,20.703577041625977,6221400,0.0,0.0,ACI
2023-06-21 00:00:00-04:00,20.722888513197137,20.722888513197137,20.534586690813857,20.693920135498047,5694200,0.0,0.0,ACI
2023-06-22 00:00:00-04:00,20.71323200642854,20.82910919189453,20.65529157186089,20.82910919189453,2798900,0.0,0.0,ACI
2023-06-23 00:00:00-04:00,20.751857256657814,20.848422806400634,20.60218056246471,20.72288703918457,13584500,0.0,0.0,ACI
2023-06-26 00:00:00-04:00,20.684261490105506,20.959472103901742,20.631150346770333,20.925674438476562,2124800,0.0,0.0,ACI
2023-06-27 00:00:00-04:00,20.858079440584742,21.03672450951735,20.8339385137292,20.944988250732422,1984400,0.0,0.0,ACI
2023-06-28 00:00:00-04:00,20.993270540386938,21.060865873719994,20.814625467744612,20.973957061767578,1471200,0.0,0.0,ACI
2023-06-29 00:00:00-04:00,20.954646545311327,21.157432556152344,20.916019586007444,21.157432556152344,3385300,0.0,0.0,ACI
2023-06-30 00:00:00-04:00,21.14777437987528,21.176744597385408,20.993270236823935,21.07052230834961,3469500,0.0,0.0,ACI
2023-07-03 00:00:00-04:00,21.041555361910277,21.244341372751293,21.041555361910277,21.157432556152344,1603500,0.0,0.0,ACI
2023-07-05 00:00:00-04:00,21.244340434053182,21.244340434053182,21.02706840215615,21.0994930267334,2421000,0.0,0.0,ACI
2023-07-06 00:00:00-04:00,21.051209171306308,21.080179389286123,20.77117109817358,20.85807991027832,2022600,0.0,0.0,ACI
2023-07-07 00:00:00-04:00,20.906364403660845,21.186404353972005,20.906364403660845,21.138120651245117,3909900,0.0,0.0,ACI
2023-07-10 00:00:00-04:00,21.118806965351972,21.302279492428916,21.051209788085213,21.244340896606445,2728400,0.0,0.0,ACI
2023-07-11 00:00:00-04:00,21.27331097478562,21.408501644755813,21.215370537511472,21.350563049316406,4229100,0.0,0.0,ACI
2023-07-12 00:00:00-04:00,21.292621809984134,21.495409649135475,21.215369738363304,21.41815757751465,3118800,0.0,0.0,ACI
2023-07-13 00:00:00-04:00,21.37953169389027,21.50506746772181,21.282967980893414,21.369874954223633,2545100,0.0,0.0,ACI
2023-07-14 00:00:00-04:00,21.340905342224165,21.374703008184408,21.147774243735938,21.17674446105957,1505400,0.0,0.0,ACI
2023-07-17 00:00:00-04:00,21.128461863126756,21.311936232038452,21.051209788085213,21.244340896606445,2298900,0.0,0.0,ACI
2023-07-18 00:00:00-04:00,21.244342039474382,21.340907598929874,21.16708996027696,21.196060180664062,1973900,0.0,0.0,ACI
2023-07-19 00:00:00-04:00,21.17674556117444,21.278138564322447,21.157432081955367,21.244340896606445,1347200,0.0,0.0,ACI
2023-07-20 00:00:00-04:00,21.36022310981813,21.456786836618694,21.186405454641076,21.321596145629883,1805700,0.0,0.0,ACI
2023-07-21 00:00:00-04:00,21.408503875241895,21.408503875241895,21.20571600732402,21.253999710083008,1446200,0.0,0.0,ACI
2023-07-24 00:00:00-04:00,21.321591829826016,21.321591829826016,21.147774209832203,21.292621612548828,1738700,0.0,0.0,ACI
2023-07-25 00:00:00-04:00,21.438263016402423,21.438263016402423,20.564421141249223,21.03046989440918,3468600,0.12,0.0,ACI
2023-07-26 00:00:00-04:00,20.991634598611913,21.380008581305496,20.91881366664483,21.020761489868164,3711000,0.0,0.0,ACI
2023-07-27 00:00:00-04:00,21.02076156822724,21.059599892597987,20.74890070528493,20.816865921020508,2392100,0.0,0.0,ACI
2023-07-28 00:00:00-04:00,20.855701148995916,21.069308216462407,20.836281987969304,21.03046989440918,1485700,0.0,0.0,ACI
2023-07-31 00:00:00-04:00,21.059599883150728,21.190676449973356,21.040180720974064,21.09843635559082,2053600,0.0,0.0,ACI
2023-08-01 00:00:00-04:00,21.098434368369418,21.24407436715037,21.040178739239646,21.22465705871582,3229000,0.0,0.0,ACI
2023-08-02 00:00:00-04:00,21.11785405347183,21.22465758612457,21.06930800330955,21.079015731811523,2311300,0.0,0.0,ACI
2023-08-03 00:00:00-04:00,21.079017893642316,21.38971894305047,21.049891001322983,21.312044143676758,2297800,0.0,0.0,ACI
2023-08-04 00:00:00-04:00,21.312041060975286,21.389715849113653,21.10814358466643,21.11785316467285,1397300,0.0,0.0,ACI
2023-08-07 00:00:00-04:00,21.127565098855815,21.25378594917766,21.059599883150728,21.09843635559082,2146400,0.0,0.0,ACI
2023-08-08 00:00:00-04:00,21.13727371598056,21.13727371598056,20.933376226250786,21.059598922729492,2035500,0.0,0.0,ACI
2023-08-09 00:00:00-04:00,21.020760600147383,21.176110186649517,21.015906735781194,21.059598922729492,1087500,0.0,0.0,ACI
2023-08-10 00:00:00-04:00,21.108144602509693,21.205238555342817,21.079015861085818,21.156692504882812,970700,0.0,0.0,ACI
2023-08-11 00:00:00-04:00,21.195529796085577,21.292623752680594,21.020761044597187,21.040180206298828,1891600,0.0,0.0,ACI
2023-08-14 00:00:00-04:00,21.127565383911133,21.244076654716626,21.088727059033793,21.127565383911133,3105900,0.0,0.0,ACI
2023-08-15 00:00:00-04:00,21.127564279681188,21.28291386724469,21.127564279681188,21.214948654174805,2599200,0.0,0.0,ACI
2023-08-16 00:00:00-04:00,21.28291402692722,21.355734956855983,21.156693180552292,21.166400909423828,2164700,0.0,0.0,ACI
2023-08-17 00:00:00-04:00,21.185818372804796,21.438261897232746,21.08872442465358,21.11785316467285,2164500,0.0,0.0,ACI
2023-08-18 00:00:00-04:00,21.011051604171985,21.321750785822015,21.011051604171985,21.19552993774414,2106900,0.0,0.0,ACI
2023-08-21 00:00:00-04:00,21.214948957787218,21.239221983957677,20.845992293108797,21.040180206298828,2693700,0.0,0.0,ACI
2023-08-22 00:00:00-04:00,21.059598926185902,21.350878937946927,20.962504971627844,21.341169357299805,3560800,0.0,0.0,ACI
2023-08-23 00:00:00-04:00,21.273203848121078,21.56448385582147,21.263494267609317,21.51593780517578,4210300,0.0,0.0,ACI
2023-08-24 00:00:00-04:00,21.447973251342773,21.51593846509657,21.370298456779413,21.447973251342773,1637500,0.0,0.0,ACI
2023-08-25 00:00:00-04:00,21.51594155988627,21.51594155988627,21.21980578429528,21.43826675415039,1495700,0.0,0.0,ACI
2023-08-28 00:00:00-04:00,21.40913434437291,21.622741412532932,21.396513556386445,21.593612670898438,3363600,0.0,0.0,ACI
2023-08-29 00:00:00-04:00,21.564485150086078,21.865476608276367,21.4965199343377,21.865476608276367,2347800,0.0,0.0,ACI
2023-08-30 00:00:00-04:00,21.923732404438635,22.04995325577072,21.76838280960842,21.81692886352539,2328800,0.0,0.0,ACI
2023-08-31 00:00:00-04:00,21.75867198295401,21.904311988281602,21.72954324112323,21.74896240234375,4525900,0.0,0.0,ACI
2023-09-01 00:00:00-04:00,21.797510822708237,21.884895198361285,21.71983602789588,21.807218551635742,2007700,0.0,0.0,ACI
2023-09-05 00:00:00-04:00,21.7489618204683,22.040243675243623,21.739252240117814,21.894601821899414,3546800,0.0,0.0,ACI
2023-09-06 00:00:00-04:00,22.15675615978729,22.51600324495138,22.137336998013403,22.370363235473633,12671900,0.0,0.0,ACI
2023-09-07 00:00:00-04:00,22.42862027789197,22.68591770586369,22.370364640823777,22.389781951904297,8551700,0.0,0.0,ACI
2023-09-08 00:00:00-04:00,22.875249200063763,23.185948390597705,22.816993564816965,22.943214416503906,12480700,0.0,0.0,ACI
2023-09-11 00:00:00-04:00,22.982052741277275,23.079146701297446,22.90437794364379,22.943214416503906,6731300,0.0,0.0,ACI
2023-09-12 00:00:00-04:00,23.011182054578267,23.05972810983365,22.928651538348156,23.00147247314453,4298000,0.0,0.0,ACI
2023-09-13 00:00:00-04:00,22.962634375318785,23.050018757176424,22.90923260285986,23.03059959411621,3500900,0.0,0.0,ACI
2023-09-14 00:00:00-04:00,23.030598945283465,23.07914685156627,22.797574550865782,22.816993713378906,4247100,0.0,0.0,ACI
2023-09-15 00:00:00-04:00,22.797573660974912,22.962632832066934,22.797573660974912,22.855831146240234,17055800,0.0,0.0,ACI
2023-09-18 00:00:00-04:00,22.8364097121382,22.933503659339166,22.729606185025837,22.749025344848633,2971100,0.0,0.0,ACI
2023-09-19 00:00:00-04:00,22.76844752320547,22.826703158484104,22.6422248195363,22.661643981933594,5558100,0.0,0.0,ACI
2023-09-20 00:00:00-04:00,22.59367592416997,22.846119447848814,22.59367592416997,22.700477600097656,4651100,0.0,0.0,ACI
2023-09-21 00:00:00-04:00,22.681062270438563,22.719898741823545,22.457745615300464,22.496583938598633,2475800,0.0,0.0,ACI
2023-09-22 00:00:00-04:00,22.632515331934723,22.700480548693076,22.53542137145996,22.53542137145996,4246500,0.0,0.0,ACI
2023-09-25 00:00:00-04:00,22.49658473759965,22.610184800176974,22.477165575260866,22.583969116210938,1711400,0.0,0.0,ACI
2023-09-26 00:00:00-04:00,22.545129398665498,22.564548559804543,22.312105020736375,22.360652923583984,5607400,0.0,0.0,ACI
2023-09-27 00:00:00-04:00,22.341237620940376,22.341237620940376,22.147049679838524,22.15675926208496,6011600,0.0,0.0,ACI
2023-09-28 00:00:00-04:00,22.156757192789172,22.350945115755145,22.098501556664694,22.205305099487305,2893000,0.0,0.0,ACI
2023-09-29 00:00:00-04:00,22.20530592942029,22.292688460916327,21.816930068972628,22.08879280090332,4346300,0.0,0.0,ACI
2023-10-02 00:00:00-04:00,22.049951478777412,22.127628121845852,21.95285937876806,21.97227668762207,3790300,0.0,0.0,ACI
2023-10-03 00:00:00-04:00,21.904312774641927,22.088791109033288,21.904312774641927,22.040245056152344,2905700,0.0,0.0,ACI
2023-10-04 00:00:00-04:00,22.098501849617996,22.370364574991704,22.011117468316208,22.31210708618164,3036900,0.0,0.0,ACI
2023-10-05 00:00:00-04:00,22.30239929195462,22.36065678543325,22.127632367259103,22.15675926208496,2414100,0.0,0.0,ACI
2023-10-06 00:00:00-04:00,22.108208280524966,22.24413869788421,21.85673515649732,21.962568283081055,3491600,0.0,0.0,ACI
2023-10-09 00:00:00-04:00,21.943151811210395,22.331525802612305,21.896546561859513,22.331525802612305,4019500,0.0,0.0,ACI
2023-10-10 00:00:00-04:00,22.448040497027108,22.460661286844907,22.195596921970157,22.22472381591797,2154400,0.0,0.0,ACI
2023-10-11 00:00:00-04:00,22.108211680472362,22.26356128189163,22.001408135029113,22.059663772583008,2266400,0.0,0.0,ACI
2023-10-12 00:00:00-04:00,22.04024528585718,22.16646613581104,22.011116542677104,22.069372177124023,1801300,0.0,0.0,ACI
2023-10-13 00:00:00-04:00,22.0111155230813,22.108209477270744,21.74896240234375,21.74896240234375,3265800,0.0,0.0,ACI
2023-10-16 00:00:00-04:00,22.03053430912405,22.06937077899056,21.792654218006646,21.84605598449707,3133400,0.0,0.0,ACI
2023-10-17 00:00:00-04:00,21.80721685363943,22.030533491760675,21.554775179090274,21.962568283081055,2933600,0.0,0.0,ACI
2023-10-18 00:00:00-04:00,21.894601821899414,22.030534094893138,21.836346191709588,21.894601821899414,2240800,0.0,0.0,ACI
2023-10-19 00:00:00-04:00,21.758673377113844,21.88974994588119,21.65186983547084,21.69070816040039,2976300,0.0,0.0,ACI
2023-10-20 00:00:00-04:00,21.855768007548647,21.855768007548647,21.554778387770344,21.622743606567383,1975100,0.0,0.0,ACI
2023-10-23 00:00:00-04:00,21.55477880562979,21.622744025744396,21.263496909821445,21.321752548217773,2573700,0.0,0.0,ACI
2023-10-24 00:00:00-04:00,21.360586660825756,21.38000582043108,21.117852721498192,21.137271881103516,3982100,0.0,0.0,ACI
2023-10-25 00:00:00-04:00,21.08872567196059,21.253784838006283,21.08872567196059,21.185819625854492,2233800,0.0,0.0,ACI
2023-10-26 00:00:00-04:00,21.224658394132113,21.24407570378836,21.040180063048904,21.166400909423828,1851400,0.0,0.0,ACI
2023-10-27 00:00:00-04:00,21.21494947673757,21.25378594917766,21.0207615587974,21.09843635559082,1847100,0.0,0.0,ACI
2023-10-30 00:00:00-04:00,21.10820027254062,21.259529835371193,21.10820027254062,21.20583152770996,1743600,0.12,0.0,ACI
2023-10-31 00:00:00-04:00,21.18630599975586,21.244885124206778,21.147252008657386,21.18630599975586,2008800,0.0,0.0,ACI
2023-11-01 00:00:00-04:00,21.235120993483196,21.313227111155264,21.117960885876727,21.244884490966797,2716300,0.0,0.0,ACI
2023-11-02 00:00:00-04:00,21.283937279510834,21.45967651527838,21.26441214613417,21.2741756439209,1867700,0.0,0.0,ACI
2023-11-03 00:00:00-04:00,21.342519780179998,21.469441536017193,21.322992783221377,21.430389404296875,1131100,0.0,0.0,ACI
2023-11-06 00:00:00-05:00,21.449914121712453,21.56219155874459,21.43038898733065,21.49873161315918,1413500,0.0,0.0,ACI
2023-11-07 00:00:00-05:00,21.459678851990574,21.596365973691654,21.362045725688947,21.381572723388672,799000,0.0,0.0,ACI
2023-11-08 00:00:00-05:00,21.332755711053956,21.38157133994778,20.854355471546363,20.883644104003906,2333100,0.0,0.0,ACI
2023-11-09 00:00:00-05:00,20.88364472183891,20.932462214373853,20.571220218402974,20.73719596862793,2226300,0.0,0.0,ACI
2023-11-10 00:00:00-05:00,20.80553731847207,20.908053115402286,20.65908857425338,20.67861557006836,1496200,0.0,0.0,ACI
2023-11-13 00:00:00-05:00,20.590746977038645,20.70790523337232,20.580983478644686,20.639562606811523,1906300,0.0,0.0,ACI
2023-11-14 00:00:00-05:00,20.707904642782708,20.961750007195207,20.678616010633057,20.87388038635254,1920500,0.0,0.0,ACI
2023-11-15 00:00:00-05:00,20.99103946849264,21.088672582645913,20.825063733091106,20.912933349609375,2283900,0.0,0.0,ACI
2023-11-16 00:00:00-05:00,20.83482709005322,20.868998400446632,20.444296498273687,20.47358512878418,2411800,0.0,0.0,ACI
2023-11-17 00:00:00-05:00,20.483347600800276,20.53216508620151,20.346662366070134,20.512638092041016,2614400,0.0,0.0,ACI
2023-11-20 00:00:00-05:00,20.55169102611279,20.556573705943194,20.410124968375477,20.463821411132812,1624100,0.0,0.0,ACI
2023-11-21 00:00:00-05:00,20.50287592270795,20.77624827206823,20.444296798629598,20.746957778930664,2498900,0.0,0.0,ACI
2023-11-22 00:00:00-05:00,20.795776599081112,20.961752361290742,20.761605282937694,20.893409729003906,1099800,0.0,0.0,ACI
2023-11-24 00:00:00-05:00,20.893405504699867,21.086718280739554,20.893405504699867,20.961748123168945,1099100,0.0,0.0,ACI
2023-11-27 00:00:00-05:00,20.971514186606306,21.078910807168942,20.83482893294253,20.99104118347168,1618700,0.0,0.0,ACI
2023-11-28 00:00:00-05:00,20.981275117644877,21.03985423887599,20.9129324991758,20.961748123168945,1299500,0.0,0.0,ACI
2023-11-29 00:00:00-05:00,21.020331194220464,21.044739008641088,20.76160314721062,20.795774459838867,1597400,0.0,0.0,ACI
2023-11-30 00:00:00-05:00,20.79577313311933,21.342517824684037,20.766484502561873,21.254648208618164,7522500,0.0,0.0,ACI
2023-12-01 00:00:00-05:00,21.293701002815077,21.46944024044384,21.181423570373767,21.45967674255371,3083400,0.0,0.0,ACI
2023-12-04 00:00:00-05:00,21.469440013065114,21.586600124309076,21.23512165277398,21.2741756439209,2722400,0.0,0.0,ACI
2023-12-05 00:00:00-05:00,21.391333892968067,21.391333892968067,21.23024083497901,21.2741756439209,1394100,0.0,0.0,ACI
2023-12-06 00:00:00-05:00,21.28393664764745,21.459675878197768,21.28393664764745,21.332754135131836,1189700,0.0,0.0,ACI
2023-12-07 00:00:00-05:00,21.440149160129405,21.654942383441544,21.362043041342286,21.51825714111328,2114700,0.0,0.0,ACI
2023-12-08 00:00:00-05:00,21.59636645989587,21.786750036261846,21.5866029608262,21.664709091186523,2346600,0.0,0.0,ACI
2023-12-11 00:00:00-05:00,21.69399352836789,21.830680626697017,21.60612391594084,21.8209171295166,3403900,0.0,0.0,ACI
2023-12-12 00:00:00-05:00,21.840445984384097,21.879498114235783,21.508494500759,21.645179748535156,1434600,0.0,0.0,ACI
2023-12-13 00:00:00-05:00,21.84044583789586,22.006421578595177,21.57683697992692,21.899024963378906,3909100,0.0,0.0,ACI
2023-12-14 00:00:00-05:00,21.99665644920583,22.123578188705064,21.93319464835787,22.08452606201172,4387000,0.0,0.0,ACI
2023-12-15 00:00:00-05:00,22.211452471245416,22.377428234529418,22.045476707961413,22.12358283996582,6143100,0.0,0.0,ACI
2023-12-18 00:00:00-05:00,22.113817257293537,22.309083500006583,22.055238129358383,22.2895565032959,2552300,0.0,0.0,ACI
2023-12-19 00:00:00-05:00,22.299317414316842,22.338369541010188,21.811153726371547,22.08452606201172,7601500,0.0,0.0,ACI
2023-12-20 00:00:00-05:00,22.02594804805245,22.387190045198487,21.97713241755563,22.221214294433594,3705700,0.0,0.0,ACI
2023-12-21 00:00:00-05:00,22.250503540039062,22.309082665783716,22.11381643037243,22.250503540039062,2322600,0.0,0.0,ACI
2023-12-22 00:00:00-05:00,22.094289581353525,22.396952434473885,21.967367831029744,21.996658325195312,4507400,0.0,0.0,ACI
2023-12-26 00:00:00-05:00,21.986893375102657,22.43600308280066,21.921478128672657,22.19192123413086,2342300,0.0,0.0,ACI
2023-12-27 00:00:00-05:00,22.152871666859273,22.326657471576393,22.09429067562677,22.221214294433594,1621800,0.0,0.0,ACI
2023-12-28 00:00:00-05:00,22.162634357804446,22.455531854506216,22.152870859621473,22.445768356323242,2462100,0.0,0.0,ACI
2023-12-29 00:00:00-05:00,22.35789895338752,22.475059070531408,22.28955632763562,22.45553207397461,2616700,0.0,0.0,ACI
2024-01-02 00:00:00-05:00,22.357899129586393,22.455532250942916,22.065001627713727,22.2895565032959,7634900,0.0,0.0,ACI
2024-01-03 00:00:00-05:00,22.36766386705571,22.36766386705571,22.143108979033748,22.17239761352539,2147400,0.0,0.0,ACI
2024-01-04 00:00:00-05:00,22.19192099772939,22.338369732931866,21.947839151659696,22.006420135498047,4738300,0.0,0.0,ACI
2024-01-05 00:00:00-05:00,22.065002314557322,22.494586944580078,22.065002314557322,22.494586944580078,6390700,0.0,0.0,ACI
2024-01-08 00:00:00-05:00,22.46529535268919,22.51899366159712,22.221213484705427,22.445768356323242,3112900,0.0,0.0,ACI
2024-01-09 00:00:00-05:00,22.79724730877101,22.91440556497114,22.270029569279703,22.553165435791016,3722800,0.0,0.0,ACI
2024-01-10 00:00:00-05:00,22.60197996440917,22.60197996440917,22.416477228566364,22.50434684753418,2275200,0.0,0.0,ACI
2024-01-11 00:00:00-05:00,22.504347239347844,22.53363773357935,21.96736788048148,22.348134994506836,3263400,0.0,0.0,ACI
2024-01-12 00:00:00-05:00,22.41647949933979,22.41647949933979,22.099174165099274,22.17239761352539,2534800,0.0,0.0,ACI
2024-01-16 00:00:00-05:00,22.084526605794867,22.17239435856762,21.703757653528186,21.762338638305664,4180100,0.0,0.0,ACI
2024-01-17 00:00:00-05:00,21.733049763659157,21.889262010300264,21.42550608837334,21.488967895507812,2845900,0.0,0.0,ACI
2024-01-18 00:00:00-05:00,21.39133519150727,21.508495309863317,21.11796282347443,21.420625686645508,3574500,0.0,0.0,ACI
2024-01-19 00:00:00-05:00,21.381572957832923,21.493850402541945,21.200952882622502,21.479206085205078,4617300,0.0,0.0,ACI
2024-01-22 00:00:00-05:00,21.48896787275999,21.48896787275999,21.298584313754976,21.401098251342773,3287100,0.0,0.0,ACI
2024-01-23 00:00:00-05:00,21.44991319356689,21.44991319356689,21.235121827086065,21.283937454223633,2427500,0.0,0.0,ACI
2024-01-24 00:00:00-05:00,21.274174572845105,21.342517191714624,21.137487472909374,21.3132266998291,2221300,0.0,0.0,ACI
2024-01-25 00:00:00-05:00,21.372131855139795,21.450669699967317,21.352496925810435,21.411399841308594,1874600,0.12,0.0,ACI
2024-01-26 00:00:00-05:00,21.372132735901623,21.460488049035018,21.2641424926297,21.440853118896484,2205100,0.0,0.0,ACI
2024-01-29 00:00:00-05:00,21.440854163801077,21.51939201569269,21.16597074593539,21.30341339111328,2846300,0.0,0.0,ACI
2024-01-30 00:00:00-05:00,21.32304556674126,21.411400880521832,21.165969869462465,21.27396011352539,1489300,0.0,0.0,ACI
2024-01-31 00:00:00-05:00,21.224874959105787,21.26905261661799,20.68001780728529,20.832183837890625,6203600,0.0,0.0,ACI
2024-02-01 00:00:00-05:00,20.86163505813629,21.087431129367946,20.714376832223902,21.028528213500977,5144000,0.0,0.0,ACI
2024-02-02 00:00:00-05:00,21.008893801960248,21.082523852976536,20.90090543229033,20.959808349609375,2195100,0.0,0.0,ACI
2024-02-05 00:00:00-05:00,20.91071943100459,20.915629099359464,20.74873595260071,20.841999053955078,2563100,0.0,0.0,ACI
2024-02-06 00:00:00-05:00,20.724194785249676,20.925448135652815,20.714377320292208,20.851818084716797,3583000,0.0,0.0,ACI
2024-02-07 00:00:00-05:00,20.930357340853064,20.930357340853064,20.7340136459564,20.812551498413086,2664400,0.0,0.0,ACI
2024-02-08 00:00:00-05:00,20.773280260194092,21.04816366183293,20.773280260194092,20.959808349609375,3688600,0.0,0.0,ACI
2024-02-09 00:00:00-05:00,20.940174806471415,21.038347590164797,20.773281635939693,20.812551498413086,2244800,0.0,0.0,ACI
2024-02-12 00:00:00-05:00,20.861634526004593,20.999075283685038,20.861634526004593,20.881269454956055,2079000,0.0,0.0,ACI
2024-02-13 00:00:00-05:00,20.8714542388916,20.94999209066817,20.704561069805134,20.8714542388916,3380900,0.0,0.0,ACI
2024-02-14 00:00:00-05:00,20.881269594376583,20.994167627866446,20.758554096345442,20.822364807128906,2494900,0.0,0.0,ACI
2024-02-15 00:00:00-05:00,20.871452838187388,20.969625614442148,20.861635373312915,20.910720825195312,2158100,0.0,0.0,ACI
2024-02-16 00:00:00-05:00,20.910720698114204,21.22487395471822,20.886177972322162,21.185604095458984,6108000,0.0,0.0,ACI
2024-02-20 00:00:00-05:00,21.2641428013154,21.273960266527183,20.616205077257927,20.891088485717773,6612100,0.0,0.0,ACI
2024-02-21 00:00:00-05:00,20.861635549674265,20.96962579171643,20.74382784267463,20.851818084716797,1391100,0.0,0.0,ACI
2024-02-22 00:00:00-05:00,20.832183694447075,20.94508173564754,20.724195322097515,20.891088485717773,1831800,0.0,0.0,ACI
2024-02-23 00:00:00-05:00,20.949991587191864,21.11197508337379,20.881271202600136,21.04816436767578,3434800,0.0,0.0,ACI
2024-02-26 00:00:00-05:00,20.999078238942204,21.35249951984686,20.66529188975228,21.17578887939453,8845100,0.0,0.0,ACI
2024-02-27 00:00:00-05:00,21.156151949856575,21.156151949856575,20.23333271628966,20.419858932495117,8170700,0.0,0.0,ACI
2024-02-28 00:00:00-05:00,20.45912965449147,20.58675295898404,19.634481290491618,20.125343322753906,4386600,0.0,0.0,ACI
2024-02-29 00:00:00-05:00,20.03698800479497,20.144978251076815,19.840642442917087,19.909364700317383,7292900,0.0,0.0,ACI
2024-03-01 00:00:00-05:00,19.928998786835344,19.928998786835344,19.732655087316317,19.879913330078125,4398700,0.0,0.0,ACI
2024-03-04 00:00:00-05:00,19.84064226065372,19.919181982675422,19.742471353106662,19.752288818359375,3119900,0.0,0.0,ACI
2024-03-05 00:00:00-05:00,19.791553873308356,19.943721753435504,19.624660733729783,19.889726638793945,2867900,0.0,0.0,ACI
2024-03-06 00:00:00-05:00,19.928995705853993,20.144976176171983,19.87991025668528,20.076255798339844,4316100,0.0,0.0,ACI
2024-03-07 00:00:00-05:00,20.19406167913349,20.542573237633338,20.174426750417762,20.400224685668945,5978100,0.0,0.0,ACI
2024-03-08 00:00:00-05:00,20.429676256010634,20.54748396186859,20.233332576233995,20.478763580322266,2352100,0.0,0.0,ACI
2024-03-11 00:00:00-04:00,20.410043539242604,20.547484304627947,20.33150381903385,20.46894645690918,1517700,0.0,0.0,ACI
2024-03-12 00:00:00-04:00,20.468947159199253,20.581845202137888,20.243151073321986,20.557302474975586,1687100,0.0,0.0,ACI
2024-03-13 00:00:00-04:00,20.537667202789553,20.63583998229659,20.42967695808281,20.567119598388672,2712500,0.0,0.0,ACI
2024-03-14 00:00:00-04:00,20.60638756053745,20.60638756053745,20.125343001302674,20.24315071105957,3001700,0.0,0.0,ACI
2024-03-15 00:00:00-04:00,20.174427926707963,20.478763722076813,20.174427926707963,20.419858932495117,3463600,0.0,0.0,ACI
2024-03-18 00:00:00-04:00,20.351139769494917,20.601480458987464,20.321689245429972,20.439495086669922,1867500,0.0,0.0,ACI
2024-03-19 00:00:00-04:00,20.48858013172128,20.53275778538715,20.292234588208554,20.341320037841797,2577200,0.0,0.0,ACI
2024-03-20 00:00:00-04:00,20.321689084227774,20.606388092041016,20.297144484381576,20.606388092041016,2547800,0.0,0.0,ACI
2024-03-21 00:00:00-04:00,20.616204873752313,20.665290326836672,20.49839716486384,20.626022338867188,3137100,0.0,0.0,ACI
2024-03-22 00:00:00-04:00,20.626020400249693,20.645655328633975,20.478762182347246,20.518030166625977,2371300,0.0,0.0,ACI
2024-03-25 00:00:00-04:00,20.52785006252812,20.862617579430086,20.44440441574478,20.66529083251953,5257200,0.0,0.0,ACI
2024-03-26 00:00:00-04:00,20.704560553330865,21.04325467957672,20.684925622753994,20.940174102783203,4006900,0.0,0.0,ACI
2024-03-27 00:00:00-04:00,21.038346019859034,21.10706640156807,20.959808173264424,21.01871109008789,5810300,0.0,0.0,ACI
2024-03-28 00:00:00-04:00,21.06779742578053,21.06779742578053,20.94017412189447,21.04816436767578,3935000,0.0,0.0,ACI
2024-04-01 00:00:00-04:00,21.126701307453775,21.126701307453775,20.85672757712066,20.910720825195312,3429700,0.0,0.0,ACI
2024-04-02 00:00:00-04:00,20.83218262237723,20.900904875323114,20.645656410422475,20.704559326171875,2740500,0.0,0.0,ACI
2024-04-03 00:00:00-04:00,20.841999053955078,20.940171823664315,20.69474083563614,20.841999053955078,1444500,0.0,0.0,ACI
2024-04-04 00:00:00-04:00,20.91072097893737,21.008893755913927,20.64565691533764,20.74382781982422,1862000,0.0,0.0,ACI
2024-04-05 00:00:00-04:00,20.734011896312513,20.743827488612467,20.444403238725272,20.64565658569336,3122500,0.0,0.0,ACI
2024-04-08 00:00:00-04:00,20.684923139824562,20.71437553215453,20.46894454687424,20.576932907104492,5549100,0.0,0.0,ACI
2024-04-09 00:00:00-04:00,20.606388272230294,20.611297941238494,20.462075461222668,20.5474853515625,1722400,0.0,0.0,ACI
2024-04-10 00:00:00-04:00,20.449311185735287,20.51803156728161,20.326595683691153,20.478763580322266,4105400,0.0,0.0,ACI
2024-04-11 00:00:00-04:00,20.508214946515746,20.527849877048553,20.213698478483817,20.292236328125,2705500,0.0,0.0,ACI
2024-04-12 00:00:00-04:00,20.282419351053814,20.321689213064644,19.762104914350797,20.007535934448242,3622000,0.0,0.0,ACI
2024-04-15 00:00:00-04:00,20.06643985586196,20.090982582307657,19.781738986119905,19.870094299316406,2911800,0.0,0.0,ACI
2024-04-16 00:00:00-04:00,19.87009341564753,19.953540928839793,19.771920641740724,19.840641021728516,2187400,0.0,0.0,ACI
2024-04-17 00:00:00-04:00,19.850460087758695,20.125343502375365,19.84555229128789,20.06644058227539,1606900,0.0,0.0,ACI
2024-04-18 00:00:00-04:00,20.05662239900203,20.194063165146225,19.943724359313585,20.08607292175293,2074800,0.0,0.0,ACI
2024-04-19 00:00:00-04:00,20.08607293518449,20.095890400271355,19.938814703861524,19.978084564208984,1845300,0.0,0.0,ACI
2024-04-22 00:00:00-04:00,20.115525654807673,20.115525654807673,19.693384011715477,19.86027717590332,3578300,0.0,0.0,ACI
2024-04-23 00:00:00-04:00,20.01735358061884,20.046805977392786,19.79155748948887,19.948633193969727,3737200,0.0,0.0,ACI
2024-04-24 00:00:00-04:00,19.909364662687697,19.9879025127924,19.482313347283956,19.693384170532227,4130300,0.0,0.0,ACI
2024-04-25 00:00:00-04:00,19.732887450019433,19.87115721477393,19.609433446627783,19.663753509521484,3751600,0.12,0.0,ACI
2024-04-26 00:00:00-04:00,19.65387801740277,19.920539131134092,19.63906413900393,19.881032943725586,1553300,0.0,0.0,ACI
2024-04-29 00:00:00-04:00,19.881031540171453,20.127939542767393,19.772393299985062,20.118064880371094,1518900,0.0,0.0,ACI
2024-04-30 00:00:00-04:00,20.009425748526667,20.177323273966884,19.772394280333174,20.147693634033203,2138200,0.0,0.0,ACI
2024-05-01 00:00:00-04:00,19.98967300657218,20.34522115699079,19.98967300657218,20.325468063354492,2311900,0.0,0.0,ACI
2024-05-02 00:00:00-04:00,20.374848544450508,20.473612127083502,20.34522078829167,20.463735580444336,1649700,0.0,0.0,ACI
2024-05-03 00:00:00-04:00,20.414355397993628,20.43410849191734,20.251395198761085,20.31559181213379,1421500,0.0,0.0,ACI
2024-05-06 00:00:00-04:00,20.335345334076724,20.443985469185083,20.276087934817056,20.364974975585938,897800,0.0,0.0,ACI
2024-05-07 00:00:00-04:00,20.40447796122419,20.49336499624595,20.335344019264745,20.3452205657959,2554800,0.0,0.0,ACI
2024-05-08 00:00:00-04:00,20.30571590682085,20.52299617933017,20.167448012503122,20.483489990234375,2101700,0.0,0.0,ACI
2024-05-09 00:00:00-04:00,20.532872024016818,20.57237632800209,20.414355344543573,20.443984985351562,1531900,0.0,0.0,ACI
2024-05-10 00:00:00-04:00,20.443985684897356,20.518056963813805,20.394602948527613,20.483489990234375,841200,0.0,0.0,ACI
2024-05-13 00:00:00-04:00,20.48348958576675,20.631634024433165,20.424232187051935,20.43410873413086,1919500,0.0,0.0,ACI
2024-05-14 00:00:00-04:00,20.51311973934057,20.572377139535405,20.394603055192118,20.542747497558594,1566600,0.0,0.0,ACI
2024-05-15 00:00:00-04:00,20.522995990988125,20.59212993751254,20.34028269373502,20.552623748779297,912700,0.0,0.0,ACI
2024-05-16 00:00:00-04:00,20.602005706283745,20.710643953677927,20.503242121941017,20.641510009765625,2455900,0.0,0.0,ACI
2024-05-17 00:00:00-04:00,20.6513873084733,20.666201187348527,20.266211387647317,20.364974975585938,2497500,0.0,0.0,ACI
2024-05-20 00:00:00-04:00,20.38472557067871,20.44299587858964,20.206951494508584,20.38472557067871,1581800,0.0,0.0,ACI
2024-05-21 00:00:00-04:00,20.34522164035812,20.513119172738232,20.19213798667784,20.246458053588867,1733800,0.0,0.0,ACI
2024-05-22 00:00:00-04:00,20.266209783284413,20.36497336340447,20.261270568211174,20.3550968170166,1624900,0.0,0.0,ACI
2024-05-23 00:00:00-04:00,20.325469140805712,20.325469140805712,20.132881177039458,20.22670555114746,1642700,0.0,0.0,ACI
2024-05-24 00:00:00-04:00,20.27608585133181,20.285962397486678,20.07855869575163,20.118064880371094,1333800,0.0,0.0,ACI
2024-05-28 00:00:00-04:00,20.058807800316217,20.21682878858366,20.048931253079655,20.108190536499023,1553700,0.0,0.0,ACI
2024-05-29 00:00:00-04:00,20.058807800316217,20.187201030632743,19.989673853419056,20.108190536499023,3176600,0.0,0.0,ACI
2024-05-30 00:00:00-04:00,20.127940785086558,20.315591406093876,20.078559935022952,20.266210556030273,1656900,0.0,0.0,ACI
2024-05-31 00:00:00-04:00,20.216828041380115,20.39460211755024,20.1773237376527,20.38472557067871,4236700,0.0,0.0,ACI
2024-06-03 00:00:00-04:00,20.384724435478805,20.522994200221444,20.157569521359708,20.29583740234375,2210600,0.0,0.0,ACI
2024-06-04 00:00:00-04:00,20.295837059882977,20.30571360603784,19.999548210271275,20.118064880371094,2195100,0.0,0.0,ACI
2024-06-05 00:00:00-04:00,20.078561190514264,20.236582181109103,20.048931548368184,20.09831428527832,1818000,0.0,0.0,ACI
2024-06-06 00:00:00-04:00,20.15756995682091,20.24645699187618,20.029178619384766,20.029178619384766,1076000,0.0,0.0,ACI
2024-06-07 00:00:00-04:00,20.009427983438595,20.08843848166134,19.752643393274955,19.82177734375,2024300,0.0,0.0,ACI
2024-06-10 00:00:00-04:00,19.83165289533549,19.889923205488753,19.752642401081516,19.79214859008789,1536600,0.0,0.0,ACI
2024-06-11 00:00:00-04:00,19.752640072034108,20.058805465698242,19.713133887685935,20.058805465698242,1822400,0.0,0.0,ACI
2024-06-12 00:00:00-04:00,20.088436496908255,20.152633109046207,19.94029206284725,19.95016860961914,1520100,0.0,0.0,ACI
2024-06-13 00:00:00-04:00,20.009425277750967,20.009425277750967,19.752640722309906,19.910661697387695,1186900,0.0,0.0,ACI
2024-06-14 00:00:00-04:00,19.802024143448637,19.940293927425774,19.619312720480362,19.76251983642578,2802300,0.0,0.0,ACI
2024-06-17 00:00:00-04:00,19.742766845527253,19.82177734375,19.683509442799913,19.82177734375,2318700,0.0,0.0,ACI
2024-06-18 00:00:00-04:00,20.197077059888944,20.197077059888944,19.58968166484987,19.683507919311523,2528400,0.0,0.0,ACI
2024-06-20 00:00:00-04:00,19.772394302987763,19.772394302987763,19.49585664789918,19.515609741210938,2474800,0.0,0.0,ACI
2024-06-21 00:00:00-04:00,19.564992759284724,19.604498950287038,19.230186644206807,19.318084716796875,3746500,0.0,0.0,ACI
2024-06-24 00:00:00-04:00,19.347713226302638,19.663755200766097,19.347713226302638,19.54524040222168,3619000,0.0,0.0,ACI
2024-06-25 00:00:00-04:00,19.495857185677927,19.624250411987305,19.436599787866754,19.624250411987305,2159600,0.0,0.0,ACI
2024-06-26 00:00:00-04:00,19.51560949382337,19.564990342718126,19.28845457489368,19.397092819213867,1676500,0.0,0.0,ACI
2024-06-27 00:00:00-04:00,19.35758934891402,19.51561033267995,19.24894921616542,19.49585723876953,2199900,0.0,0.0,ACI
2024-06-28 00:00:00-04:00,19.69338411177675,19.821775452730456,19.41684645249971,19.505733489990234,5431500,0.0,0.0,ACI
2024-07-01 00:00:00-04:00,19.39709487625335,19.72301341129447,19.39709487625335,19.64400291442871,1690400,0.0,0.0,ACI
2024-07-02 00:00:00-04:00,19.6143741607666,19.703261200702787,19.481043600862325,19.6143741607666,1651400,0.0,0.0,ACI
2024-07-03 00:00:00-04:00,19.61437354608266,19.703260583233263,19.55017693397196,19.634124755859375,1010700,0.0,0.0,ACI
2024-07-05 00:00:00-04:00,19.574868027736027,19.683508162133432,19.421786257003767,19.485980987548828,4343100,0.0,0.0,ACI
2024-07-08 00:00:00-04:00,19.634125206716803,19.703261035678253,19.357589425905896,19.36746597290039,1667200,0.0,0.0,ACI
2024-07-09 00:00:00-04:00,19.33783538313212,19.397092778432967,19.165000528605212,19.209444046020508,3683400,0.0,0.0,ACI
2024-07-10 00:00:00-04:00,19.33783483346873,19.377341018385447,19.09092682901496,19.10080337524414,3029000,0.0,0.0,ACI
2024-07-11 00:00:00-04:00,19.209443975251045,19.416845799919244,19.199567428777517,19.33783531188965,2666100,0.0,0.0,ACI
2024-07-12 00:00:00-04:00,19.406971657409137,19.44647784819692,19.24895066177571,19.258827209472656,2023300,0.0,0.0,ACI
2024-07-15 00:00:00-04:00,19.318082514044544,19.483016886778866,19.286478695101653,19.327959060668945,3351700,0.0,0.0,ACI
2024-07-16 00:00:00-04:00,19.357588762234222,19.525486287866816,19.15018504997812,19.515609741210938,2580200,0.0,0.0,ACI
2024-07-17 00:00:00-04:00,19.505734056229592,19.86128221651303,19.43660011034309,19.80202293395996,3565000,0.0,0.0,ACI
2024-07-18 00:00:00-04:00,19.732889852459042,19.80202380137391,19.545241100764066,19.584745407104492,3433100,0.0,0.0,ACI
2024-07-19 00:00:00-04:00,19.604497242024262,19.925476539034207,19.32795958038114,19.752641677856445,3150500,0.0,0.0,ACI
2024-07-22 00:00:00-04:00,19.74276502094821,19.792147755122883,19.50573354818585,19.693384170532227,2239800,0.0,0.0,ACI
2024-07-23 00:00:00-04:00,19.604496694181368,19.96991950010519,19.318082493652046,19.96004295349121,2882300,0.0,0.0,ACI
2024-07-24 00:00:00-04:00,19.969920115394565,20.03905594382252,19.881033076888762,19.940292358398438,2382200,0.0,0.0,ACI
2024-07-25 00:00:00-04:00,19.900786203374825,20.20695162330895,19.782271407678454,20.127941131591797,3605500,0.0,0.0,ACI
2024-07-26 00:00:00-04:00,20.12794172168795,20.416050461570748,19.949114692490816,20.31670379638672,2529400,0.12,0.0,ACI
2024-07-29 00:00:00-04:00,20.306768046355593,20.306768046355593,19.814993733125252,19.83983039855957,2261000,0.0,0.0,ACI
2024-07-30 00:00:00-04:00,19.819962782366197,19.86963611468645,19.571592330932617,19.571592330932617,3296100,0.0,0.0,ACI
2024-07-31 00:00:00-04:00,19.581525975447487,19.780223099573355,19.53582628117005,19.70074462890625,2587600,0.0,0.0,ACI
2024-08-01 00:00:00-04:00,19.720614304886794,19.849766106406676,19.556688896698613,19.631200790405273,1607300,0.0,0.0,ACI
2024-08-02 00:00:00-04:00,19.621266646777748,19.86963711066101,19.353026091003922,19.829896926879883,3272400,0.0,0.0,ACI
2024-08-05 00:00:00-04:00,19.492114771546106,19.581526394910235,19.23380926261571,19.31328773498535,2958800,0.0,0.0,ACI
2024-08-06 00:00:00-04:00,19.45237375670924,19.536820695883986,19.343090151277043,19.402700424194336,2900500,0.0,0.0,ACI
2024-08-07 00:00:00-04:00,19.521916423943644,19.626231555133618,19.32322120666504,19.32322120666504,1960300,0.0,0.0,ACI
2024-08-08 00:00:00-04:00,19.41263488496556,19.591460013582648,19.362959659030718,19.44243812561035,2018900,0.0,0.0,ACI
2024-08-09 00:00:00-04:00,19.432502996943033,19.44243804208732,19.27354606446663,19.382829666137695,1775900,0.0,0.0,ACI
2024-08-12 00:00:00-04:00,19.472244086813497,19.472244086813497,19.12452507019043,19.12452507019043,1437700,0.0,0.0,ACI
2024-08-13 00:00:00-04:00,19.27354705977659,19.675907881776205,19.23380877206341,19.641136169433594,2949900,0.0,0.0,ACI
2024-08-14 00:00:00-04:00,19.670938526495394,20.187549507937895,19.670938526495394,20.127941131591797,3968100,0.0,0.0,ACI
2024-08-15 00:00:00-04:00,20.16768065796271,20.51043310659558,20.118007323771742,20.336572647094727,3921500,0.0,0.0,ACI
2024-08-16 00:00:00-04:00,20.34650729421231,20.77370478158184,20.19748539964336,20.724031448364258,3351500,0.0,0.0,ACI
2024-08-19 00:00:00-04:00,20.72403152876133,20.838281711537956,20.62468296702455,20.783639907836914,3301100,0.0,0.0,ACI
2024-08-20 00:00:00-04:00,20.704161517515974,20.788606563623343,20.565074667496205,20.614748001098633,2123100,0.0,0.0,ACI
2024-08-21 00:00:00-04:00,20.763769897288064,20.763769897288064,20.03852861514556,20.157747268676758,2689900,0.0,0.0,ACI
2024-08-22 00:00:00-04:00,20.247158889725547,20.639584667899847,20.167680419011937,20.614748001098633,2243500,0.0,0.0,ACI
2024-08-23 00:00:00-04:00,20.843248621071886,20.873053758545616,20.535269780174932,20.793575286865234,3235800,0.0,0.0,ACI
2024-08-26 00:00:00-04:00,20.80350924845934,20.813444293766125,20.63461726807625,20.704160690307617,3077100,0.0,0.0,ACI
2024-08-27 00:00:00-04:00,20.714096388611882,20.724031434231865,20.316704038393613,20.495529174804688,2310600,0.0,0.0,ACI
2024-08-28 00:00:00-04:00,20.48559644248866,20.490563017941987,20.048463900862686,20.10807228088379,1553500,0.0,0.0,ACI
2024-08-29 00:00:00-04:00,20.10807212103296,20.197485637811933,19.899441845159505,19.988855361938477,2074800,0.0,0.0,ACI
2024-08-30 00:00:00-04:00,19.92924372679267,19.92924372679267,19.213937536315115,19.49211311340332,6488700,0.0,0.0,ACI
2024-09-03 00:00:00-04:00,19.472243925327472,19.502047166988785,19.14936157794458,19.233808517456055,3679300,0.0,0.0,ACI
2024-09-04 00:00:00-04:00,19.20400420905651,19.571593329699937,19.00530707980337,19.14439582824707,3467000,0.0,0.0,ACI
2024-09-05 00:00:00-04:00,19.20400319910386,19.40270031790737,18.558240405366693,18.886089324951172,6866400,0.0,0.0,ACI
2024-09-06 00:00:00-04:00,18.955633919373945,19.035112392823294,18.32974117782487,18.349609375,6732100,0.0,0.0,ACI
2024-09-09 00:00:00-04:00,18.319805725858103,18.359544014244136,17.78332462077488,17.82306480407715,6314500,0.0,0.0,ACI
2024-09-10 00:00:00-04:00,17.882673342457487,17.952216768936,17.679009638520593,17.94228172302246,4226500,0.0,0.0,ACI
2024-09-11 00:00:00-04:00,17.982020371248833,18.439021074752212,17.952215236053185,18.409217834472656,4142600,0.0,0.0,ACI
2024-09-12 00:00:00-04:00,18.429086383974017,18.915894126947695,18.419153233633935,18.87615394592285,5320600,0.0,0.0,ACI
2024-09-13 00:00:00-04:00,18.975502586594228,19.035110963476175,18.866218983213884,18.935762405395508,2611200,0.0,0.0,ACI
2024-09-16 00:00:00-04:00,18.985438637164233,19.074852154679625,18.73706817626953,18.73706817626953,2766500,0.0,0.0,ACI
2024-09-17 00:00:00-04:00,18.796675458243687,18.826480593979742,18.13104258613417,18.419153213500977,3462900,0.0,0.0,ACI
2024-09-18 00:00:00-04:00,18.429087605621103,18.6377197799993,18.389349316878175,18.39928436279297,3177200,0.0,0.0,ACI
2024-09-19 00:00:00-04:00,18.478762246602347,18.488697292200687,18.230391791392414,18.439022064208984,4591200,0.0,0.0,ACI
2024-09-20 00:00:00-04:00,18.389348573099586,18.607913889636198,18.29496848310072,18.54830551147461,4229200,0.0,0.0,ACI
2024-09-23 00:00:00-04:00,18.46882620994786,18.478761255013076,18.312849981747764,18.409217834472656,4348800,0.0,0.0,ACI
2024-09-24 00:00:00-04:00,18.51850112393801,18.607914642254915,18.369479225048583,18.39928436279297,2650000,0.0,0.0,ACI
2024-09-25 00:00:00-04:00,18.37941318862736,18.39431480916389,18.180716071864932,18.30986976623535,2613800,0.0,0.0,ACI
2024-09-26 00:00:00-04:00,18.369478559181665,18.43902198314813,18.280065044105868,18.379413604736328,3113500,0.0,0.0,ACI
2024-09-27 00:00:00-04:00,18.379413271082313,18.40424993706001,18.250261471048628,18.369478225708008,2841600,0.0,0.0,ACI
2024-09-30 00:00:00-04:00,18.409218072648457,18.51849977994752,18.285032850100706,18.359542846679688,3998400,0.0,0.0,ACI
2024-10-01 00:00:00-04:00,18.28006512446792,18.448957109807324,18.28006512446792,18.439022064208984,2790300,0.0,0.0,ACI
2024-10-02 00:00:00-04:00,18.528435579677858,18.548305670874537,18.27013007886958,18.439022064208984,4883100,0.0,0.0,ACI
2024-10-03 00:00:00-04:00,18.349608468072336,18.43902198314813,18.23535828656797,18.379413604736328,4577700,0.0,0.0,ACI
2024-10-04 00:00:00-04:00,18.488697960137408,18.5880446298775,18.379414349523792,18.458892822265625,2129400,0.0,0.0,ACI
2024-10-07 00:00:00-04:00,18.478761482365073,18.478761482365073,18.11117239009385,18.13104248046875,2676100,0.0,0.0,ACI
2024-10-08 00:00:00-04:00,18.041628968697808,18.195619326729123,18.031693923510357,18.13104248046875,1735900,0.0,0.0,ACI
2024-10-09 00:00:00-04:00,18.0813697377553,18.339673341368904,18.041629555712483,18.319805145263672,1526600,0.0,0.0,ACI
2024-10-10 00:00:00-04:00,18.329739341754806,18.384379247158535,18.12110718552605,18.180715560913086,3102200,0.0,0.0,ACI
2024-10-11 00:00:00-04:00,18.190651035053456,18.289999592986053,18.116141037791106,18.250261306762695,2551900,0.0,0.0,ACI
2024-10-14 00:00:00-04:00,18.270129659478428,18.270129659478428,18.08136948219153,18.14097785949707,3012300,0.0,0.0,ACI
2024-10-15 00:00:00-04:00,18.349608720758734,18.463858903836403,18.076401596449863,18.329740524291992,3457100,0.0,0.0,ACI
2024-10-16 00:00:00-04:00,18.18071589470848,18.399283100000616,18.1459441838513,18.190650939941406,2616700,0.0,0.0,ACI
2024-10-17 00:00:00-04:00,18.180716071864932,18.37941318862736,18.041629227080918,18.30986976623535,2987800,0.0,0.0,ACI
2024-10-18 00:00:00-04:00,18.756935297764453,18.915894126947695,18.299934585475537,18.87615394592285,5422200,0.0,0.0,ACI
2024-10-21 00:00:00-04:00,18.92582818807478,18.975503416746406,18.597979258506935,18.617849349975586,5215300,0.0,0.0,ACI
2024-10-22 00:00:00-04:00,18.657588614641025,18.657588614641025,18.349607896783517,18.419153213500977,3950500,0.0,0.0,ACI
2024-10-23 00:00:00-04:00,18.37941297168232,18.816545486450195,18.299934504898715,18.816545486450195,2402100,0.0,0.0,ACI
2024-10-24 00:00:00-04:00,18.876153935733022,18.92582726707113,18.647653579711914,18.647653579711914,1845800,0.0,0.0,ACI
2024-10-25 00:00:00-04:00,18.677458235073583,18.682426705533356,18.2651642479773,18.290000915527344,2903600,0.0,0.0,ACI
2024-10-28 00:00:00-04:00,18.450000762939453,18.450000762939453,18.334999084472656,18.34000015258789,2299000,0.12,0.0,ACI
2024-10-29 00:00:00-04:00,18.329999923706055,18.405000686645508,17.889999389648438,18.010000228881836,5549400,0.0,0.0,ACI
2024-10-30 00:00:00-04:00,18.100000381469727,18.2549991607666,17.989999771118164,18.229999542236328,3460800,0.0,0.0,ACI
2024-10-31 00:00:00-04:00,18.219999313354492,18.295000076293945,18.09000015258789,18.100000381469727,1680700,0.0,0.0,ACI
2024-11-01 00:00:00-04:00,18.3799991607666,18.68000030517578,18.170000076293945,18.65999984741211,4272100,0.0,0.0,ACI
2012-06-18 00:00:00-04:00,17000.0,17300.0,17000.0,17100.0,12770,0.0,0.0,ACL
2012-06-19 00:00:00-04:00,16800.0,17100.0,16800.0,16800.0,1210,0.0,0.0,ACL
2012-06-20 00:00:00-04:00,16800.0,17000.0,16800.0,17000.0,1120,0.0,0.0,ACL
2012-06-21 00:00:00-04:00,16900.0,17000.0,16800.0,16800.0,29270,0.0,0.0,ACL
2012-06-22 00:00:00-04:00,16900.0,17000.0,16500.0,16600.0,16070,0.0,0.0,ACL
2012-06-25 00:00:00-04:00,16800.0,17200.0,16400.0,16700.0,7060,0.0,0.0,ACL
2012-06-26 00:00:00-04:00,16500.0,16600.0,16200.0,16200.0,25050,0.0,0.0,ACL
2012-06-27 00:00:00-04:00,16400.0,16500.0,16200.0,16200.0,33840,0.0,0.0,ACL
2012-06-28 00:00:00-04:00,16300.0,16400.0,15700.0,15800.0,47320,0.0,0.0,ACL
2012-06-29 00:00:00-04:00,16000.0,16100.0,16000.0,16100.0,14400,0.0,0.0,ACL
2012-07-02 00:00:00-04:00,16100.0,16400.0,15800.0,15800.0,10550,0.0,0.0,ACL
2012-07-03 00:00:00-04:00,15800.0,15900.0,15700.0,15700.0,11470,0.0,0.0,ACL
2012-07-05 00:00:00-04:00,16000.0,16000.0,15900.0,15900.0,2600,0.0,0.0,ACL
2012-07-06 00:00:00-04:00,16000.0,16100.0,16000.0,16100.0,1300,0.0,0.0,ACL
2012-07-09 00:00:00-04:00,16200.0,16300.0,15900.0,16100.0,10760,0.0,0.0,ACL
2012-07-10 00:00:00-04:00,16000.0,16000.0,15800.0,16000.0,8130,0.0,0.0,ACL
2012-07-11 00:00:00-04:00,16200.0,16500.0,15800.0,16000.0,22000,0.0,0.0,ACL
2012-07-12 00:00:00-04:00,16300.0,16300.0,16000.0,16000.0,3820,0.0,0.0,ACL
2012-07-13 00:00:00-04:00,16000.0,16800.0,16000.0,16600.0,8,0.0,0.0,ACL
2012-07-16 00:00:00-04:00,16900.0,16900.0,15900.0,16100.0,7230,0.0,0.0,ACL
2012-07-17 00:00:00-04:00,16200.0,16400.0,16100.0,16400.0,28700,0.0,0.0,ACL
2012-07-18 00:00:00-04:00,16500.0,16500.0,16400.0,16400.0,27130,0.0,0.0,ACL
2012-07-19 00:00:00-04:00,16400.0,16700.0,16300.0,16700.0,17950,0.0,0.0,ACL
2012-07-20 00:00:00-04:00,16900.0,16900.0,16700.0,16900.0,18960,0.0,0.0,ACL
2012-07-23 00:00:00-04:00,16900.0,16900.0,16500.0,16800.0,2050,0.0,0.0,ACL
2012-07-24 00:00:00-04:00,16500.0,16800.0,16400.0,16600.0,8100,0.0,0.0,ACL
2012-07-25 00:00:00-04:00,16400.0,16400.0,16300.0,16400.0,650,0.0,0.0,ACL
2012-07-26 00:00:00-04:00,16600.0,16700.0,16300.0,16500.0,12870,0.0,0.0,ACL
2012-07-27 00:00:00-04:00,16700.0,16800.0,16500.0,16700.0,710,0.0,0.0,ACL
2012-07-30 00:00:00-04:00,16700.0,16800.0,16500.0,16700.0,710,0.0,0.0,ACL
2012-07-31 00:00:00-04:00,16200.0,16800.0,16100.0,16600.0,50050,0.0,0.0,ACL
2012-08-01 00:00:00-04:00,16700.0,16700.0,16200.0,16400.0,24680,0.0,0.0,ACL
2012-08-02 00:00:00-04:00,16200.0,16400.0,16200.0,16400.0,10920,0.0,0.0,ACL
2012-08-03 00:00:00-04:00,16800.0,16800.0,16800.0,16800.0,14700,0.0,0.0,ACL
2012-08-06 00:00:00-04:00,16800.0,16800.0,16400.0,16400.0,4360,0.0,0.0,ACL
2012-08-07 00:00:00-04:00,16400.0,16700.0,16400.0,16700.0,110,0.0,0.0,ACL
2012-08-08 00:00:00-04:00,16400.0,16700.0,16400.0,16600.0,5620,0.0,0.0,ACL
2012-08-09 00:00:00-04:00,16500.0,16800.0,16500.0,16500.0,5380,0.0,0.0,ACL
2012-08-10 00:00:00-04:00,16400.0,16600.0,16400.0,16600.0,1010,0.0,0.0,ACL
2012-08-13 00:00:00-04:00,16000.0,16600.0,16000.0,16600.0,1970,0.0,0.0,ACL
2012-08-14 00:00:00-04:00,16600.0,16600.0,16500.0,16600.0,2540,0.0,0.0,ACL
2012-08-15 00:00:00-04:00,16700.0,16700.0,16400.0,16400.0,21730,0.0,0.0,ACL
2012-08-16 00:00:00-04:00,16600.0,16700.0,16600.0,16700.0,30,0.0,0.0,ACL
2012-08-17 00:00:00-04:00,16500.0,16700.0,16400.0,16700.0,550,0.0,0.0,ACL
2012-08-20 00:00:00-04:00,16600.0,16600.0,16400.0,16400.0,3140,0.0,0.0,ACL
2012-08-21 00:00:00-04:00,16000.0,16000.0,15600.0,15700.0,47100,0.0,0.0,ACL
2012-08-22 00:00:00-04:00,15700.0,15700.0,15500.0,15500.0,21900,0.0,0.0,ACL
2012-08-23 00:00:00-04:00,15100.0,15200.0,14800.0,14800.0,90670,0.0,0.0,ACL
2012-08-24 00:00:00-04:00,14100.0,15500.0,14100.0,15500.0,12900,0.0,0.0,ACL
2012-08-27 00:00:00-04:00,15000.0,15800.0,14800.0,15800.0,22120,0.0,0.0,ACL
2012-08-28 00:00:00-04:00,15400.0,15600.0,15400.0,15600.0,3510,0.0,0.0,ACL
2012-08-29 00:00:00-04:00,15800.0,16000.0,15800.0,15800.0,24210,0.0,0.0,ACL
2012-08-30 00:00:00-04:00,16000.0,16000.0,15800.0,15800.0,2500,0.0,0.0,ACL
2012-08-31 00:00:00-04:00,15800.0,15800.0,15600.0,15600.0,9110,0.0,0.0,ACL
2012-09-04 00:00:00-04:00,15600.0,16000.0,15600.0,16000.0,2010,0.0,0.0,ACL
2012-09-05 00:00:00-04:00,16000.0,16000.0,15300.0,15300.0,2140,0.0,0.0,ACL
2012-09-06 00:00:00-04:00,15400.0,15600.0,15100.0,15100.0,20620,0.0,0.0,ACL
2012-09-07 00:00:00-04:00,15100.0,15300.0,15100.0,15300.0,10310,0.0,0.0,ACL
2012-09-10 00:00:00-04:00,15800.0,15800.0,15000.0,15600.0,360,0.0,0.0,ACL
2012-09-11 00:00:00-04:00,15600.0,15600.0,15000.0,15600.0,4870,0.0,0.0,ACL
2012-09-12 00:00:00-04:00,15900.0,15900.0,15600.0,15900.0,13680,0.0,0.0,ACL
2012-09-13 00:00:00-04:00,15800.0,15800.0,15300.0,15300.0,2800,0.0,0.0,ACL
2012-09-14 00:00:00-04:00,16000.0,16000.0,15500.0,15800.0,2330,0.0,0.0,ACL
2012-09-17 00:00:00-04:00,15300.0,15800.0,15300.0,15800.0,310,0.0,0.0,ACL
2012-09-18 00:00:00-04:00,15800.0,15800.0,15100.0,15100.0,17330,0.0,0.0,ACL
2012-09-19 00:00:00-04:00,15200.0,15200.0,15000.0,15100.0,11600,0.0,0.0,ACL
2012-09-20 00:00:00-04:00,15000.0,15000.0,14900.0,15000.0,2600,0.0,0.0,ACL
2012-09-21 00:00:00-04:00,15100.0,15100.0,14700.0,14700.0,1530,0.0,0.0,ACL
2012-09-24 00:00:00-04:00,14700.0,15000.0,14700.0,14700.0,7040,0.0,0.0,ACL
2012-09-25 00:00:00-04:00,14800.0,14800.0,14600.0,14600.0,2120,0.0,0.0,ACL
2012-09-26 00:00:00-04:00,14700.0,14800.0,14500.0,14600.0,5800,0.0,0.0,ACL
2012-09-27 00:00:00-04:00,14300.0,14700.0,14300.0,14600.0,5250,0.0,0.0,ACL
2012-09-28 00:00:00-04:00,14500.0,14600.0,14500.0,14500.0,1050,0.0,0.0,ACL
2012-10-01 00:00:00-04:00,14900.0,14900.0,14500.0,14500.0,680,0.0,0.0,ACL
2012-10-02 00:00:00-04:00,14000.0,14500.0,14000.0,14500.0,1010,0.0,0.0,ACL
2012-10-03 00:00:00-04:00,15000.0,15000.0,14400.0,14500.0,4230,0.0,0.0,ACL
2012-10-04 00:00:00-04:00,14500.0,14500.0,14500.0,14500.0,4080,0.0,0.0,ACL
2012-10-05 00:00:00-04:00,14500.0,14600.0,14400.0,14600.0,4680,0.0,0.0,ACL
2012-10-08 00:00:00-04:00,15000.0,15000.0,14600.0,15000.0,130,0.0,0.0,ACL
2012-10-09 00:00:00-04:00,14800.0,15000.0,14700.0,14700.0,2360,0.0,0.0,ACL
2012-10-10 00:00:00-04:00,14600.0,14800.0,14400.0,14800.0,1030,0.0,0.0,ACL
2012-10-11 00:00:00-04:00,15000.0,15000.0,14700.0,14700.0,2820,0.0,0.0,ACL
2012-10-12 00:00:00-04:00,14400.0,14900.0,14400.0,14900.0,20,0.0,0.0,ACL
2012-10-15 00:00:00-04:00,14500.0,14900.0,14500.0,14500.0,6140,0.0,0.0,ACL
2012-10-16 00:00:00-04:00,14600.0,14900.0,14600.0,14900.0,10180,0.0,0.0,ACL
2012-10-17 00:00:00-04:00,14900.0,14900.0,14900.0,14900.0,2420,0.0,0.0,ACL
2012-10-18 00:00:00-04:00,14800.0,14800.0,14800.0,14800.0,150,0.0,0.0,ACL
2012-10-19 00:00:00-04:00,14400.0,14800.0,14100.0,14100.0,18980,0.0,0.0,ACL
2012-10-22 00:00:00-04:00,14000.0,14000.0,14000.0,14000.0,13660,0.0,0.0,ACL
2012-10-23 00:00:00-04:00,13700.0,14000.0,13700.0,14000.0,4630,0.0,0.0,ACL
2012-10-24 00:00:00-04:00,14000.0,14000.0,13300.0,13800.0,6360,0.0,0.0,ACL
2012-10-25 00:00:00-04:00,13500.0,13600.0,13200.0,13600.0,3700,0.0,0.0,ACL
2012-10-26 00:00:00-04:00,13600.0,13600.0,13600.0,13600.0,550,0.0,0.0,ACL
2012-10-31 00:00:00-04:00,13500.0,13700.0,13500.0,13700.0,1210,0.0,0.0,ACL
2012-11-01 00:00:00-04:00,13600.0,13700.0,13600.0,13700.0,80,0.0,0.0,ACL
2012-11-02 00:00:00-04:00,13100.0,13900.0,13100.0,13600.0,8590,0.0,0.0,ACL
2012-11-05 00:00:00-05:00,13000.0,13000.0,13000.0,13000.0,2310,0.0,0.0,ACL
2012-11-06 00:00:00-05:00,13000.0,13000.0,12400.0,12400.0,7010,0.0,0.0,ACL
2012-11-07 00:00:00-05:00,12300.0,12300.0,11900.0,12200.0,7840,0.0,0.0,ACL
2012-11-08 00:00:00-05:00,11600.0,11800.0,11600.0,11600.0,5530,0.0,0.0,ACL
2012-11-09 00:00:00-05:00,11200.0,11400.0,11100.0,11400.0,14530,0.0,0.0,ACL
2012-11-12 00:00:00-05:00,11400.0,11500.0,11400.0,11500.0,18110,0.0,0.0,ACL
2012-11-13 00:00:00-05:00,11500.0,11600.0,11500.0,11600.0,9020,0.0,0.0,ACL
2012-11-14 00:00:00-05:00,11900.0,11900.0,11800.0,11800.0,2800,0.0,0.0,ACL
2012-11-15 00:00:00-05:00,11800.0,11800.0,11600.0,11600.0,8620,0.0,0.0,ACL
2012-11-16 00:00:00-05:00,11600.0,11600.0,11400.0,11400.0,15660,0.0,0.0,ACL
2012-11-19 00:00:00-05:00,11600.0,11700.0,11600.0,11600.0,18310,0.0,0.0,ACL
2012-11-20 00:00:00-05:00,11500.0,11500.0,11400.0,11500.0,12610,0.0,0.0,ACL
2012-11-21 00:00:00-05:00,11500.0,11500.0,11400.0,11500.0,3930,0.0,0.0,ACL
2012-11-23 00:00:00-05:00,11400.0,11500.0,11400.0,11400.0,3600,0.0,0.0,ACL
2012-11-26 00:00:00-05:00,11500.0,11600.0,11500.0,11500.0,25290,0.0,0.0,ACL
2012-11-27 00:00:00-05:00,11500.0,11600.0,11500.0,11500.0,15930,0.0,0.0,ACL
2012-11-28 00:00:00-05:00,11500.0,11700.0,11500.0,11600.0,19990,0.0,0.0,ACL
2012-11-29 00:00:00-05:00,11600.0,12100.0,11600.0,12100.0,16180,0.0,0.0,ACL
2012-11-30 00:00:00-05:00,12100.0,12100.0,12000.0,12000.0,1400,0.0,0.0,ACL
2012-12-03 00:00:00-05:00,11500.0,12000.0,11500.0,12000.0,1710,0.0,0.0,ACL
2012-12-04 00:00:00-05:00,12100.0,12600.0,12100.0,12100.0,2000,0.0,0.0,ACL
2012-12-05 00:00:00-05:00,12100.0,12200.0,12100.0,12200.0,4690,0.0,0.0,ACL
2012-12-06 00:00:00-05:00,12300.0,12300.0,12000.0,12000.0,2610,0.0,0.0,ACL
2012-12-07 00:00:00-05:00,12000.0,12000.0,11900.0,12000.0,4620,0.0,0.0,ACL
2012-12-10 00:00:00-05:00,12000.0,12200.0,12000.0,12200.0,4010,0.0,0.0,ACL
2012-12-11 00:00:00-05:00,12000.0,12100.0,12000.0,12000.0,3210,0.0,0.0,ACL
2012-12-12 00:00:00-05:00,11900.0,12000.0,11600.0,12000.0,13060,0.0,0.0,ACL
2012-12-13 00:00:00-05:00,11800.0,11900.0,11800.0,11900.0,110,0.0,0.0,ACL
2012-12-14 00:00:00-05:00,11900.0,11900.0,11800.0,11800.0,3080,0.0,0.0,ACL
2012-12-17 00:00:00-05:00,11700.0,12000.0,11600.0,12000.0,4970,0.0,0.0,ACL
2012-12-18 00:00:00-05:00,11700.0,11700.0,11600.0,11700.0,3340,0.0,0.0,ACL
2012-12-19 00:00:00-05:00,11700.0,11700.0,11700.0,11700.0,10490,0.0,0.0,ACL
2012-12-20 00:00:00-05:00,11700.0,11900.0,11700.0,11900.0,210,0.0,0.0,ACL
2012-12-21 00:00:00-05:00,11900.0,11900.0,11900.0,11900.0,3850,0.0,0.0,ACL
2012-12-24 00:00:00-05:00,11900.0,12000.0,11900.0,11900.0,9290,0.0,0.0,ACL
2012-12-26 00:00:00-05:00,11900.0,12000.0,11900.0,12000.0,13460,0.0,0.0,ACL
2012-12-27 00:00:00-05:00,11900.0,12600.0,11900.0,12200.0,24500,0.0,0.0,ACL
2012-12-28 00:00:00-05:00,12200.0,12600.0,12000.0,12600.0,4660,0.0,0.0,ACL
2012-12-31 00:00:00-05:00,12600.0,12600.0,12600.0,12600.0,0,0.0,0.0,ACL
2013-01-02 00:00:00-05:00,12500.0,12500.0,12500.0,12500.0,30600,0.0,0.0,ACL
2013-01-03 00:00:00-05:00,12500.0,12500.0,12100.0,12100.0,4650,0.0,0.0,ACL
2013-01-04 00:00:00-05:00,12100.0,12300.0,12100.0,12200.0,2720,0.0,0.0,ACL
2013-01-07 00:00:00-05:00,12200.0,12800.0,12200.0,12600.0,12700,0.0,0.0,ACL
2013-01-08 00:00:00-05:00,12500.0,13000.0,12300.0,13000.0,28220,0.0,0.0,ACL
2013-01-09 00:00:00-05:00,13000.0,13100.0,12600.0,12900.0,4170,0.0,0.0,ACL
2013-01-10 00:00:00-05:00,12800.0,12900.0,12500.0,12900.0,6550,0.0,0.0,ACL
2013-01-11 00:00:00-05:00,12900.0,13000.0,12700.0,12900.0,10000,0.0,0.0,ACL
2013-01-14 00:00:00-05:00,12900.0,12900.0,12500.0,12600.0,11500,0.0,0.0,ACL
2013-01-15 00:00:00-05:00,12800.0,12800.0,12800.0,12800.0,50,0.0,0.0,ACL
2013-01-16 00:00:00-05:00,12900.0,13000.0,12000.0,12700.0,12590,0.0,0.0,ACL
2013-01-17 00:00:00-05:00,12500.0,12600.0,12200.0,12600.0,1800,0.0,0.0,ACL
2013-01-18 00:00:00-05:00,12600.0,12600.0,11800.0,12000.0,8740,0.0,0.0,ACL
2013-01-22 00:00:00-05:00,12000.0,12000.0,11200.0,11600.0,18300,0.0,0.0,ACL
2013-01-23 00:00:00-05:00,11500.0,11600.0,11500.0,11500.0,1930,0.0,0.0,ACL
2013-01-24 00:00:00-05:00,11400.0,11600.0,11200.0,11600.0,2830,0.0,0.0,ACL
2013-01-25 00:00:00-05:00,11900.0,11900.0,11700.0,11700.0,11370,0.0,0.0,ACL
2013-01-28 00:00:00-05:00,11700.0,12000.0,11500.0,11700.0,34570,0.0,0.0,ACL
2013-01-29 00:00:00-05:00,11600.0,11700.0,11500.0,11500.0,86560,0.0,0.0,ACL
2013-01-30 00:00:00-05:00,11600.0,11800.0,11600.0,11800.0,2530,0.0,0.0,ACL
2013-01-31 00:00:00-05:00,11700.0,11800.0,11600.0,11800.0,13130,0.0,0.0,ACL
2013-02-01 00:00:00-05:00,11800.0,11800.0,11600.0,11700.0,15830,0.0,0.0,ACL
2013-02-04 00:00:00-05:00,11700.0,11700.0,11600.0,11700.0,7100,0.0,0.0,ACL
2013-02-05 00:00:00-05:00,11700.0,11700.0,11600.0,11600.0,380,0.0,0.0,ACL
2013-02-06 00:00:00-05:00,11700.0,11700.0,11300.0,11300.0,21220,0.0,0.0,ACL
2013-02-07 00:00:00-05:00,11200.0,11700.0,11100.0,11300.0,3320,0.0,0.0,ACL
2013-02-08 00:00:00-05:00,11600.0,12000.0,11400.0,12000.0,9350,0.0,0.0,ACL
2013-02-11 00:00:00-05:00,12000.0,12000.0,12000.0,12000.0,0,0.0,0.0,ACL
2013-02-12 00:00:00-05:00,12000.0,12000.0,12000.0,12000.0,0,0.0,0.0,ACL
2013-02-13 00:00:00-05:00,12000.0,12000.0,12000.0,12000.0,0,0.0,0.0,ACL
2013-02-14 00:00:00-05:00,12000.0,12000.0,12000.0,12000.0,0,0.0,0.0,ACL
2013-02-15 00:00:00-05:00,12000.0,12000.0,12000.0,12000.0,0,0.0,0.0,ACL
2013-02-19 00:00:00-05:00,12500.0,12500.0,11800.0,12000.0,46310,0.0,0.0,ACL
2013-02-20 00:00:00-05:00,11600.0,12000.0,11600.0,12000.0,4940,0.0,0.0,ACL
2013-02-21 00:00:00-05:00,11800.0,12200.0,11700.0,12000.0,10830,0.0,0.0,ACL
2013-02-22 00:00:00-05:00,11800.0,11900.0,11600.0,11700.0,16430,0.0,0.0,ACL
2013-02-25 00:00:00-05:00,12000.0,12000.0,12000.0,12000.0,110,0.0,0.0,ACL
2013-02-26 00:00:00-05:00,11800.0,11800.0,11600.0,11700.0,37480,0.0,0.0,ACL
2013-02-27 00:00:00-05:00,11700.0,11800.0,11700.0,11700.0,5560,0.0,0.0,ACL
2013-02-28 00:00:00-05:00,11700.0,11800.0,11700.0,11800.0,1100,0.0,0.0,ACL
2013-03-01 00:00:00-05:00,11600.0,11800.0,11600.0,11800.0,60,0.0,0.0,ACL
2013-03-04 00:00:00-05:00,11800.0,11800.0,11600.0,11600.0,15560,0.0,0.0,ACL
2013-03-05 00:00:00-05:00,11500.0,11700.0,11500.0,11600.0,5580,0.0,0.0,ACL
2013-03-06 00:00:00-05:00,11600.0,11700.0,11600.0,11700.0,2380,0.0,0.0,ACL
2013-03-07 00:00:00-05:00,11600.0,11700.0,11600.0,11600.0,9860,0.0,0.0,ACL
2013-03-08 00:00:00-05:00,11700.0,11800.0,11700.0,11800.0,15050,0.0,0.0,ACL
2013-03-11 00:00:00-04:00,11800.0,12000.0,11600.0,11900.0,20610,0.0,0.0,ACL
2013-03-12 00:00:00-04:00,12200.0,12200.0,11800.0,11900.0,2810,0.0,0.0,ACL
2013-03-13 00:00:00-04:00,11900.0,11900.0,11800.0,11900.0,10910,0.0,0.0,ACL
2013-03-14 00:00:00-04:00,11600.0,11900.0,11600.0,11900.0,1340,0.0,0.0,ACL
2013-03-15 00:00:00-04:00,11300.0,11800.0,11300.0,11600.0,25360,0.0,0.0,ACL
2013-03-18 00:00:00-04:00,11500.0,11600.0,11400.0,11600.0,6070,0.0,0.0,ACL
2013-03-19 00:00:00-04:00,11500.0,11600.0,11500.0,11600.0,3460,0.0,0.0,ACL
2013-03-20 00:00:00-04:00,11400.0,11600.0,11400.0,11600.0,950,0.0,0.0,ACL
2013-03-21 00:00:00-04:00,11400.0,11600.0,11400.0,11600.0,1530,0.0,0.0,ACL
2013-03-22 00:00:00-04:00,11000.0,11600.0,11000.0,11600.0,70,0.0,0.0,ACL
2013-03-25 00:00:00-04:00,11600.0,11600.0,11600.0,11600.0,100,0.0,0.0,ACL
2013-03-26 00:00:00-04:00,11400.0,11700.0,11400.0,11500.0,3740,0.0,0.0,ACL
2013-03-27 00:00:00-04:00,11500.0,11500.0,11500.0,11500.0,500,0.0,0.0,ACL
2013-03-28 00:00:00-04:00,11500.0,11500.0,11300.0,11500.0,1510,0.0,0.0,ACL
2013-04-01 00:00:00-04:00,11500.0,11800.0,11500.0,11500.0,15010,0.0,0.0,ACL
2013-04-02 00:00:00-04:00,11100.0,11500.0,11100.0,11500.0,16400,0.0,0.0,ACL
2013-04-03 00:00:00-04:00,11300.0,11400.0,11300.0,11300.0,13730,0.0,0.0,ACL
2013-04-04 00:00:00-04:00,11300.0,11500.0,11300.0,11500.0,2620,0.0,0.0,ACL
2013-04-05 00:00:00-04:00,11300.0,11300.0,11300.0,11300.0,83350,0.0,0.0,ACL
2013-04-08 00:00:00-04:00,11300.0,11300.0,11200.0,11200.0,26170,0.0,0.0,ACL
2013-04-09 00:00:00-04:00,11400.0,11400.0,11100.0,11100.0,115510,0.0,0.0,ACL
2013-04-10 00:00:00-04:00,11300.0,11500.0,11200.0,11200.0,570,0.0,0.0,ACL
2013-04-11 00:00:00-04:00,11200.0,11300.0,11200.0,11200.0,7180,0.0,0.0,ACL
2013-04-12 00:00:00-04:00,11200.0,11300.0,11200.0,11200.0,4280,0.0,0.0,ACL
2013-04-15 00:00:00-04:00,11200.0,11400.0,11200.0,11400.0,1970,0.0,0.0,ACL
2013-04-16 00:00:00-04:00,11400.0,11400.0,11200.0,11300.0,2660,0.0,0.0,ACL
2013-04-17 00:00:00-04:00,11500.0,11500.0,11100.0,11100.0,6110,0.0,0.0,ACL
2013-04-18 00:00:00-04:00,11300.0,11800.0,11200.0,11600.0,1270,0.0,0.0,ACL
2013-04-19 00:00:00-04:00,11600.0,11600.0,11600.0,11600.0,0,0.0,0.0,ACL
2013-04-22 00:00:00-04:00,11600.0,11600.0,11600.0,11600.0,5510,0.0,0.0,ACL
2013-04-23 00:00:00-04:00,11500.0,11500.0,11400.0,11400.0,110,0.0,0.0,ACL
2013-04-24 00:00:00-04:00,10800.0,11400.0,10700.0,11400.0,1470,0.0,0.0,ACL
2013-04-25 00:00:00-04:00,11400.0,11400.0,10900.0,11300.0,240,0.0,0.0,ACL
2013-04-26 00:00:00-04:00,10700.0,11200.0,10700.0,11200.0,11010,0.0,0.0,ACL
2013-04-29 00:00:00-04:00,11200.0,11200.0,11200.0,11200.0,0,0.0,0.0,ACL
2013-04-30 00:00:00-04:00,11200.0,11200.0,11200.0,11200.0,0,0.0,0.0,ACL
2013-05-01 00:00:00-04:00,11200.0,11200.0,11200.0,11200.0,0,0.0,0.0,ACL
2013-05-02 00:00:00-04:00,11000.0,11200.0,10700.0,11200.0,5060,0.0,0.0,ACL
2013-05-03 00:00:00-04:00,11200.0,11200.0,10900.0,11200.0,22170,0.0,0.0,ACL
2013-05-06 00:00:00-04:00,10500.0,11200.0,10500.0,11200.0,220,0.0,0.0,ACL
2013-05-07 00:00:00-04:00,11200.0,11200.0,11200.0,11200.0,28,0.0,0.0,ACL
2013-05-08 00:00:00-04:00,11000.0,11000.0,11000.0,11000.0,370,0.0,0.0,ACL
2013-05-09 00:00:00-04:00,11000.0,11000.0,11000.0,11000.0,750,0.0,0.0,ACL
2013-05-10 00:00:00-04:00,11200.0,11200.0,11200.0,11200.0,3510,0.0,0.0,ACL
2013-05-13 00:00:00-04:00,11300.0,11500.0,11200.0,11500.0,6040,0.0,0.0,ACL
2013-05-14 00:00:00-04:00,11200.0,11200.0,11200.0,11200.0,10450,0.0,0.0,ACL
2013-05-15 00:00:00-04:00,11400.0,11400.0,11300.0,11400.0,4420,0.0,0.0,ACL
2013-05-16 00:00:00-04:00,11200.0,11200.0,11200.0,11200.0,14670,0.0,0.0,ACL
2013-05-17 00:00:00-04:00,11200.0,11200.0,11200.0,11200.0,21000,0.0,0.0,ACL
2013-05-20 00:00:00-04:00,11100.0,11400.0,11000.0,11400.0,6180,0.0,0.0,ACL
2013-05-21 00:00:00-04:00,11400.0,11400.0,10700.0,10700.0,26010,0.0,0.0,ACL
2013-05-22 00:00:00-04:00,11300.0,11300.0,11300.0,11300.0,10,0.0,0.0,ACL
2013-05-23 00:00:00-04:00,11300.0,11300.0,10800.0,11300.0,2430,0.0,0.0,ACL
2013-05-24 00:00:00-04:00,10800.0,11000.0,10800.0,11000.0,620,0.0,0.0,ACL
2013-05-28 00:00:00-04:00,11000.0,11100.0,11000.0,11100.0,410,0.0,0.0,ACL
2013-05-29 00:00:00-04:00,11000.0,11000.0,11000.0,11000.0,4000,0.0,0.0,ACL
2013-05-30 00:00:00-04:00,11200.0,11200.0,11200.0,11200.0,10,0.0,0.0,ACL
2013-05-31 00:00:00-04:00,10800.0,11100.0,10800.0,11100.0,530,0.0,0.0,ACL
2013-06-03 00:00:00-04:00,10800.0,11000.0,10800.0,11000.0,3310,0.0,0.0,ACL
2013-06-04 00:00:00-04:00,11100.0,11100.0,10500.0,11000.0,24780,0.0,0.0,ACL
2013-06-05 00:00:00-04:00,11100.0,11200.0,11100.0,11200.0,9950,0.0,0.0,ACL
2013-06-06 00:00:00-04:00,11200.0,11200.0,11200.0,11200.0,0,0.0,0.0,ACL
2013-06-07 00:00:00-04:00,11100.0,11200.0,11100.0,11200.0,12400,0.0,0.0,ACL
2013-06-10 00:00:00-04:00,11200.0,11400.0,11200.0,11200.0,15260,0.0,0.0,ACL
2013-06-11 00:00:00-04:00,11000.0,11300.0,11000.0,11200.0,2430,0.0,0.0,ACL
2013-06-12 00:00:00-04:00,11000.0,11200.0,10800.0,10800.0,2170,0.0,0.0,ACL
2013-06-13 00:00:00-04:00,11200.0,11200.0,10800.0,10800.0,720,0.0,0.0,ACL
2013-06-14 00:00:00-04:00,11300.0,11300.0,10800.0,11200.0,6480,0.0,0.0,ACL
2013-06-17 00:00:00-04:00,11000.0,11000.0,11000.0,11000.0,4120,0.0,0.0,ACL
2013-06-18 00:00:00-04:00,10500.0,11200.0,10500.0,11200.0,360,0.0,0.0,ACL
2013-06-19 00:00:00-04:00,11200.0,11300.0,11100.0,11100.0,5610,0.0,0.0,ACL
2013-06-20 00:00:00-04:00,11100.0,11100.0,11100.0,11100.0,4560,0.0,0.0,ACL
2013-06-21 00:00:00-04:00,11100.0,11100.0,11100.0,11100.0,10,0.0,0.0,ACL
2013-06-24 00:00:00-04:00,10800.0,11800.0,10800.0,11800.0,20,0.0,0.0,ACL
2013-06-25 00:00:00-04:00,11100.0,11100.0,11000.0,11100.0,660,0.0,0.0,ACL
2013-06-26 00:00:00-04:00,10700.0,11200.0,10700.0,10800.0,310,0.0,0.0,ACL
2013-06-27 00:00:00-04:00,10800.0,10800.0,10800.0,10800.0,0,0.0,0.0,ACL
2013-06-28 00:00:00-04:00,11100.0,11100.0,11000.0,11000.0,200,0.0,0.0,ACL
2013-07-01 00:00:00-04:00,10500.0,11100.0,10500.0,11100.0,110,0.0,0.0,ACL
2013-07-02 00:00:00-04:00,10500.0,11100.0,10500.0,11100.0,40,0.0,0.0,ACL
2013-07-03 00:00:00-04:00,10500.0,11100.0,10500.0,11100.0,20,0.0,0.0,ACL
2013-07-05 00:00:00-04:00,10900.0,11000.0,10900.0,11000.0,4600,0.0,0.0,ACL
2013-07-08 00:00:00-04:00,10500.0,11000.0,10500.0,11000.0,30,0.0,0.0,ACL
2013-07-09 00:00:00-04:00,10600.0,10700.0,10600.0,10600.0,2340,0.0,0.0,ACL
2013-07-10 00:00:00-04:00,10600.0,11000.0,9900.0,9900.0,6350,0.0,0.0,ACL
2013-07-11 00:00:00-04:00,9800.0,10500.0,9800.0,10500.0,6120,0.0,0.0,ACL
2013-07-12 00:00:00-04:00,11000.0,11000.0,10200.0,10700.0,2850,0.0,0.0,ACL
2013-07-15 00:00:00-04:00,10500.0,10500.0,10500.0,10500.0,250,0.0,0.0,ACL
2013-07-16 00:00:00-04:00,10400.0,11000.0,10400.0,10600.0,1640,0.0,0.0,ACL
2013-07-17 00:00:00-04:00,10600.0,10600.0,10600.0,10600.0,0,0.0,0.0,ACL
2013-07-18 00:00:00-04:00,10900.0,11000.0,10600.0,10900.0,1710,0.0,0.0,ACL
2013-07-19 00:00:00-04:00,10600.0,10600.0,10600.0,10600.0,2550,0.0,0.0,ACL
2013-07-22 00:00:00-04:00,11200.0,11200.0,11200.0,11200.0,60,0.0,0.0,ACL
2013-07-23 00:00:00-04:00,11200.0,11200.0,10600.0,11000.0,1090,0.0,0.0,ACL
2013-07-24 00:00:00-04:00,11000.0,11000.0,11000.0,11000.0,0,0.0,0.0,ACL
2013-07-25 00:00:00-04:00,10600.0,10600.0,10300.0,10600.0,14740,0.0,0.0,ACL
2013-07-26 00:00:00-04:00,10900.0,10900.0,10000.0,10000.0,260,0.0,0.0,ACL
2013-07-29 00:00:00-04:00,9400.0,10500.0,9300.0,10500.0,2090,0.0,0.0,ACL
2013-07-30 00:00:00-04:00,10500.0,10500.0,9800.0,10200.0,5020,0.0,0.0,ACL
2013-07-31 00:00:00-04:00,10000.0,10800.0,10000.0,10200.0,1890,0.0,0.0,ACL
2013-08-01 00:00:00-04:00,9500.0,9800.0,9500.0,9500.0,33740,0.0,0.0,ACL
2013-08-02 00:00:00-04:00,9100.0,10000.0,9100.0,10000.0,50,0.0,0.0,ACL
2013-08-05 00:00:00-04:00,9400.0,10600.0,9300.0,10600.0,260,0.0,0.0,ACL
2013-08-06 00:00:00-04:00,10000.0,10000.0,10000.0,10000.0,260,0.0,0.0,ACL
2013-08-07 00:00:00-04:00,10000.0,10200.0,9500.0,9500.0,2720,0.0,0.0,ACL
2013-08-08 00:00:00-04:00,10100.0,10100.0,9500.0,9500.0,160,0.0,0.0,ACL
2013-08-09 00:00:00-04:00,10000.0,10100.0,9500.0,9500.0,260,0.0,0.0,ACL
2013-08-12 00:00:00-04:00,9800.0,9800.0,9800.0,9800.0,10,0.0,0.0,ACL
2013-08-13 00:00:00-04:00,9800.0,9900.0,9800.0,9900.0,20,0.0,0.0,ACL
2013-08-14 00:00:00-04:00,9800.0,9800.0,9800.0,9800.0,2000,0.0,0.0,ACL
2013-08-15 00:00:00-04:00,9700.0,9800.0,9700.0,9800.0,1110,0.0,0.0,ACL
2013-08-16 00:00:00-04:00,9800.0,9800.0,9800.0,9800.0,3000,0.0,0.0,ACL
2013-08-19 00:00:00-04:00,9800.0,9800.0,9800.0,9800.0,2820,0.0,0.0,ACL
2013-08-20 00:00:00-04:00,9800.0,9800.0,9800.0,9800.0,380,0.0,0.0,ACL
2013-08-21 00:00:00-04:00,9800.0,9800.0,9800.0,9800.0,8300,0.0,0.0,ACL
2013-08-22 00:00:00-04:00,9800.0,9800.0,9500.0,9500.0,2350,0.0,0.0,ACL
2013-08-23 00:00:00-04:00,9400.0,9500.0,9400.0,9500.0,4460,0.0,0.0,ACL
2013-08-26 00:00:00-04:00,9500.0,9500.0,9000.0,9500.0,9600,0.0,0.0,ACL
2013-08-27 00:00:00-04:00,9800.0,9800.0,9800.0,9800.0,10,0.0,0.0,ACL
2013-08-28 00:00:00-04:00,9800.0,9800.0,9800.0,9800.0,0,0.0,0.0,ACL
2013-08-29 00:00:00-04:00,9800.0,9800.0,9800.0,9800.0,0,0.0,0.0,ACL
2013-08-30 00:00:00-04:00,9300.0,9700.0,9200.0,9700.0,120,0.0,0.0,ACL
2013-09-03 00:00:00-04:00,9300.0,9300.0,9300.0,9300.0,80,0.0,0.0,ACL
2013-09-04 00:00:00-04:00,9700.0,9700.0,9700.0,9700.0,10,0.0,0.0,ACL
2013-09-05 00:00:00-04:00,9600.0,9700.0,9600.0,9700.0,510,0.0,0.0,ACL
2013-09-06 00:00:00-04:00,9200.0,9700.0,9200.0,9700.0,420,0.0,0.0,ACL
2013-09-09 00:00:00-04:00,9200.0,9700.0,9200.0,9700.0,270,0.0,0.0,ACL
2013-09-10 00:00:00-04:00,9700.0,9700.0,9700.0,9700.0,0,0.0,0.0,ACL
2013-09-11 00:00:00-04:00,9200.0,9200.0,9200.0,9200.0,950,0.0,0.0,ACL
2013-09-12 00:00:00-04:00,8600.0,9300.0,8600.0,9300.0,7460,0.0,0.0,ACL
2013-09-13 00:00:00-04:00,9200.0,9400.0,9200.0,9400.0,60,0.0,0.0,ACL
2013-09-16 00:00:00-04:00,9300.0,9400.0,9200.0,9400.0,90,0.0,0.0,ACL
2013-09-17 00:00:00-04:00,9400.0,9400.0,9400.0,9400.0,0,0.0,0.0,ACL
2013-09-18 00:00:00-04:00,9000.0,9400.0,9000.0,9400.0,80,0.0,0.0,ACL
2013-09-19 00:00:00-04:00,9400.0,9400.0,9400.0,9400.0,0,0.0,0.0,ACL
2013-09-20 00:00:00-04:00,9400.0,9400.0,9400.0,9400.0,0,0.0,0.0,ACL
2013-09-23 00:00:00-04:00,9500.0,10000.0,9500.0,10000.0,20,0.0,0.0,ACL
2013-09-24 00:00:00-04:00,9400.0,9900.0,9400.0,9800.0,420,0.0,0.0,ACL
2013-09-25 00:00:00-04:00,9900.0,9900.0,9900.0,9900.0,10,0.0,0.0,ACL
2013-09-26 00:00:00-04:00,9900.0,9900.0,9900.0,9900.0,0,0.0,0.0,ACL
2013-09-27 00:00:00-04:00,9300.0,9300.0,9300.0,9300.0,2150,0.0,0.0,ACL
2013-09-30 00:00:00-04:00,9500.0,9500.0,8700.0,8700.0,5640,0.0,0.0,ACL
2013-10-01 00:00:00-04:00,8500.0,8600.0,8400.0,8500.0,3450,0.0,0.0,ACL
2013-10-02 00:00:00-04:00,8500.0,8600.0,8000.0,8500.0,40610,0.0,0.0,ACL
2013-10-03 00:00:00-04:00,8500.0,8900.0,8500.0,8900.0,3290,0.0,0.0,ACL
2013-10-04 00:00:00-04:00,8900.0,8900.0,8900.0,8900.0,660,0.0,0.0,ACL
2013-10-07 00:00:00-04:00,9100.0,9100.0,8300.0,8400.0,1080,0.0,0.0,ACL
2013-10-08 00:00:00-04:00,8900.0,8900.0,8500.0,8500.0,3630,0.0,0.0,ACL
2013-10-09 00:00:00-04:00,8600.0,8800.0,8600.0,8600.0,70,0.0,0.0,ACL
2013-10-10 00:00:00-04:00,8800.0,8800.0,8300.0,8600.0,1020,0.0,0.0,ACL
2013-10-11 00:00:00-04:00,8600.0,8600.0,8600.0,8600.0,130,0.0,0.0,ACL
2013-10-14 00:00:00-04:00,8500.0,8800.0,8000.0,8600.0,2370,0.0,0.0,ACL
2013-10-15 00:00:00-04:00,8800.0,8800.0,8600.0,8600.0,310,0.0,0.0,ACL
2013-10-16 00:00:00-04:00,8300.0,8600.0,8000.0,8400.0,2940,0.0,0.0,ACL
2013-10-17 00:00:00-04:00,8200.0,8500.0,8200.0,8500.0,9560,0.0,0.0,ACL
2013-10-18 00:00:00-04:00,8200.0,8400.0,8200.0,8300.0,2640,0.0,0.0,ACL
2013-10-21 00:00:00-04:00,8300.0,8600.0,8300.0,8600.0,20630,0.0,0.0,ACL
2013-10-22 00:00:00-04:00,8500.0,8500.0,8400.0,8500.0,10420,0.0,0.0,ACL
2013-10-23 00:00:00-04:00,8700.0,8700.0,8700.0,8700.0,4260,0.0,0.0,ACL
2013-10-24 00:00:00-04:00,8700.0,8800.0,8400.0,8800.0,13700,0.0,0.0,ACL
2013-10-25 00:00:00-04:00,8800.0,8800.0,8600.0,8600.0,8550,0.0,0.0,ACL
2013-10-28 00:00:00-04:00,8800.0,8800.0,8600.0,8700.0,2630,0.0,0.0,ACL
2013-10-29 00:00:00-04:00,8700.0,8800.0,8600.0,8800.0,14010,0.0,0.0,ACL
2013-10-30 00:00:00-04:00,8900.0,9000.0,8900.0,9000.0,2230,0.0,0.0,ACL
2013-10-31 00:00:00-04:00,8800.0,9500.0,8800.0,9500.0,6460,0.0,0.0,ACL
2013-11-01 00:00:00-04:00,9500.0,9600.0,9200.0,9200.0,4990,0.0,0.0,ACL
2013-11-04 00:00:00-05:00,8800.0,9700.0,8800.0,9500.0,5670,0.0,0.0,ACL
2013-11-05 00:00:00-05:00,8900.0,8900.0,8900.0,8900.0,330,0.0,0.0,ACL
2013-11-06 00:00:00-05:00,9200.0,9400.0,9100.0,9400.0,7460,0.0,0.0,ACL
2013-11-07 00:00:00-05:00,9300.0,10000.0,9100.0,10000.0,5000,0.0,0.0,ACL
2013-11-08 00:00:00-05:00,9400.0,9900.0,9400.0,9900.0,30,0.0,0.0,ACL
2013-11-11 00:00:00-05:00,9400.0,9900.0,9400.0,9500.0,2140,0.0,0.0,ACL
2013-11-12 00:00:00-05:00,9400.0,9400.0,9400.0,9400.0,3020,0.0,0.0,ACL
2013-11-13 00:00:00-05:00,9400.0,9600.0,9400.0,9600.0,12970,0.0,0.0,ACL
2013-11-14 00:00:00-05:00,9600.0,9600.0,9200.0,9200.0,20,0.0,0.0,ACL
2013-11-15 00:00:00-05:00,9400.0,9600.0,9200.0,9200.0,7170,0.0,0.0,ACL
2013-11-18 00:00:00-05:00,9200.0,9400.0,9200.0,9400.0,36950,0.0,0.0,ACL
2013-11-19 00:00:00-05:00,9000.0,9500.0,9000.0,9500.0,130,0.0,0.0,ACL
2013-11-20 00:00:00-05:00,9400.0,9500.0,9400.0,9400.0,2820,0.0,0.0,ACL
2013-11-21 00:00:00-05:00,9400.0,9500.0,9100.0,9400.0,10150,0.0,0.0,ACL
2013-11-22 00:00:00-05:00,8900.0,9300.0,8900.0,9100.0,20030,0.0,0.0,ACL
2013-11-25 00:00:00-05:00,8900.0,9200.0,8900.0,9100.0,5030,0.0,0.0,ACL
2013-11-26 00:00:00-05:00,9300.0,9500.0,9300.0,9400.0,8820,0.0,0.0,ACL
2013-11-27 00:00:00-05:00,9400.0,9600.0,9100.0,9400.0,2400,0.0,0.0,ACL
2013-11-29 00:00:00-05:00,9900.0,9900.0,9200.0,9500.0,9090,0.0,0.0,ACL
2013-12-02 00:00:00-05:00,9500.0,10000.0,9300.0,9300.0,2110,0.0,0.0,ACL
2013-12-03 00:00:00-05:00,9600.0,9600.0,9400.0,9400.0,20,0.0,0.0,ACL
2013-12-04 00:00:00-05:00,9300.0,9600.0,9300.0,9600.0,170,0.0,0.0,ACL
2013-12-05 00:00:00-05:00,9600.0,9600.0,9600.0,9600.0,100,0.0,0.0,ACL
2013-12-06 00:00:00-05:00,9300.0,9800.0,9200.0,9800.0,5580,0.0,0.0,ACL
2013-12-09 00:00:00-05:00,9500.0,9900.0,9500.0,9900.0,6200,0.0,0.0,ACL
2013-12-10 00:00:00-05:00,9900.0,10000.0,9900.0,10000.0,3100,0.0,0.0,ACL
2013-12-11 00:00:00-05:00,10000.0,10000.0,9600.0,9600.0,8980,0.0,0.0,ACL
2013-12-12 00:00:00-05:00,9600.0,10000.0,9500.0,9600.0,40650,0.0,0.0,ACL
2013-12-13 00:00:00-05:00,9300.0,9900.0,9300.0,9800.0,5160,0.0,0.0,ACL
2013-12-16 00:00:00-05:00,9800.0,9800.0,9800.0,9800.0,100,0.0,0.0,ACL
2013-12-17 00:00:00-05:00,9700.0,10000.0,9700.0,10000.0,32960,0.0,0.0,ACL
2013-12-18 00:00:00-05:00,10000.0,10000.0,10000.0,10000.0,10,0.0,0.0,ACL
2013-12-19 00:00:00-05:00,9500.0,10500.0,9500.0,10000.0,252880,0.0,0.0,ACL
2013-12-20 00:00:00-05:00,10000.0,10000.0,9700.0,9900.0,353000,0.0,0.0,ACL
2013-12-23 00:00:00-05:00,9700.0,9700.0,9700.0,9700.0,20,0.0,0.0,ACL
2013-12-24 00:00:00-05:00,10000.0,10000.0,9500.0,9500.0,850,0.0,0.0,ACL
2013-12-26 00:00:00-05:00,9600.0,9600.0,9600.0,9600.0,0,0.0,0.0,ACL
2013-12-27 00:00:00-05:00,9600.0,9600.0,9400.0,9500.0,33690,0.0,0.0,ACL
2013-12-30 00:00:00-05:00,9500.0,9500.0,9500.0,9500.0,6080,0.0,0.0,ACL
2013-12-31 00:00:00-05:00,9500.0,9500.0,9500.0,9500.0,0,0.0,0.0,ACL
2014-01-02 00:00:00-05:00,10000.0,10000.0,8900.0,9900.0,1630,0.0,0.0,ACL
2014-01-03 00:00:00-05:00,9900.0,9900.0,9900.0,9900.0,0,0.0,0.0,ACL
2014-01-06 00:00:00-05:00,9900.0,9900.0,9900.0,9900.0,0,0.0,0.0,ACL
2014-01-07 00:00:00-05:00,9900.0,9900.0,9500.0,9500.0,2120,0.0,0.0,ACL
2014-01-08 00:00:00-05:00,9500.0,9500.0,9500.0,9500.0,370,0.0,0.0,ACL
2014-01-09 00:00:00-05:00,9400.0,9800.0,9300.0,9800.0,5460,0.0,0.0,ACL
2014-01-10 00:00:00-05:00,9300.0,9300.0,9300.0,9300.0,15430,0.0,0.0,ACL
2014-01-13 00:00:00-05:00,9300.0,9300.0,9300.0,9300.0,0,0.0,0.0,ACL
2014-01-14 00:00:00-05:00,9700.0,9700.0,9700.0,9700.0,10,0.0,0.0,ACL
2014-01-15 00:00:00-05:00,9700.0,9900.0,9500.0,9500.0,380,0.0,0.0,ACL
2014-01-16 00:00:00-05:00,9700.0,9700.0,9700.0,9700.0,10,0.0,0.0,ACL
2014-01-17 00:00:00-05:00,9800.0,10000.0,9700.0,9700.0,6130,0.0,0.0,ACL
2014-01-21 00:00:00-05:00,9700.0,9700.0,9700.0,9700.0,1000,0.0,0.0,ACL
2014-01-22 00:00:00-05:00,9700.0,9800.0,9700.0,9700.0,6500,0.0,0.0,ACL
2014-01-23 00:00:00-05:00,9600.0,9600.0,9600.0,9600.0,400,0.0,0.0,ACL
2014-01-24 00:00:00-05:00,9600.0,9600.0,9600.0,9600.0,5500,0.0,0.0,ACL
2014-01-27 00:00:00-05:00,9700.0,9700.0,9400.0,9400.0,7110,0.0,0.0,ACL
2014-01-28 00:00:00-05:00,9400.0,9400.0,9400.0,9400.0,0,0.0,0.0,ACL
2014-01-29 00:00:00-05:00,9400.0,9400.0,9400.0,9400.0,0,0.0,0.0,ACL
2014-01-30 00:00:00-05:00,9400.0,9400.0,9400.0,9400.0,0,0.0,0.0,ACL
2014-01-31 00:00:00-05:00,9400.0,9400.0,9400.0,9400.0,0,0.0,0.0,ACL
2014-02-03 00:00:00-05:00,9400.0,9400.0,9400.0,9400.0,0,0.0,0.0,ACL
2014-02-04 00:00:00-05:00,9400.0,9400.0,9400.0,9400.0,0,0.0,0.0,ACL
2014-02-05 00:00:00-05:00,9400.0,9400.0,9400.0,9400.0,0,0.0,0.0,ACL
2014-02-06 00:00:00-05:00,9500.0,9900.0,9500.0,9900.0,510,0.0,0.0,ACL
2014-02-07 00:00:00-05:00,9500.0,9500.0,9300.0,9300.0,61050,0.0,0.0,ACL
2014-02-10 00:00:00-05:00,9300.0,9400.0,9300.0,9400.0,23020,0.0,0.0,ACL
2014-02-11 00:00:00-05:00,9500.0,9500.0,9400.0,9500.0,2320,0.0,0.0,ACL
2014-02-12 00:00:00-05:00,9500.0,9600.0,9300.0,9600.0,9620,0.0,0.0,ACL
2014-02-13 00:00:00-05:00,9600.0,9600.0,9300.0,9400.0,26900,0.0,0.0,ACL
2014-02-14 00:00:00-05:00,10000.0,10000.0,9400.0,9400.0,14210,0.0,0.0,ACL
2014-02-18 00:00:00-05:00,10000.0,10000.0,9600.0,9800.0,12110,0.0,0.0,ACL
2014-02-19 00:00:00-05:00,9800.0,9800.0,9800.0,9800.0,0,0.0,0.0,ACL
2014-02-20 00:00:00-05:00,9700.0,10000.0,9700.0,9800.0,42620,0.0,0.0,ACL
2014-02-21 00:00:00-05:00,10000.0,10000.0,9500.0,10000.0,5560,0.0,0.0,ACL
2014-02-24 00:00:00-05:00,10000.0,10300.0,9800.0,10000.0,55160,0.0,0.0,ACL
2014-02-25 00:00:00-05:00,9800.0,10200.0,9800.0,10000.0,21270,0.0,0.0,ACL
2014-02-26 00:00:00-05:00,9900.0,10100.0,9900.0,10000.0,13580,0.0,0.0,ACL
2014-02-27 00:00:00-05:00,10000.0,10100.0,9600.0,9800.0,15380,0.0,0.0,ACL
2014-02-28 00:00:00-05:00,10000.0,10000.0,9800.0,9900.0,1550,0.0,0.0,ACL
2014-03-03 00:00:00-05:00,10000.0,10000.0,9700.0,10000.0,6750,0.0,0.0,ACL
2014-03-04 00:00:00-05:00,10000.0,10000.0,9800.0,9900.0,6120,0.0,0.0,ACL
2014-03-05 00:00:00-05:00,9600.0,9900.0,9500.0,9900.0,6660,0.0,0.0,ACL
2014-03-06 00:00:00-05:00,9600.0,10000.0,9600.0,10000.0,3810,0.0,0.0,ACL
2014-03-07 00:00:00-05:00,9800.0,10000.0,9800.0,10000.0,7300,0.0,0.0,ACL
2014-03-10 00:00:00-04:00,10000.0,10100.0,9700.0,10100.0,29340,0.0,0.0,ACL
2014-03-11 00:00:00-04:00,10000.0,10000.0,9900.0,9900.0,12100,0.0,0.0,ACL
2014-03-12 00:00:00-04:00,9900.0,10000.0,9800.0,9900.0,12930,0.0,0.0,ACL
2014-03-13 00:00:00-04:00,9800.0,10400.0,9800.0,10400.0,43090,0.0,0.0,ACL
2014-03-14 00:00:00-04:00,10500.0,10600.0,10300.0,10600.0,14670,0.0,0.0,ACL
2014-03-17 00:00:00-04:00,10900.0,11200.0,10000.0,11200.0,26520,0.0,0.0,ACL
2014-03-18 00:00:00-04:00,10800.0,11900.0,10800.0,11800.0,31920,0.0,0.0,ACL
2014-03-19 00:00:00-04:00,11600.0,11900.0,11300.0,11700.0,40520,0.0,0.0,ACL
2014-03-20 00:00:00-04:00,11200.0,12000.0,10900.0,11700.0,18330,0.0,0.0,ACL
2014-03-21 00:00:00-04:00,11700.0,11900.0,11500.0,11900.0,3310,0.0,0.0,ACL
2014-03-24 00:00:00-04:00,11200.0,11900.0,11100.0,11800.0,17600,0.0,0.0,ACL
2014-03-25 00:00:00-04:00,11500.0,11800.0,11500.0,11500.0,34230,0.0,0.0,ACL
2014-03-26 00:00:00-04:00,11600.0,11600.0,10900.0,11400.0,69530,0.0,0.0,ACL
2014-03-27 00:00:00-04:00,11000.0,11000.0,10900.0,10900.0,31930,0.0,0.0,ACL
2014-03-28 00:00:00-04:00,10600.0,11200.0,10500.0,10700.0,21480,0.0,0.0,ACL
2014-03-31 00:00:00-04:00,10300.0,11000.0,10300.0,10500.0,27620,0.0,0.0,ACL
2014-04-01 00:00:00-04:00,10500.0,10500.0,9900.0,10200.0,23110,0.0,0.0,ACL
2014-04-02 00:00:00-04:00,10000.0,10000.0,9500.0,10000.0,26600,0.0,0.0,ACL
2014-04-03 00:00:00-04:00,10000.0,10700.0,10000.0,10500.0,16930,0.0,0.0,ACL
2014-04-04 00:00:00-04:00,10400.0,11000.0,10100.0,11000.0,16070,0.0,0.0,ACL
2014-04-07 00:00:00-04:00,11000.0,11000.0,10300.0,10500.0,29600,0.0,0.0,ACL
2014-04-08 00:00:00-04:00,10500.0,10800.0,10100.0,10500.0,32260,0.0,0.0,ACL
2014-04-09 00:00:00-04:00,10500.0,10500.0,10500.0,10500.0,0,0.0,0.0,ACL
2014-04-10 00:00:00-04:00,10200.0,10400.0,10100.0,10200.0,54920,0.0,0.0,ACL
2014-04-11 00:00:00-04:00,10200.0,10600.0,10200.0,10300.0,17510,0.0,0.0,ACL
2014-04-14 00:00:00-04:00,10000.0,10400.0,10000.0,10300.0,8620,0.0,0.0,ACL
2014-04-15 00:00:00-04:00,10000.0,10200.0,10000.0,10100.0,21420,0.0,0.0,ACL
2014-04-16 00:00:00-04:00,10200.0,10200.0,10000.0,10100.0,8880,0.0,0.0,ACL
2014-04-17 00:00:00-04:00,10000.0,10200.0,10000.0,10200.0,1480,0.0,0.0,ACL
2014-04-21 00:00:00-04:00,9900.0,9900.0,9700.0,9700.0,4140,0.0,0.0,ACL
2014-04-22 00:00:00-04:00,9700.0,9700.0,9700.0,9700.0,0,0.0,0.0,ACL
2014-04-23 00:00:00-04:00,10500.0,10500.0,9800.0,9800.0,210,0.0,0.0,ACL
2014-04-24 00:00:00-04:00,10200.0,10200.0,9800.0,9800.0,2350,0.0,0.0,ACL
2014-04-25 00:00:00-04:00,10200.0,10300.0,10200.0,10300.0,40,0.0,0.0,ACL
2014-04-28 00:00:00-04:00,10300.0,10300.0,10300.0,10300.0,0,0.0,0.0,ACL
2014-04-29 00:00:00-04:00,10300.0,10300.0,10300.0,10300.0,0,0.0,0.0,ACL
2014-04-30 00:00:00-04:00,10300.0,10300.0,10300.0,10300.0,0,0.0,0.0,ACL
2014-05-01 00:00:00-04:00,10300.0,10300.0,10300.0,10300.0,0,0.0,0.0,ACL
2014-05-02 00:00:00-04:00,10300.0,10300.0,10300.0,10300.0,0,0.0,0.0,ACL
2014-05-05 00:00:00-04:00,10300.0,10300.0,10300.0,10300.0,0,0.0,0.0,ACL
2014-05-06 00:00:00-04:00,10300.0,10300.0,10300.0,10300.0,520,0.0,0.0,ACL
2014-05-07 00:00:00-04:00,10300.0,10300.0,10300.0,10300.0,0,0.0,0.0,ACL
2014-05-08 00:00:00-04:00,9600.0,10200.0,9600.0,10000.0,870,0.0,0.0,ACL
2014-05-09 00:00:00-04:00,9400.0,9900.0,9400.0,9900.0,20,0.0,0.0,ACL
2014-05-12 00:00:00-04:00,9400.0,9400.0,9300.0,9300.0,3130,0.0,0.0,ACL
2014-05-13 00:00:00-04:00,9300.0,9300.0,9300.0,9300.0,0,0.0,0.0,ACL
2014-05-14 00:00:00-04:00,9600.0,9600.0,9500.0,9500.0,350,0.0,0.0,ACL
2014-05-15 00:00:00-04:00,9100.0,9500.0,9100.0,9500.0,390,0.0,0.0,ACL
2014-05-16 00:00:00-04:00,9500.0,9800.0,9500.0,9500.0,30,0.0,0.0,ACL
2014-05-19 00:00:00-04:00,9800.0,9800.0,9400.0,9500.0,1720,0.0,0.0,ACL
2014-05-20 00:00:00-04:00,9900.0,10000.0,9700.0,9700.0,2810,0.0,0.0,ACL
2014-05-21 00:00:00-04:00,9900.0,9900.0,9900.0,9900.0,10,0.0,0.0,ACL
2014-05-22 00:00:00-04:00,9500.0,10000.0,9400.0,9900.0,2900,0.0,0.0,ACL
2014-05-23 00:00:00-04:00,9400.0,9800.0,9400.0,9800.0,2810,0.0,0.0,ACL
2014-05-27 00:00:00-04:00,9400.0,9700.0,9400.0,9700.0,8100,0.0,0.0,ACL
2014-05-28 00:00:00-04:00,9700.0,9700.0,9700.0,9700.0,0,0.0,0.0,ACL
2014-05-29 00:00:00-04:00,9600.0,10200.0,9500.0,9500.0,860,0.0,0.0,ACL
2014-05-30 00:00:00-04:00,9700.0,9700.0,9700.0,9700.0,50,0.0,0.0,ACL
2014-06-02 00:00:00-04:00,9900.0,9900.0,9600.0,9600.0,20,0.0,0.0,ACL
2014-06-03 00:00:00-04:00,9900.0,9900.0,9600.0,9600.0,20,0.0,0.0,ACL
2014-06-04 00:00:00-04:00,9500.0,9500.0,9000.0,9200.0,4320,0.0,0.0,ACL
2014-06-05 00:00:00-04:00,9600.0,9600.0,9600.0,9600.0,10,0.0,0.0,ACL
2014-06-06 00:00:00-04:00,9700.0,9700.0,9700.0,9700.0,10,0.0,0.0,ACL
2014-06-09 00:00:00-04:00,9600.0,9600.0,9600.0,9600.0,500,0.0,0.0,ACL
2014-06-10 00:00:00-04:00,9000.0,9800.0,9000.0,9100.0,6350,0.0,0.0,ACL
2014-06-11 00:00:00-04:00,9100.0,9700.0,9100.0,9700.0,60,0.0,0.0,ACL
2014-06-12 00:00:00-04:00,9700.0,9700.0,9700.0,9700.0,100,0.0,0.0,ACL
2014-06-13 00:00:00-04:00,9700.0,9700.0,9200.0,9200.0,1850,0.0,0.0,ACL
2014-06-16 00:00:00-04:00,9200.0,9700.0,9200.0,9700.0,1720,0.0,0.0,ACL
2014-06-17 00:00:00-04:00,9500.0,9500.0,9500.0,9500.0,3930,0.0,0.0,ACL
2014-06-18 00:00:00-04:00,9700.0,9700.0,9400.0,9400.0,260,0.0,0.0,ACL
2014-06-19 00:00:00-04:00,9200.0,9900.0,9200.0,9900.0,760,0.0,0.0,ACL
2014-06-20 00:00:00-04:00,9300.0,9800.0,9300.0,9800.0,5910,0.0,0.0,ACL
2014-06-23 00:00:00-04:00,9200.0,9500.0,9200.0,9500.0,1670,0.0,0.0,ACL
2014-06-24 00:00:00-04:00,9200.0,9500.0,9200.0,9500.0,730,0.0,0.0,ACL
2014-06-25 00:00:00-04:00,9700.0,9700.0,9300.0,9700.0,40,0.0,0.0,ACL
2014-06-26 00:00:00-04:00,9700.0,9700.0,9500.0,9700.0,11920,0.0,0.0,ACL
2014-06-27 00:00:00-04:00,9700.0,9700.0,9200.0,9600.0,980,0.0,0.0,ACL
2014-06-30 00:00:00-04:00,9300.0,9300.0,9200.0,9300.0,3380,0.0,0.0,ACL
2014-07-01 00:00:00-04:00,9400.0,9600.0,9300.0,9600.0,10060,0.0,0.0,ACL
2014-07-02 00:00:00-04:00,9600.0,9600.0,9600.0,9600.0,0,0.0,0.0,ACL
2014-07-03 00:00:00-04:00,9600.0,9600.0,9600.0,9600.0,200,0.0,0.0,ACL
2014-07-07 00:00:00-04:00,9500.0,9500.0,9400.0,9500.0,8560,0.0,0.0,ACL
2014-07-08 00:00:00-04:00,9400.0,9500.0,9200.0,9500.0,12150,0.0,0.0,ACL
2014-07-09 00:00:00-04:00,9500.0,9500.0,9300.0,9500.0,1520,0.0,0.0,ACL
2014-07-10 00:00:00-04:00,9400.0,9400.0,9300.0,9300.0,2940,0.0,0.0,ACL
2014-07-11 00:00:00-04:00,9300.0,9500.0,9300.0,9500.0,30,0.0,0.0,ACL
2014-07-14 00:00:00-04:00,9500.0,9500.0,9200.0,9200.0,4320,0.0,0.0,ACL
2014-07-15 00:00:00-04:00,9200.0,9400.0,9200.0,9400.0,960,0.0,0.0,ACL
2014-07-16 00:00:00-04:00,9500.0,9700.0,9400.0,9400.0,18630,0.0,0.0,ACL
2014-07-17 00:00:00-04:00,9200.0,9500.0,9200.0,9400.0,12000,0.0,0.0,ACL
2014-07-18 00:00:00-04:00,9500.0,9600.0,9500.0,9600.0,1510,0.0,0.0,ACL
2014-07-21 00:00:00-04:00,9600.0,9600.0,9600.0,9600.0,0,0.0,0.0,ACL
2014-07-22 00:00:00-04:00,9400.0,9500.0,9500.0,9500.0,6390,0.0,0.0,ACL
2014-07-23 00:00:00-04:00,9100.0,9600.0,9600.0,9600.0,7350,0.0,0.0,ACL
2014-07-24 00:00:00-04:00,9600.0,9600.0,9600.0,9600.0,5030,0.0,0.0,ACL
2014-07-25 00:00:00-04:00,9600.0,9500.0,9500.0,9500.0,2070,0.0,0.0,ACL
2014-07-28 00:00:00-04:00,9500.0,9500.0,9500.0,9500.0,3500,0.0,0.0,ACL
2014-07-29 00:00:00-04:00,9900.0,9500.0,9500.0,9500.0,14440,0.0,0.0,ACL
2014-07-30 00:00:00-04:00,9500.0,9500.0,9500.0,9500.0,10970,0.0,0.0,ACL
2014-07-31 00:00:00-04:00,9500.0,9500.0,9500.0,9500.0,420,0.0,0.0,ACL
2014-08-01 00:00:00-04:00,9300.0,9400.0,9400.0,9400.0,9840,0.0,0.0,ACL
2014-08-04 00:00:00-04:00,9500.0,9400.0,9400.0,9400.0,5100,0.0,0.0,ACL
2014-08-05 00:00:00-04:00,9500.0,9500.0,9500.0,9500.0,12600,0.0,0.0,ACL
2014-08-06 00:00:00-04:00,9600.0,9800.0,9800.0,9800.0,140,0.0,0.0,ACL
2014-08-07 00:00:00-04:00,9700.0,9600.0,9600.0,9600.0,2330,0.0,0.0,ACL
2014-08-08 00:00:00-04:00,9500.0,9500.0,9500.0,9500.0,840,0.0,0.0,ACL
2014-08-11 00:00:00-04:00,9300.0,9600.0,9600.0,9600.0,370,0.0,0.0,ACL
2014-08-12 00:00:00-04:00,9300.0,9300.0,9300.0,9300.0,2520,0.0,0.0,ACL
2014-08-13 00:00:00-04:00,9300.0,9400.0,9400.0,9400.0,11600,0.0,0.0,ACL
2014-08-14 00:00:00-04:00,9500.0,9400.0,9400.0,9400.0,8360,0.0,0.0,ACL
2014-08-15 00:00:00-04:00,10000.0,9900.0,9900.0,9900.0,5270,0.0,0.0,ACL
2014-08-18 00:00:00-04:00,9500.0,10000.0,10000.0,10000.0,1510,0.0,0.0,ACL
2014-08-19 00:00:00-04:00,9600.0,10100.0,10100.0,10100.0,25340,0.0,0.0,ACL
2014-08-20 00:00:00-04:00,9600.0,10100.0,10100.0,10100.0,1900,0.0,0.0,ACL
2014-08-21 00:00:00-04:00,10300.0,9600.0,9600.0,9600.0,8540,0.0,0.0,ACL
2014-08-22 00:00:00-04:00,9900.0,10000.0,10000.0,10000.0,1120,0.0,0.0,ACL
2014-08-25 00:00:00-04:00,10300.0,9900.0,9900.0,9900.0,2810,0.0,0.0,ACL
2014-08-26 00:00:00-04:00,10100.0,9900.0,9900.0,9900.0,4650,0.0,0.0,ACL
2014-08-27 00:00:00-04:00,9900.0,9800.0,9800.0,9800.0,3060,0.0,0.0,ACL
2014-08-28 00:00:00-04:00,9600.0,9700.0,9700.0,9700.0,12920,0.0,0.0,ACL
2014-08-29 00:00:00-04:00,9800.0,9800.0,9800.0,9800.0,2830,0.0,0.0,ACL
2014-09-02 00:00:00-04:00,9800.0,9800.0,9800.0,9800.0,0,0.0,0.0,ACL
2014-09-03 00:00:00-04:00,9900.0,10000.0,9900.0,10000.0,55420,0.0,0.0,ACL
2014-09-04 00:00:00-04:00,10000.0,10200.0,10000.0,10200.0,19060,0.0,0.0,ACL
2014-09-05 00:00:00-04:00,10300.0,10500.0,10300.0,10500.0,49350,0.0,0.0,ACL
2014-09-08 00:00:00-04:00,11000.0,11200.0,11000.0,11200.0,67660,0.0,0.0,ACL
2014-09-09 00:00:00-04:00,11300.0,11300.0,10600.0,10600.0,57340,0.0,0.0,ACL
2014-09-10 00:00:00-04:00,10700.0,11300.0,10700.0,11300.0,63190,0.0,0.0,ACL
2014-09-11 00:00:00-04:00,11400.0,12000.0,12000.0,12000.0,185340,0.0,0.0,ACL
2014-09-12 00:00:00-04:00,12500.0,12800.0,12800.0,12800.0,204680,0.0,0.0,ACL
2014-09-15 00:00:00-04:00,13200.0,13600.0,13600.0,13600.0,381010,0.0,0.0,ACL
2014-09-16 00:00:00-04:00,13600.0,13600.0,13400.0,13400.0,126470,0.0,0.0,ACL
2014-09-17 00:00:00-04:00,12600.0,12900.0,12900.0,12900.0,220700,0.0,0.0,ACL
2014-09-18 00:00:00-04:00,12400.0,12000.0,12000.0,12000.0,85570,0.0,0.0,ACL
2014-09-19 00:00:00-04:00,11500.0,12700.0,11500.0,12700.0,49110,0.0,0.0,ACL
2014-09-22 00:00:00-04:00,13200.0,13200.0,12800.0,12800.0,15210,0.0,0.0,ACL
2014-09-23 00:00:00-04:00,12800.0,12800.0,12400.0,12400.0,24000,0.0,0.0,ACL
2014-09-24 00:00:00-04:00,12600.0,12600.0,12100.0,12100.0,18690,0.0,0.0,ACL
2014-09-25 00:00:00-04:00,11700.0,12200.0,11700.0,12200.0,21860,0.0,0.0,ACL
2014-09-26 00:00:00-04:00,12600.0,12600.0,12500.0,12500.0,26410,0.0,0.0,ACL
2014-09-29 00:00:00-04:00,12500.0,12500.0,11800.0,11800.0,30380,0.0,0.0,ACL
2014-09-30 00:00:00-04:00,12000.0,12500.0,12000.0,12500.0,60140,0.0,0.0,ACL
2014-10-01 00:00:00-04:00,12600.0,12600.0,12500.0,12500.0,24220,0.0,0.0,ACL
2014-10-02 00:00:00-04:00,12400.0,12400.0,12400.0,12400.0,62380,0.0,0.0,ACL
2014-10-03 00:00:00-04:00,12300.0,12300.0,12200.0,12200.0,29340,0.0,0.0,ACL
2014-10-06 00:00:00-04:00,12400.0,12500.0,12400.0,12500.0,18880,0.0,0.0,ACL
2014-10-07 00:00:00-04:00,12500.0,12500.0,12400.0,12400.0,19300,0.0,0.0,ACL
2014-10-08 00:00:00-04:00,12400.0,12400.0,12100.0,12100.0,6470,0.0,0.0,ACL
2014-10-09 00:00:00-04:00,12100.0,12100.0,12000.0,12000.0,27080,0.0,0.0,ACL
2014-10-10 00:00:00-04:00,12000.0,12100.0,12000.0,12100.0,8240,0.0,0.0,ACL
2014-10-13 00:00:00-04:00,12700.0,12700.0,12100.0,12100.0,14690,0.0,0.0,ACL
2014-10-14 00:00:00-04:00,12000.0,12200.0,12000.0,12200.0,2180,0.0,0.0,ACL
2014-10-15 00:00:00-04:00,12200.0,12200.0,12200.0,12200.0,400,0.0,0.0,ACL
2014-10-16 00:00:00-04:00,11700.0,11800.0,11700.0,11800.0,11870,0.0,0.0,ACL
2014-10-17 00:00:00-04:00,11800.0,11800.0,11800.0,11800.0,5740,0.0,0.0,ACL
2014-10-20 00:00:00-04:00,11500.0,11900.0,11500.0,11900.0,80,0.0,0.0,ACL
2014-10-21 00:00:00-04:00,12000.0,12000.0,11900.0,11900.0,8170,0.0,0.0,ACL
2014-10-22 00:00:00-04:00,12000.0,12000.0,12000.0,12000.0,79980,0.0,0.0,ACL
2014-10-23 00:00:00-04:00,11900.0,12000.0,11900.0,12000.0,10000,0.0,0.0,ACL
2014-10-24 00:00:00-04:00,12000.0,12000.0,12000.0,12000.0,1130,0.0,0.0,ACL
2014-10-27 00:00:00-04:00,11600.0,11700.0,11600.0,11700.0,30480,0.0,0.0,ACL
2014-10-28 00:00:00-04:00,11600.0,11700.0,11600.0,11700.0,16180,0.0,0.0,ACL
2014-10-29 00:00:00-04:00,11900.0,12000.0,11900.0,12000.0,3700,0.0,0.0,ACL
2014-10-30 00:00:00-04:00,11400.0,11900.0,11400.0,11900.0,560,0.0,0.0,ACL
2014-10-31 00:00:00-04:00,11400.0,11800.0,11400.0,11800.0,3690,0.0,0.0,ACL
2014-11-03 00:00:00-05:00,11800.0,12200.0,11800.0,12200.0,43860,0.0,0.0,ACL
2014-11-04 00:00:00-05:00,12200.0,12200.0,12000.0,12000.0,5920,0.0,0.0,ACL
2014-11-05 00:00:00-05:00,12100.0,12100.0,12100.0,12100.0,20,0.0,0.0,ACL
2014-11-06 00:00:00-05:00,12000.0,12000.0,12000.0,12000.0,5220,0.0,0.0,ACL
2014-11-07 00:00:00-05:00,12000.0,12200.0,12000.0,12200.0,13520,0.0,0.0,ACL
2014-11-10 00:00:00-05:00,12400.0,12400.0,12200.0,12200.0,20,0.0,0.0,ACL
2014-11-11 00:00:00-05:00,12200.0,12400.0,12200.0,12400.0,20890,0.0,0.0,ACL
2014-11-12 00:00:00-05:00,12400.0,12400.0,12300.0,12300.0,8770,0.0,0.0,ACL
2014-11-13 00:00:00-05:00,12100.0,12200.0,12100.0,12200.0,6040,0.0,0.0,ACL
2014-11-14 00:00:00-05:00,12200.0,12200.0,12200.0,12200.0,7940,0.0,0.0,ACL
2014-11-17 00:00:00-05:00,12000.0,12100.0,12000.0,12100.0,17880,0.0,0.0,ACL
2014-11-18 00:00:00-05:00,12100.0,12100.0,12000.0,12000.0,23130,0.0,0.0,ACL
2014-11-19 00:00:00-05:00,12000.0,12000.0,11900.0,11900.0,33610,0.0,0.0,ACL
2014-11-20 00:00:00-05:00,12000.0,12000.0,11900.0,11900.0,4170,0.0,0.0,ACL
2014-11-21 00:00:00-05:00,12100.0,12100.0,11500.0,11500.0,31570,0.0,0.0,ACL
2014-11-24 00:00:00-05:00,11600.0,12000.0,11600.0,12000.0,8010,0.0,0.0,ACL
2014-11-25 00:00:00-05:00,11500.0,12000.0,11500.0,12000.0,17200,0.0,0.0,ACL
2014-11-26 00:00:00-05:00,12000.0,12000.0,11600.0,11600.0,5900,0.0,0.0,ACL
2014-11-28 00:00:00-05:00,12000.0,12000.0,11600.0,11600.0,1330,0.0,0.0,ACL
2014-12-01 00:00:00-05:00,11900.0,11900.0,11800.0,11800.0,1030,0.0,0.0,ACL
2014-12-02 00:00:00-05:00,12000.0,12000.0,12000.0,12000.0,20020,0.0,0.0,ACL
2014-12-03 00:00:00-05:00,12000.0,12000.0,12000.0,12000.0,11650,0.0,0.0,ACL
2014-12-04 00:00:00-05:00,12000.0,12000.0,12000.0,12000.0,13590,0.0,0.0,ACL
2014-12-05 00:00:00-05:00,12000.0,12000.0,12000.0,12000.0,0,0.0,0.0,ACL
2014-12-08 00:00:00-05:00,12100.0,12100.0,12000.0,12000.0,420,0.0,0.0,ACL
2014-12-09 00:00:00-05:00,11500.0,11500.0,11500.0,11500.0,12020,0.0,0.0,ACL
2014-12-10 00:00:00-05:00,11200.0,12000.0,11200.0,12000.0,6110,0.0,0.0,ACL
2014-12-11 00:00:00-05:00,12000.0,12000.0,12000.0,12000.0,2020,0.0,0.0,ACL
2014-12-12 00:00:00-05:00,12000.0,12000.0,12000.0,12000.0,0,0.0,0.0,ACL
2014-12-15 00:00:00-05:00,11600.0,12000.0,11600.0,12000.0,960,0.0,0.0,ACL
2014-12-16 00:00:00-05:00,11600.0,11900.0,11600.0,11900.0,4210,0.0,0.0,ACL
2014-12-17 00:00:00-05:00,11200.0,11600.0,11200.0,11600.0,2770,0.0,0.0,ACL
2014-12-18 00:00:00-05:00,11900.0,11900.0,11900.0,11900.0,5220,0.0,0.0,ACL
2014-12-19 00:00:00-05:00,11900.0,11900.0,11900.0,11900.0,4200,0.0,0.0,ACL
2014-12-22 00:00:00-05:00,11100.0,11100.0,11100.0,11100.0,3540,0.0,0.0,ACL
2014-12-23 00:00:00-05:00,11500.0,11600.0,11500.0,11600.0,130,0.0,0.0,ACL
2014-12-24 00:00:00-05:00,11700.0,11700.0,11600.0,11600.0,500,0.0,0.0,ACL
2014-12-26 00:00:00-05:00,10800.0,11600.0,10800.0,11600.0,2090,0.0,0.0,ACL
2014-12-29 00:00:00-05:00,11500.0,11500.0,11500.0,11500.0,400,0.0,0.0,ACL
2014-12-30 00:00:00-05:00,10700.0,10700.0,10700.0,10700.0,18710,0.0,0.0,ACL
2014-12-31 00:00:00-05:00,11000.0,11400.0,11000.0,11400.0,7190,0.0,0.0,ACL
2015-01-02 00:00:00-05:00,11400.0,11400.0,11400.0,11400.0,0,0.0,0.0,ACL
2015-01-05 00:00:00-05:00,11500.0,11500.0,11500.0,11500.0,10,0.0,0.0,ACL
2015-01-06 00:00:00-05:00,11500.0,11500.0,11500.0,11500.0,5500,0.0,0.0,ACL
2015-01-07 00:00:00-05:00,12200.0,12200.0,12000.0,12000.0,8060,0.0,0.0,ACL
2015-01-08 00:00:00-05:00,12000.0,12000.0,12000.0,12000.0,0,0.0,0.0,ACL
2015-01-09 00:00:00-05:00,11600.0,11900.0,11600.0,11900.0,5030,0.0,0.0,ACL
2015-01-12 00:00:00-05:00,11500.0,11800.0,11500.0,11800.0,4230,0.0,0.0,ACL
2015-01-13 00:00:00-05:00,12200.0,12200.0,12000.0,12000.0,5060,0.0,0.0,ACL
2015-01-14 00:00:00-05:00,11700.0,11700.0,11700.0,11700.0,4000,0.0,0.0,ACL
2015-01-15 00:00:00-05:00,11500.0,11500.0,11500.0,11500.0,2520,0.0,0.0,ACL
2015-01-16 00:00:00-05:00,11500.0,11600.0,11500.0,11600.0,12960,0.0,0.0,ACL
2015-01-20 00:00:00-05:00,11800.0,11800.0,11800.0,11800.0,0,0.0,0.0,ACL
2015-01-21 00:00:00-05:00,11500.0,11500.0,11400.0,11400.0,20860,0.0,0.0,ACL
2015-01-22 00:00:00-05:00,11400.0,11400.0,11400.0,11400.0,0,0.0,0.0,ACL
2015-01-23 00:00:00-05:00,11300.0,11300.0,11300.0,11300.0,1000,0.0,0.0,ACL
2015-01-26 00:00:00-05:00,11300.0,11300.0,10800.0,10800.0,8510,0.0,0.0,ACL
2015-01-27 00:00:00-05:00,9900.0,10800.0,9900.0,10800.0,7530,0.0,0.0,ACL
2015-01-28 00:00:00-05:00,10100.0,10800.0,10100.0,10800.0,57470,0.0,0.0,ACL
2015-01-29 00:00:00-05:00,10200.0,10200.0,10100.0,10100.0,780,0.0,0.0,ACL
2015-01-30 00:00:00-05:00,10000.0,10400.0,10000.0,10400.0,1710,0.0,0.0,ACL
2015-02-02 00:00:00-05:00,10000.0,10300.0,9900.0,9900.0,110,0.0,0.0,ACL
2015-02-03 00:00:00-05:00,9700.0,9700.0,9700.0,9700.0,5,0.0,0.0,ACL
2015-02-04 00:00:00-05:00,9600.0,9600.0,9100.0,9500.0,4884,0.0,0.0,ACL
2015-02-05 00:00:00-05:00,9500.0,9500.0,9500.0,9500.0,0,0.0,0.0,ACL
2015-02-06 00:00:00-05:00,9500.0,9500.0,9500.0,9500.0,15,0.0,0.0,ACL
2015-02-09 00:00:00-05:00,9400.0,9500.0,8900.0,9500.0,187,0.0,0.0,ACL
2015-02-10 00:00:00-05:00,9400.0,9400.0,9000.0,9400.0,101,0.0,0.0,ACL
2015-02-11 00:00:00-05:00,9400.0,9400.0,9400.0,9400.0,0,0.0,0.0,ACL
2015-02-12 00:00:00-05:00,9400.0,9500.0,9100.0,9500.0,740,0.0,0.0,ACL
2015-02-13 00:00:00-05:00,9500.0,9500.0,9500.0,9500.0,199,0.0,0.0,ACL
2015-02-17 00:00:00-05:00,9500.0,9500.0,9500.0,9500.0,0,0.0,0.0,ACL
2015-02-18 00:00:00-05:00,9500.0,9500.0,9500.0,9500.0,0,0.0,0.0,ACL
2015-02-19 00:00:00-05:00,9500.0,9500.0,9500.0,9500.0,0,0.0,0.0,ACL
2015-02-20 00:00:00-05:00,9500.0,9500.0,9500.0,9500.0,0,0.0,0.0,ACL
2015-02-23 00:00:00-05:00,9500.0,9500.0,9500.0,9500.0,0,0.0,0.0,ACL
2015-02-24 00:00:00-05:00,9500.0,9500.0,9500.0,9500.0,0,0.0,0.0,ACL
2015-02-25 00:00:00-05:00,9600.0,9600.0,9500.0,9600.0,400,0.0,0.0,ACL
2015-02-26 00:00:00-05:00,9700.0,9900.0,9700.0,9700.0,205,0.0,0.0,ACL
2015-02-27 00:00:00-05:00,9800.0,9800.0,9700.0,9700.0,2,0.0,0.0,ACL
2015-03-02 00:00:00-05:00,9800.0,9800.0,9500.0,9800.0,642,0.0,0.0,ACL
2015-03-03 00:00:00-05:00,9600.0,9600.0,9500.0,9500.0,336,0.0,0.0,ACL
2015-03-04 00:00:00-05:00,9600.0,9700.0,9600.0,9600.0,564,0.0,0.0,ACL
2015-03-05 00:00:00-05:00,9500.0,9700.0,9400.0,9700.0,598,0.0,0.0,ACL
2015-03-06 00:00:00-05:00,9300.0,9600.0,9300.0,9600.0,251,0.0,0.0,ACL
2015-03-09 00:00:00-04:00,9800.0,9900.0,9400.0,9800.0,508,0.0,0.0,ACL
2015-03-10 00:00:00-04:00,9400.0,9600.0,9400.0,9600.0,302,0.0,0.0,ACL
2015-03-11 00:00:00-04:00,9600.0,9700.0,9600.0,9700.0,11,0.0,0.0,ACL
2015-03-12 00:00:00-04:00,9300.0,9800.0,9300.0,9800.0,97,0.0,0.0,ACL
2015-03-13 00:00:00-04:00,9400.0,9800.0,9400.0,9800.0,264,0.0,0.0,ACL
2015-03-16 00:00:00-04:00,9700.0,9800.0,9600.0,9700.0,17,0.0,0.0,ACL
2015-03-17 00:00:00-04:00,9600.0,9700.0,9600.0,9700.0,6,0.0,0.0,ACL
2015-03-18 00:00:00-04:00,9800.0,9800.0,9400.0,9600.0,194,0.0,0.0,ACL
2015-03-19 00:00:00-04:00,9600.0,9600.0,9300.0,9500.0,115,0.0,0.0,ACL
2015-03-20 00:00:00-04:00,9200.0,9600.0,9200.0,9600.0,11,0.0,0.0,ACL
2015-03-23 00:00:00-04:00,9600.0,9600.0,9500.0,9500.0,214,0.0,0.0,ACL
2015-03-24 00:00:00-04:00,9500.0,9600.0,9500.0,9600.0,81,0.0,0.0,ACL
2015-03-25 00:00:00-04:00,9400.0,9400.0,9200.0,9400.0,388,0.0,0.0,ACL
2015-03-26 00:00:00-04:00,9600.0,9600.0,9500.0,9600.0,3,0.0,0.0,ACL
2015-03-27 00:00:00-04:00,9600.0,10100.0,9600.0,10100.0,124,0.0,0.0,ACL
2015-03-30 00:00:00-04:00,9800.0,9800.0,9400.0,9400.0,1175,0.0,0.0,ACL
2015-03-31 00:00:00-04:00,9800.0,9800.0,9800.0,9800.0,6,0.0,0.0,ACL
2015-04-01 00:00:00-04:00,9400.0,9800.0,9200.0,9800.0,454,0.0,0.0,ACL
2015-04-02 00:00:00-04:00,9200.0,9500.0,9200.0,9500.0,416,0.0,0.0,ACL
2015-04-06 00:00:00-04:00,9400.0,9500.0,9400.0,9500.0,11,0.0,0.0,ACL
2015-04-07 00:00:00-04:00,9500.0,9500.0,9500.0,9500.0,3,0.0,0.0,ACL
2015-04-08 00:00:00-04:00,9100.0,9500.0,9000.0,9400.0,188,0.0,0.0,ACL
2015-04-09 00:00:00-04:00,9000.0,9400.0,9000.0,9400.0,89,0.0,0.0,ACL
2015-04-10 00:00:00-04:00,9300.0,9300.0,9300.0,9300.0,2,0.0,0.0,ACL
2015-04-13 00:00:00-04:00,9300.0,9300.0,9300.0,9300.0,40,0.0,0.0,ACL
2015-04-14 00:00:00-04:00,9100.0,9300.0,9000.0,9300.0,246,0.0,0.0,ACL
2015-04-15 00:00:00-04:00,9000.0,9300.0,9000.0,9300.0,201,0.0,0.0,ACL
2015-04-16 00:00:00-04:00,9300.0,9300.0,9300.0,9300.0,30,0.0,0.0,ACL
2015-04-17 00:00:00-04:00,9300.0,9400.0,8900.0,8900.0,1021,0.0,0.0,ACL
2015-04-20 00:00:00-04:00,9300.0,9300.0,9000.0,9300.0,80,0.0,0.0,ACL
2015-04-21 00:00:00-04:00,9300.0,9400.0,9300.0,9400.0,3,0.0,0.0,ACL
2015-04-22 00:00:00-04:00,9400.0,9400.0,9400.0,9400.0,0,0.0,0.0,ACL
2015-04-23 00:00:00-04:00,8900.0,9300.0,8900.0,9300.0,204,0.0,0.0,ACL
2015-04-24 00:00:00-04:00,9100.0,9300.0,8700.0,9300.0,210,0.0,0.0,ACL
2015-04-27 00:00:00-04:00,9300.0,9300.0,9300.0,9300.0,0,0.0,0.0,ACL
2015-04-28 00:00:00-04:00,9300.0,9300.0,9300.0,9300.0,0,0.0,0.0,ACL
2015-04-29 00:00:00-04:00,9300.0,9300.0,9300.0,9300.0,0,0.0,0.0,ACL
2015-04-30 00:00:00-04:00,9300.0,9300.0,9300.0,9300.0,0,0.0,0.0,ACL
2015-05-01 00:00:00-04:00,9300.0,9300.0,9300.0,9300.0,0,0.0,0.0,ACL
2015-05-04 00:00:00-04:00,9100.0,9100.0,8800.0,8800.0,68,0.0,0.0,ACL
2015-05-05 00:00:00-04:00,9000.0,9000.0,9000.0,9000.0,2,0.0,0.0,ACL
2015-05-06 00:00:00-04:00,8600.0,9200.0,8600.0,9200.0,601,0.0,0.0,ACL
2015-05-07 00:00:00-04:00,9000.0,9400.0,9000.0,9400.0,230,0.0,0.0,ACL
2015-05-08 00:00:00-04:00,9400.0,9400.0,9400.0,9400.0,0,0.0,0.0,ACL
2015-05-11 00:00:00-04:00,8900.0,9400.0,8900.0,9400.0,1226,0.0,0.0,ACL
2015-05-12 00:00:00-04:00,9200.0,9200.0,9200.0,9200.0,2,0.0,0.0,ACL
2015-05-13 00:00:00-04:00,9200.0,9200.0,9200.0,9200.0,0,0.0,0.0,ACL
2015-05-14 00:00:00-04:00,9200.0,9200.0,9200.0,9200.0,51,0.0,0.0,ACL
2015-05-15 00:00:00-04:00,9000.0,9000.0,8900.0,8900.0,205,0.0,0.0,ACL
2015-05-18 00:00:00-04:00,9000.0,9000.0,8900.0,8900.0,6,0.0,0.0,ACL
2015-05-19 00:00:00-04:00,9200.0,9200.0,9200.0,9200.0,2,0.0,0.0,ACL
2015-05-20 00:00:00-04:00,8800.0,9300.0,8600.0,9300.0,686,0.0,0.0,ACL
2015-05-21 00:00:00-04:00,9400.0,9400.0,9400.0,9400.0,1,0.0,0.0,ACL
2015-05-22 00:00:00-04:00,9400.0,9400.0,9300.0,9300.0,103,0.0,0.0,ACL
2015-05-26 00:00:00-04:00,9400.0,9400.0,9400.0,9400.0,4,0.0,0.0,ACL
2015-05-27 00:00:00-04:00,8900.0,9400.0,8800.0,9400.0,69,0.0,0.0,ACL
2015-05-28 00:00:00-04:00,9100.0,9400.0,8900.0,9400.0,1342,0.0,0.0,ACL
2015-05-29 00:00:00-04:00,8900.0,9300.0,8900.0,9100.0,111,0.0,0.0,ACL
2015-06-01 00:00:00-04:00,9300.0,9300.0,8900.0,9300.0,731,0.0,0.0,ACL
2015-06-02 00:00:00-04:00,9400.0,9400.0,9300.0,9300.0,100,0.0,0.0,ACL
2015-06-03 00:00:00-04:00,9000.0,9300.0,8900.0,9300.0,153,0.0,0.0,ACL
2015-06-04 00:00:00-04:00,9100.0,9100.0,8900.0,9000.0,706,0.0,0.0,ACL
2015-06-05 00:00:00-04:00,9300.0,9300.0,9300.0,9300.0,2,0.0,0.0,ACL
2015-06-08 00:00:00-04:00,9300.0,9300.0,9300.0,9300.0,0,0.0,0.0,ACL
2015-06-09 00:00:00-04:00,9300.0,9300.0,9200.0,9300.0,58,0.0,0.0,ACL
2015-06-10 00:00:00-04:00,8900.0,9200.0,8700.0,9000.0,182,0.0,0.0,ACL
2015-06-11 00:00:00-04:00,9000.0,9200.0,8700.0,9100.0,591,0.0,0.0,ACL
2015-06-12 00:00:00-04:00,8700.0,9200.0,8700.0,9100.0,1236,0.0,0.0,ACL
2015-06-15 00:00:00-04:00,8700.0,9100.0,8600.0,9100.0,1069,0.0,0.0,ACL
2015-06-16 00:00:00-04:00,8800.0,9100.0,8500.0,9100.0,6969,0.0,0.0,ACL
2015-06-17 00:00:00-04:00,9000.0,9000.0,8500.0,8600.0,6186,0.0,0.0,ACL
2015-06-18 00:00:00-04:00,9100.0,9200.0,9000.0,9000.0,1254,0.0,0.0,ACL
2015-06-19 00:00:00-04:00,9100.0,9100.0,8700.0,8900.0,3886,0.0,0.0,ACL
2015-06-22 00:00:00-04:00,8900.0,9000.0,8500.0,8900.0,10392,0.0,0.0,ACL
2015-06-23 00:00:00-04:00,8700.0,8900.0,8700.0,8900.0,633,0.0,0.0,ACL
2015-06-24 00:00:00-04:00,8900.0,9000.0,8900.0,9000.0,30,0.0,0.0,ACL
2015-06-25 00:00:00-04:00,8500.0,8900.0,8500.0,8900.0,351,0.0,0.0,ACL
2015-06-26 00:00:00-04:00,8700.0,8800.0,8500.0,8700.0,565,0.0,0.0,ACL
2015-06-29 00:00:00-04:00,8400.0,8800.0,8400.0,8800.0,919,0.0,0.0,ACL
2015-06-30 00:00:00-04:00,8600.0,8600.0,8300.0,8300.0,471,0.0,0.0,ACL
2015-07-01 00:00:00-04:00,8300.0,8800.0,8300.0,8700.0,2579,0.0,0.0,ACL
2015-07-02 00:00:00-04:00,8700.0,8700.0,8500.0,8700.0,408,0.0,0.0,ACL
2015-07-06 00:00:00-04:00,8400.0,8600.0,8400.0,8500.0,527,0.0,0.0,ACL
2015-07-07 00:00:00-04:00,8600.0,8600.0,8500.0,8500.0,302,0.0,0.0,ACL
2015-07-08 00:00:00-04:00,8300.0,8500.0,8300.0,8500.0,1221,0.0,0.0,ACL
2015-07-09 00:00:00-04:00,8500.0,8800.0,8500.0,8500.0,4200,0.0,0.0,ACL
2015-07-10 00:00:00-04:00,8300.0,8600.0,8300.0,8600.0,742,0.0,0.0,ACL
2015-07-13 00:00:00-04:00,8600.0,8600.0,8500.0,8600.0,106,0.0,0.0,ACL
2015-07-14 00:00:00-04:00,8200.0,8700.0,8200.0,8500.0,2134,0.0,0.0,ACL
2015-07-15 00:00:00-04:00,8500.0,8600.0,8500.0,8500.0,472,0.0,0.0,ACL
2015-07-16 00:00:00-04:00,8500.0,8500.0,8500.0,8500.0,1000,0.0,0.0,ACL
2015-07-17 00:00:00-04:00,8600.0,8700.0,8600.0,8700.0,973,0.0,0.0,ACL
2015-07-20 00:00:00-04:00,8500.0,8700.0,8500.0,8600.0,532,0.0,0.0,ACL
2015-07-21 00:00:00-04:00,8800.0,8800.0,8600.0,8600.0,4431,0.0,0.0,ACL
2015-07-22 00:00:00-04:00,8600.0,8700.0,8600.0,8700.0,229,0.0,0.0,ACL
2015-07-23 00:00:00-04:00,8900.0,8900.0,8700.0,8700.0,3327,0.0,0.0,ACL
2015-07-24 00:00:00-04:00,8700.0,9000.0,8700.0,8800.0,5563,0.0,0.0,ACL
2015-07-27 00:00:00-04:00,8900.0,9000.0,8800.0,8900.0,1181,0.0,0.0,ACL
2015-07-28 00:00:00-04:00,9000.0,9200.0,8900.0,9100.0,1622,0.0,0.0,ACL
2015-07-29 00:00:00-04:00,9000.0,9100.0,8900.0,8900.0,3504,0.0,0.0,ACL
2015-07-30 00:00:00-04:00,8900.0,8900.0,8900.0,8900.0,3889,0.0,0.0,ACL
2015-07-31 00:00:00-04:00,8900.0,9000.0,8900.0,8900.0,2905,0.0,0.0,ACL
2015-08-03 00:00:00-04:00,8900.0,8900.0,8900.0,8900.0,4769,0.0,0.0,ACL
2015-08-04 00:00:00-04:00,8500.0,8900.0,8500.0,8900.0,3608,0.0,0.0,ACL
2015-08-05 00:00:00-04:00,8900.0,8900.0,8900.0,8900.0,135,0.0,0.0,ACL
2015-08-06 00:00:00-04:00,8800.0,8900.0,8800.0,8900.0,8114,0.0,0.0,ACL
2015-08-07 00:00:00-04:00,8900.0,8900.0,8900.0,8900.0,3862,0.0,0.0,ACL
2015-08-10 00:00:00-04:00,9000.0,9000.0,8900.0,8900.0,55,0.0,0.0,ACL
2015-08-11 00:00:00-04:00,8900.0,8900.0,8900.0,8900.0,0,0.0,0.0,ACL
2015-08-12 00:00:00-04:00,8900.0,8900.0,8900.0,8900.0,510,0.0,0.0,ACL
2015-08-13 00:00:00-04:00,9000.0,9100.0,9000.0,9000.0,12300,0.0,0.0,ACL
2015-08-14 00:00:00-04:00,9000.0,9200.0,9000.0,9200.0,735,0.0,0.0,ACL
2015-08-17 00:00:00-04:00,9200.0,9400.0,9200.0,9400.0,6460,0.0,0.0,ACL
2015-08-18 00:00:00-04:00,9400.0,9500.0,9400.0,9400.0,6530,0.0,0.0,ACL
2015-08-19 00:00:00-04:00,9500.0,9600.0,9200.0,9400.0,4050,0.0,0.0,ACL
2015-08-20 00:00:00-04:00,9100.0,9100.0,9100.0,9100.0,490,0.0,0.0,ACL
2015-08-21 00:00:00-04:00,9300.0,9300.0,9100.0,9200.0,31320,0.0,0.0,ACL
2015-08-24 00:00:00-04:00,8700.0,9100.0,8700.0,9000.0,41590,0.0,0.0,ACL
2015-08-25 00:00:00-04:00,9000.0,9200.0,9000.0,9200.0,25160,0.0,0.0,ACL
2015-08-26 00:00:00-04:00,9000.0,9200.0,9000.0,9200.0,2030,0.0,0.0,ACL
2015-08-27 00:00:00-04:00,9100.0,9200.0,9100.0,9200.0,2070,0.0,0.0,ACL
2015-08-28 00:00:00-04:00,9100.0,9400.0,9100.0,9400.0,10720,0.0,0.0,ACL
2015-08-31 00:00:00-04:00,9400.0,9400.0,9400.0,9400.0,0,0.0,0.0,ACL
2015-09-01 00:00:00-04:00,9400.0,9400.0,9400.0,9400.0,0,0.0,0.0,ACL
2015-09-02 00:00:00-04:00,9400.0,9400.0,9400.0,9400.0,0,0.0,0.0,ACL
2015-09-03 00:00:00-04:00,9200.0,9300.0,9100.0,9300.0,12570,0.0,0.0,ACL
2015-09-04 00:00:00-04:00,9400.0,9400.0,9200.0,9400.0,2730,0.0,0.0,ACL
2015-09-08 00:00:00-04:00,9100.0,9300.0,9100.0,9300.0,3480,0.0,0.0,ACL
2015-09-09 00:00:00-04:00,9100.0,9500.0,9100.0,9500.0,3620,0.0,0.0,ACL
2015-09-10 00:00:00-04:00,9500.0,9500.0,9500.0,9500.0,40400,0.0,0.0,ACL
2015-09-11 00:00:00-04:00,9600.0,9600.0,9500.0,9600.0,1540,0.0,0.0,ACL
2015-09-14 00:00:00-04:00,9500.0,9500.0,9500.0,9500.0,20980,0.0,0.0,ACL
2015-09-15 00:00:00-04:00,9500.0,9500.0,9500.0,9500.0,5350,0.0,0.0,ACL
2015-09-16 00:00:00-04:00,9600.0,9600.0,9500.0,9500.0,3250,0.0,0.0,ACL
2015-09-17 00:00:00-04:00,9600.0,9600.0,9600.0,9600.0,110,0.0,0.0,ACL
2015-09-18 00:00:00-04:00,9600.0,9600.0,9600.0,9600.0,0,0.0,0.0,ACL
2015-09-21 00:00:00-04:00,9700.0,9700.0,9500.0,9700.0,220,0.0,0.0,ACL
2015-09-22 00:00:00-04:00,9700.0,9700.0,9600.0,9600.0,1200,0.0,0.0,ACL
2015-09-23 00:00:00-04:00,9600.0,9600.0,9600.0,9600.0,0,0.0,0.0,ACL
2015-09-24 00:00:00-04:00,9600.0,9700.0,9600.0,9600.0,20020,0.0,0.0,ACL
2015-09-25 00:00:00-04:00,9600.0,9600.0,9600.0,9600.0,28380,0.0,0.0,ACL
2015-09-28 00:00:00-04:00,9900.0,10000.0,9700.0,9900.0,1030,0.0,0.0,ACL
2015-09-29 00:00:00-04:00,9900.0,9900.0,9900.0,9900.0,0,0.0,0.0,ACL
2015-09-30 00:00:00-04:00,9900.0,9900.0,9900.0,9900.0,0,0.0,0.0,ACL
2015-10-01 00:00:00-04:00,9900.0,9900.0,9900.0,9900.0,0,0.0,0.0,ACL
2015-10-02 00:00:00-04:00,9900.0,9900.0,9900.0,9900.0,0,0.0,0.0,ACL
2015-10-05 00:00:00-04:00,9900.0,9900.0,9900.0,9900.0,0,0.0,0.0,ACL
2015-10-06 00:00:00-04:00,9600.0,9900.0,9600.0,9900.0,2280,0.0,0.0,ACL
2015-10-07 00:00:00-04:00,9900.0,9900.0,9900.0,9900.0,0,0.0,0.0,ACL
2015-10-08 00:00:00-04:00,9900.0,9900.0,9900.0,9900.0,20,0.0,0.0,ACL
2015-10-09 00:00:00-04:00,9500.0,9900.0,9500.0,9900.0,30,0.0,0.0,ACL
2015-10-12 00:00:00-04:00,9800.0,9900.0,9400.0,9900.0,4010,0.0,0.0,ACL
2015-10-13 00:00:00-04:00,9900.0,9900.0,9900.0,9900.0,0,0.0,0.0,ACL
2015-10-14 00:00:00-04:00,9800.0,9800.0,9500.0,9800.0,350,0.0,0.0,ACL
2015-10-15 00:00:00-04:00,9500.0,9500.0,9500.0,9500.0,2200,0.0,0.0,ACL
2015-10-16 00:00:00-04:00,9700.0,9700.0,9500.0,9500.0,10010,0.0,0.0,ACL
2015-10-19 00:00:00-04:00,9500.0,9500.0,9000.0,9500.0,28410,0.0,0.0,ACL
2015-10-20 00:00:00-04:00,9400.0,9500.0,9400.0,9500.0,20,0.0,0.0,ACL
2015-10-21 00:00:00-04:00,9100.0,9100.0,9100.0,9100.0,2120,0.0,0.0,ACL
2015-10-22 00:00:00-04:00,9300.0,9300.0,9300.0,9300.0,10,0.0,0.0,ACL
2015-10-23 00:00:00-04:00,9400.0,9400.0,9400.0,9400.0,10,0.0,0.0,ACL
2015-10-26 00:00:00-04:00,9400.0,9600.0,9400.0,9600.0,20060,0.0,0.0,ACL
2015-10-27 00:00:00-04:00,9300.0,9500.0,9300.0,9500.0,10010,0.0,0.0,ACL
2015-10-28 00:00:00-04:00,9300.0,9300.0,9200.0,9200.0,22570,0.0,0.0,ACL
2015-10-29 00:00:00-04:00,9100.0,9100.0,9100.0,9100.0,4730,0.0,0.0,ACL
2015-10-30 00:00:00-04:00,9600.0,9600.0,9600.0,9600.0,30,0.0,0.0,ACL
2015-11-02 00:00:00-05:00,9600.0,9600.0,9600.0,9600.0,0,0.0,0.0,ACL
2015-11-03 00:00:00-05:00,9600.0,9600.0,9600.0,9600.0,0,0.0,0.0,ACL
2015-11-04 00:00:00-05:00,9100.0,9100.0,9100.0,9100.0,100,0.0,0.0,ACL
2015-11-05 00:00:00-05:00,9500.0,9500.0,9500.0,9500.0,10,0.0,0.0,ACL
2015-11-06 00:00:00-05:00,8900.0,9400.0,8900.0,9400.0,190,0.0,0.0,ACL
2015-11-09 00:00:00-05:00,9400.0,9400.0,9400.0,9400.0,0,0.0,0.0,ACL
2015-11-10 00:00:00-05:00,9000.0,9400.0,9000.0,9400.0,370,0.0,0.0,ACL
2015-11-11 00:00:00-05:00,8800.0,9300.0,8800.0,9300.0,4810,0.0,0.0,ACL
2015-11-12 00:00:00-05:00,9300.0,9500.0,9300.0,9300.0,17100,0.0,0.0,ACL
2015-11-13 00:00:00-05:00,9300.0,9300.0,9300.0,9300.0,3350,0.0,0.0,ACL
2015-11-16 00:00:00-05:00,9300.0,9300.0,9300.0,9300.0,0,0.0,0.0,ACL
2015-11-17 00:00:00-05:00,9500.0,9800.0,9300.0,9500.0,9420,0.0,0.0,ACL
2015-11-18 00:00:00-05:00,9500.0,9800.0,9500.0,9800.0,470,0.0,0.0,ACL
2015-11-19 00:00:00-05:00,9700.0,9700.0,9700.0,9700.0,10,0.0,0.0,ACL
2015-11-20 00:00:00-05:00,9400.0,9400.0,9400.0,9400.0,20,0.0,0.0,ACL
2015-11-23 00:00:00-05:00,9500.0,9600.0,9500.0,9600.0,120,0.0,0.0,ACL
2015-11-24 00:00:00-05:00,9400.0,9500.0,9300.0,9500.0,4100,0.0,0.0,ACL
2015-11-25 00:00:00-05:00,9800.0,9800.0,9100.0,9800.0,1020,0.0,0.0,ACL
2015-11-27 00:00:00-05:00,9600.0,9600.0,9600.0,9600.0,70,0.0,0.0,ACL
2015-11-30 00:00:00-05:00,9300.0,9600.0,9300.0,9600.0,3830,0.0,0.0,ACL
2015-12-01 00:00:00-05:00,9400.0,9500.0,9400.0,9500.0,1000,0.0,0.0,ACL
2015-12-02 00:00:00-05:00,9500.0,9500.0,9500.0,9500.0,0,0.0,0.0,ACL
2015-12-03 00:00:00-05:00,9300.0,9300.0,8900.0,8900.0,10050,0.0,0.0,ACL
2015-12-04 00:00:00-05:00,9500.0,9500.0,9500.0,9500.0,10,0.0,0.0,ACL
2015-12-07 00:00:00-05:00,9400.0,9400.0,9400.0,9400.0,1460,0.0,0.0,ACL
2015-12-08 00:00:00-05:00,9000.0,9500.0,9000.0,9400.0,3630,0.0,0.0,ACL
2015-12-09 00:00:00-05:00,9100.0,9100.0,9100.0,9100.0,2000,0.0,0.0,ACL
2015-12-10 00:00:00-05:00,9400.0,9500.0,9400.0,9500.0,8010,0.0,0.0,ACL
2015-12-11 00:00:00-05:00,9500.0,9500.0,9500.0,9500.0,5000,0.0,0.0,ACL
2015-12-14 00:00:00-05:00,9500.0,9500.0,9500.0,9500.0,10000,0.0,0.0,ACL
2015-12-15 00:00:00-05:00,8900.0,9600.0,8900.0,9600.0,380,0.0,0.0,ACL
2015-12-16 00:00:00-05:00,9100.0,9400.0,9100.0,9400.0,270,0.0,0.0,ACL
2015-12-17 00:00:00-05:00,9400.0,9400.0,9400.0,9400.0,380,0.0,0.0,ACL
2015-12-18 00:00:00-05:00,9400.0,9400.0,9400.0,9400.0,600,0.0,0.0,ACL
2015-12-21 00:00:00-05:00,9400.0,9400.0,9400.0,9400.0,690,0.0,0.0,ACL
2015-12-22 00:00:00-05:00,9600.0,9600.0,9600.0,9600.0,70,0.0,0.0,ACL
2015-12-23 00:00:00-05:00,9600.0,9600.0,9600.0,9600.0,60,0.0,0.0,ACL
2015-12-24 00:00:00-05:00,9600.0,9600.0,9600.0,9600.0,0,0.0,0.0,ACL
2015-12-28 00:00:00-05:00,9600.0,9600.0,9600.0,9600.0,0,0.0,0.0,ACL
2015-12-29 00:00:00-05:00,9300.0,9500.0,9300.0,9500.0,110,0.0,0.0,ACL
2015-12-30 00:00:00-05:00,9100.0,9500.0,9000.0,9500.0,320,0.0,0.0,ACL
2015-12-31 00:00:00-05:00,9600.0,9600.0,9600.0,9600.0,10,0.0,0.0,ACL
2016-01-04 00:00:00-05:00,9600.0,9600.0,9600.0,9600.0,0,0.0,0.0,ACL
2016-01-05 00:00:00-05:00,9600.0,9600.0,9600.0,9600.0,1000,0.0,0.0,ACL
2016-01-06 00:00:00-05:00,9600.0,9600.0,9600.0,9600.0,150,0.0,0.0,ACL
2016-01-07 00:00:00-05:00,9600.0,9600.0,9600.0,9600.0,0,0.0,0.0,ACL
2016-01-08 00:00:00-05:00,9000.0,9600.0,9000.0,9600.0,980,0.0,0.0,ACL
2016-01-11 00:00:00-05:00,9600.0,9600.0,9600.0,9600.0,0,0.0,0.0,ACL
2016-01-12 00:00:00-05:00,9600.0,9600.0,9600.0,9600.0,0,0.0,0.0,ACL
2016-01-13 00:00:00-05:00,9600.0,9600.0,9600.0,9600.0,0,0.0,0.0,ACL
2016-01-14 00:00:00-05:00,9600.0,9600.0,9600.0,9600.0,0,0.0,0.0,ACL
2016-01-15 00:00:00-05:00,9200.0,9300.0,9200.0,9300.0,3100,0.0,0.0,ACL
2016-01-19 00:00:00-05:00,9900.0,9900.0,9500.0,9500.0,210,0.0,0.0,ACL
2016-01-20 00:00:00-05:00,9500.0,9500.0,9500.0,9500.0,140,0.0,0.0,ACL
2016-01-21 00:00:00-05:00,9400.0,9500.0,9400.0,9500.0,1810,0.0,0.0,ACL
2016-01-22 00:00:00-05:00,9500.0,9500.0,9500.0,9500.0,15000,0.0,0.0,ACL
2016-01-25 00:00:00-05:00,9200.0,9200.0,9200.0,9200.0,13700,0.0,0.0,ACL
2016-01-26 00:00:00-05:00,9200.0,9300.0,9200.0,9300.0,110,0.0,0.0,ACL
2016-01-27 00:00:00-05:00,9000.0,9300.0,9000.0,9300.0,30,0.0,0.0,ACL
2016-01-28 00:00:00-05:00,9200.0,9200.0,9200.0,9200.0,20,0.0,0.0,ACL
2016-01-29 00:00:00-05:00,9200.0,9200.0,9100.0,9100.0,1860,0.0,0.0,ACL
2016-02-01 00:00:00-05:00,9000.0,9000.0,8900.0,8900.0,1990,0.0,0.0,ACL
2016-02-02 00:00:00-05:00,9200.0,9200.0,9200.0,9200.0,10,0.0,0.0,ACL
2016-02-03 00:00:00-05:00,9000.0,9000.0,8900.0,8900.0,200,0.0,0.0,ACL
2016-02-04 00:00:00-05:00,9000.0,9200.0,9000.0,9200.0,60,0.0,0.0,ACL
2016-02-05 00:00:00-05:00,9800.0,9800.0,9800.0,9800.0,30,0.0,0.0,ACL
2016-02-08 00:00:00-05:00,9800.0,9800.0,9800.0,9800.0,0,0.0,0.0,ACL
2016-02-09 00:00:00-05:00,9800.0,9800.0,9800.0,9800.0,0,0.0,0.0,ACL
2016-02-10 00:00:00-05:00,9800.0,9800.0,9800.0,9800.0,0,0.0,0.0,ACL
2016-02-11 00:00:00-05:00,9800.0,9800.0,9800.0,9800.0,0,0.0,0.0,ACL
2016-02-12 00:00:00-05:00,9800.0,9800.0,9800.0,9800.0,0,0.0,0.0,ACL
2016-02-16 00:00:00-05:00,9200.0,9600.0,9200.0,9600.0,70,0.0,0.0,ACL
2016-02-17 00:00:00-05:00,9000.0,9600.0,9000.0,9500.0,8360,0.0,0.0,ACL
2016-02-18 00:00:00-05:00,8900.0,9500.0,8900.0,8900.0,1740,0.0,0.0,ACL
2016-02-19 00:00:00-05:00,9000.0,9000.0,8700.0,9000.0,2790,0.0,0.0,ACL
2016-02-22 00:00:00-05:00,9000.0,9000.0,9000.0,9000.0,1000,0.0,0.0,ACL
2016-02-23 00:00:00-05:00,9200.0,9600.0,9200.0,9600.0,200,0.0,0.0,ACL
2016-02-24 00:00:00-05:00,9000.0,9300.0,9000.0,9300.0,110,0.0,0.0,ACL
2016-02-25 00:00:00-05:00,8800.0,9200.0,8700.0,9100.0,1160,0.0,0.0,ACL
2016-02-26 00:00:00-05:00,9200.0,9200.0,9000.0,9200.0,2320,0.0,0.0,ACL
2016-02-29 00:00:00-05:00,9100.0,9200.0,9000.0,9200.0,8000,0.0,0.0,ACL
2016-03-01 00:00:00-05:00,9200.0,9200.0,9200.0,9200.0,0,0.0,0.0,ACL
2016-03-02 00:00:00-05:00,9200.0,9200.0,9200.0,9200.0,0,0.0,0.0,ACL
2016-03-03 00:00:00-05:00,8800.0,9300.0,8800.0,9300.0,60,0.0,0.0,ACL
2016-03-04 00:00:00-05:00,9300.0,9300.0,9300.0,9300.0,0,0.0,0.0,ACL
2016-03-07 00:00:00-05:00,8900.0,9300.0,8900.0,9300.0,2020,0.0,0.0,ACL
2016-03-08 00:00:00-05:00,9300.0,9300.0,9300.0,9300.0,0,0.0,0.0,ACL
2016-03-09 00:00:00-05:00,9300.0,9300.0,9300.0,9300.0,0,0.0,0.0,ACL
2016-03-10 00:00:00-05:00,9200.0,9200.0,9200.0,9200.0,50,0.0,0.0,ACL
2016-03-11 00:00:00-05:00,9200.0,9200.0,9200.0,9200.0,0,0.0,0.0,ACL
2016-03-14 00:00:00-04:00,9000.0,9200.0,9000.0,9100.0,1030,0.0,0.0,ACL
2016-03-15 00:00:00-04:00,9100.0,9100.0,9100.0,9100.0,0,0.0,0.0,ACL
2016-03-16 00:00:00-04:00,9100.0,9300.0,9100.0,9300.0,4000,0.0,0.0,ACL
2016-03-17 00:00:00-04:00,9300.0,9300.0,9300.0,9300.0,0,0.0,0.0,ACL
2016-03-18 00:00:00-04:00,9200.0,9200.0,9200.0,9200.0,1420,0.0,0.0,ACL
2016-03-21 00:00:00-04:00,9300.0,9300.0,9000.0,9300.0,2340,0.0,0.0,ACL
2016-03-22 00:00:00-04:00,9200.0,9200.0,9200.0,9200.0,690,0.0,0.0,ACL
2016-03-23 00:00:00-04:00,9200.0,9200.0,9200.0,9200.0,0,0.0,0.0,ACL
2016-03-24 00:00:00-04:00,9200.0,9200.0,9200.0,9200.0,2000,0.0,0.0,ACL
2016-03-28 00:00:00-04:00,9400.0,9400.0,9400.0,9400.0,0,0.0,0.0,ACL
2016-03-29 00:00:00-04:00,9000.0,9500.0,9000.0,9500.0,110,0.0,0.0,ACL
2016-03-30 00:00:00-04:00,9400.0,9400.0,9400.0,9400.0,30,0.0,0.0,ACL
2016-03-31 00:00:00-04:00,9400.0,9400.0,9400.0,9400.0,0,0.0,0.0,ACL
2016-04-01 00:00:00-04:00,9400.0,9400.0,9400.0,9400.0,0,0.0,0.0,ACL
2016-04-04 00:00:00-04:00,9000.0,9400.0,9000.0,9400.0,8020,0.0,0.0,ACL
2016-04-05 00:00:00-04:00,9000.0,9400.0,9000.0,9000.0,3880,0.0,0.0,ACL
2016-04-06 00:00:00-04:00,9500.0,9500.0,9500.0,9500.0,410,0.0,0.0,ACL
2016-04-07 00:00:00-04:00,9500.0,9500.0,9500.0,9500.0,0,0.0,0.0,ACL
2016-04-08 00:00:00-04:00,9500.0,9500.0,9500.0,9500.0,0,0.0,0.0,ACL
2016-04-11 00:00:00-04:00,9500.0,9500.0,9500.0,9500.0,0,0.0,0.0,ACL
2016-04-12 00:00:00-04:00,9500.0,9500.0,9500.0,9500.0,0,0.0,0.0,ACL
2016-04-13 00:00:00-04:00,9500.0,9500.0,9500.0,9500.0,150,0.0,0.0,ACL
2016-04-14 00:00:00-04:00,9500.0,9500.0,9500.0,9500.0,4970,0.0,0.0,ACL
2016-04-15 00:00:00-04:00,10000.0,10000.0,9500.0,9500.0,1340,0.0,0.0,ACL
2016-04-18 00:00:00-04:00,9500.0,9500.0,9500.0,9500.0,0,0.0,0.0,ACL
2016-04-19 00:00:00-04:00,9900.0,10100.0,9900.0,10000.0,5350,0.0,0.0,ACL
2016-04-20 00:00:00-04:00,9900.0,9900.0,9500.0,9900.0,4010,0.0,0.0,ACL
2016-04-21 00:00:00-04:00,9900.0,9900.0,9900.0,9900.0,0,0.0,0.0,ACL
2016-04-22 00:00:00-04:00,9500.0,10000.0,9500.0,9500.0,800,0.0,0.0,ACL
2016-04-25 00:00:00-04:00,9800.0,9800.0,9700.0,9700.0,2040,0.0,0.0,ACL
2016-04-26 00:00:00-04:00,9700.0,10000.0,9600.0,10000.0,1160,0.0,0.0,ACL
2016-04-27 00:00:00-04:00,10000.0,10000.0,10000.0,10000.0,330,0.0,0.0,ACL
2016-04-28 00:00:00-04:00,9500.0,10000.0,9500.0,10000.0,60,0.0,0.0,ACL
2016-04-29 00:00:00-04:00,9600.0,9600.0,9600.0,9600.0,1000,0.0,0.0,ACL
2016-05-02 00:00:00-04:00,9600.0,9600.0,9600.0,9600.0,0,0.0,0.0,ACL
2016-05-03 00:00:00-04:00,9600.0,9600.0,9600.0,9600.0,0,0.0,0.0,ACL
2016-05-04 00:00:00-04:00,9900.0,9900.0,9700.0,9900.0,520,0.0,0.0,ACL
2016-05-05 00:00:00-04:00,9500.0,9800.0,9500.0,9800.0,2300,0.0,0.0,ACL
2016-05-06 00:00:00-04:00,9800.0,9800.0,9800.0,9800.0,0,0.0,0.0,ACL
2016-05-09 00:00:00-04:00,9500.0,9500.0,9400.0,9500.0,6010,0.0,0.0,ACL
2016-05-10 00:00:00-04:00,9500.0,9500.0,9500.0,9500.0,3220,0.0,0.0,ACL
2016-05-11 00:00:00-04:00,9800.0,9800.0,9800.0,9800.0,10,0.0,0.0,ACL
2016-05-12 00:00:00-04:00,9400.0,9400.0,9400.0,9400.0,2000,0.0,0.0,ACL
2016-05-13 00:00:00-04:00,9200.0,9500.0,9200.0,9500.0,7300,0.0,0.0,ACL
2016-05-16 00:00:00-04:00,9200.0,9300.0,9200.0,9300.0,15970,0.0,0.0,ACL
2016-05-17 00:00:00-04:00,9300.0,9400.0,9300.0,9300.0,7260,0.0,0.0,ACL
2016-05-18 00:00:00-04:00,9500.0,9800.0,9300.0,9400.0,8040,0.0,0.0,ACL
2016-05-19 00:00:00-04:00,9300.0,9300.0,9300.0,9300.0,9200,0.0,0.0,ACL
2016-05-20 00:00:00-04:00,9100.0,9400.0,9000.0,9400.0,16740,0.0,0.0,ACL
2016-05-23 00:00:00-04:00,9400.0,9400.0,9400.0,9400.0,0,0.0,0.0,ACL
2016-05-24 00:00:00-04:00,9400.0,9400.0,9400.0,9400.0,0,0.0,0.0,ACL
2016-05-25 00:00:00-04:00,9300.0,9400.0,9300.0,9400.0,30,0.0,0.0,ACL
2016-05-26 00:00:00-04:00,9400.0,9400.0,9400.0,9400.0,0,0.0,0.0,ACL
2016-05-27 00:00:00-04:00,9300.0,9400.0,9300.0,9400.0,4310,0.0,0.0,ACL
2016-05-31 00:00:00-04:00,9500.0,9600.0,9400.0,9400.0,3060,0.0,0.0,ACL
2016-06-01 00:00:00-04:00,9400.0,9500.0,9000.0,9100.0,1750,0.0,0.0,ACL
2016-06-02 00:00:00-04:00,9600.0,9600.0,9500.0,9500.0,100,0.0,0.0,ACL
2016-06-03 00:00:00-04:00,9500.0,9800.0,9500.0,9600.0,5770,0.0,0.0,ACL
2016-06-06 00:00:00-04:00,9200.0,9500.0,9100.0,9500.0,5730,0.0,0.0,ACL
2016-06-07 00:00:00-04:00,9100.0,9500.0,9100.0,9300.0,7210,0.0,0.0,ACL
2016-06-08 00:00:00-04:00,9000.0,9000.0,9000.0,9000.0,160,0.0,0.0,ACL
2016-06-09 00:00:00-04:00,9300.0,9300.0,9100.0,9100.0,1250,0.0,0.0,ACL
2016-06-10 00:00:00-04:00,9600.0,9600.0,9600.0,9600.0,10,0.0,0.0,ACL
2016-06-13 00:00:00-04:00,9600.0,9600.0,9600.0,9600.0,0,0.0,0.0,ACL
2016-06-14 00:00:00-04:00,9500.0,9600.0,9500.0,9600.0,1120,0.0,0.0,ACL
2016-06-15 00:00:00-04:00,9600.0,9600.0,9600.0,9600.0,0,0.0,0.0,ACL
2016-06-16 00:00:00-04:00,9600.0,9600.0,9600.0,9600.0,0,0.0,0.0,ACL
2016-06-17 00:00:00-04:00,9200.0,9200.0,9200.0,9200.0,50,0.0,0.0,ACL
2016-06-20 00:00:00-04:00,9000.0,9000.0,9000.0,9000.0,100,0.0,0.0,ACL
2016-06-21 00:00:00-04:00,9100.0,9300.0,9100.0,9100.0,4090,0.0,0.0,ACL
2016-06-22 00:00:00-04:00,9000.0,9400.0,9000.0,9000.0,140,0.0,0.0,ACL
2016-06-23 00:00:00-04:00,9200.0,9500.0,9000.0,9000.0,80,0.0,0.0,ACL
2016-06-24 00:00:00-04:00,9400.0,9400.0,9400.0,9400.0,10,0.0,0.0,ACL
2016-06-27 00:00:00-04:00,9400.0,9400.0,9400.0,9400.0,0,0.0,0.0,ACL
2016-06-28 00:00:00-04:00,9400.0,9400.0,9400.0,9400.0,0,0.0,0.0,ACL
2016-06-29 00:00:00-04:00,9300.0,9400.0,8800.0,9400.0,3850,0.0,0.0,ACL
2016-06-30 00:00:00-04:00,9400.0,9400.0,9400.0,9400.0,0,0.0,0.0,ACL
2016-07-01 00:00:00-04:00,9000.0,9100.0,9000.0,9100.0,300,0.0,0.0,ACL
2016-07-05 00:00:00-04:00,9300.0,9300.0,9300.0,9300.0,10,0.0,0.0,ACL
2016-07-06 00:00:00-04:00,9300.0,9300.0,9300.0,9300.0,200,0.0,0.0,ACL
2016-07-07 00:00:00-04:00,9000.0,9000.0,9000.0,9000.0,740,0.0,0.0,ACL
2016-07-08 00:00:00-04:00,9000.0,9300.0,9000.0,9000.0,40,0.0,0.0,ACL
2016-07-11 00:00:00-04:00,9200.0,9200.0,8400.0,9100.0,3320,0.0,0.0,ACL
2016-07-12 00:00:00-04:00,9000.0,9300.0,9000.0,9300.0,1040,0.0,0.0,ACL
2016-07-13 00:00:00-04:00,9300.0,9300.0,9300.0,9300.0,0,0.0,0.0,ACL
2016-07-14 00:00:00-04:00,9300.0,9300.0,9300.0,9300.0,0,0.0,0.0,ACL
2016-07-15 00:00:00-04:00,8700.0,9300.0,8700.0,9300.0,4150,0.0,0.0,ACL
2016-07-18 00:00:00-04:00,8800.0,8800.0,8800.0,8800.0,30,0.0,0.0,ACL
2016-07-19 00:00:00-04:00,9300.0,9300.0,8800.0,9200.0,5050,0.0,0.0,ACL
2016-07-20 00:00:00-04:00,9200.0,9200.0,9000.0,9200.0,5320,0.0,0.0,ACL
2016-07-21 00:00:00-04:00,9200.0,9200.0,9200.0,9200.0,0,0.0,0.0,ACL
2016-07-22 00:00:00-04:00,9000.0,9300.0,9000.0,9100.0,10940,0.0,0.0,ACL
2016-07-25 00:00:00-04:00,9200.0,9200.0,9000.0,9200.0,3780,0.0,0.0,ACL
2016-07-26 00:00:00-04:00,9400.0,9400.0,9400.0,9400.0,10,0.0,0.0,ACL
2016-07-27 00:00:00-04:00,9400.0,9400.0,9400.0,9400.0,0,0.0,0.0,ACL
2016-07-28 00:00:00-04:00,9100.0,9400.0,9100.0,9400.0,6810,0.0,0.0,ACL
2016-07-29 00:00:00-04:00,9100.0,9400.0,9100.0,9400.0,710,0.0,0.0,ACL
2016-08-01 00:00:00-04:00,9100.0,9300.0,9100.0,9300.0,16660,0.0,0.0,ACL
2016-08-02 00:00:00-04:00,9200.0,9300.0,9100.0,9300.0,580,0.0,0.0,ACL
2016-08-03 00:00:00-04:00,9300.0,9300.0,9300.0,9300.0,0,0.0,0.0,ACL
2016-08-04 00:00:00-04:00,9100.0,9300.0,9100.0,9100.0,12590,0.0,0.0,ACL
2016-08-05 00:00:00-04:00,9000.0,9200.0,9000.0,9200.0,360,0.0,0.0,ACL
2016-08-08 00:00:00-04:00,9200.0,9200.0,9200.0,9200.0,2100,0.0,0.0,ACL
2016-08-09 00:00:00-04:00,9300.0,9300.0,9100.0,9300.0,1440,0.0,0.0,ACL
2016-08-10 00:00:00-04:00,9300.0,9300.0,9300.0,9300.0,0,0.0,0.0,ACL
2016-08-11 00:00:00-04:00,9300.0,9500.0,8700.0,9300.0,12060,0.0,0.0,ACL
2016-08-12 00:00:00-04:00,8700.0,9200.0,8700.0,9200.0,70,0.0,0.0,ACL
2016-08-15 00:00:00-04:00,9200.0,9200.0,9200.0,9200.0,0,0.0,0.0,ACL
2016-08-16 00:00:00-04:00,9500.0,9500.0,9500.0,9500.0,3000,0.0,0.0,ACL
2016-08-17 00:00:00-04:00,9000.0,9000.0,9000.0,9000.0,480,0.0,0.0,ACL
2016-08-18 00:00:00-04:00,9300.0,9300.0,9300.0,9300.0,10,0.0,0.0,ACL
2016-08-19 00:00:00-04:00,8800.0,9000.0,8700.0,9000.0,3030,0.0,0.0,ACL
2016-08-22 00:00:00-04:00,9200.0,9200.0,9200.0,9200.0,230,0.0,0.0,ACL
2016-08-23 00:00:00-04:00,9200.0,9200.0,9200.0,9200.0,0,0.0,0.0,ACL
2016-08-24 00:00:00-04:00,9200.0,9200.0,9200.0,9200.0,0,0.0,0.0,ACL
2016-08-25 00:00:00-04:00,9200.0,9200.0,9200.0,9200.0,100,0.0,0.0,ACL
2016-08-26 00:00:00-04:00,9200.0,9200.0,9200.0,9200.0,0,0.0,0.0,ACL
2016-08-29 00:00:00-04:00,9000.0,9000.0,9000.0,9000.0,200,0.0,0.0,ACL
2016-08-30 00:00:00-04:00,9000.0,9000.0,9000.0,9000.0,0,0.0,0.0,ACL
2016-08-31 00:00:00-04:00,9000.0,9000.0,9000.0,9000.0,0,0.0,0.0,ACL
2016-09-01 00:00:00-04:00,9000.0,9000.0,9000.0,9000.0,0,0.0,0.0,ACL
2016-09-02 00:00:00-04:00,9000.0,9000.0,9000.0,9000.0,0,0.0,0.0,ACL
2016-09-06 00:00:00-04:00,9000.0,9000.0,9000.0,9000.0,0,0.0,0.0,ACL
2016-09-07 00:00:00-04:00,9000.0,9000.0,9000.0,9000.0,0,0.0,0.0,ACL
2016-09-08 00:00:00-04:00,8400.0,9100.0,8400.0,9100.0,620,0.0,0.0,ACL
2016-09-09 00:00:00-04:00,9100.0,9100.0,9100.0,9100.0,0,0.0,0.0,ACL
2016-09-12 00:00:00-04:00,9100.0,9100.0,9090.0,9090.0,120,0.0,0.0,ACL
2016-09-13 00:00:00-04:00,9090.0,9090.0,9090.0,9090.0,0,0.0,0.0,ACL
2016-09-14 00:00:00-04:00,9000.0,9000.0,9000.0,9000.0,160,0.0,0.0,ACL
2016-09-15 00:00:00-04:00,9000.0,9000.0,9000.0,9000.0,0,0.0,0.0,ACL
2016-09-16 00:00:00-04:00,8600.0,9100.0,8600.0,9100.0,1010,0.0,0.0,ACL
2016-09-19 00:00:00-04:00,9000.0,9100.0,9000.0,9100.0,260,0.0,0.0,ACL
2016-09-20 00:00:00-04:00,9100.0,9100.0,9100.0,9100.0,0,0.0,0.0,ACL
2016-09-21 00:00:00-04:00,9100.0,9100.0,9100.0,9100.0,0,0.0,0.0,ACL
2016-09-22 00:00:00-04:00,9100.0,9100.0,9100.0,9100.0,0,0.0,0.0,ACL
2016-09-23 00:00:00-04:00,8800.0,9250.0,8800.0,9250.0,5020,0.0,0.0,ACL
2016-09-26 00:00:00-04:00,9250.0,9250.0,9250.0,9250.0,0,0.0,0.0,ACL
2016-09-27 00:00:00-04:00,9250.0,9250.0,9250.0,9250.0,0,0.0,0.0,ACL
2016-09-28 00:00:00-04:00,8800.0,9190.0,8800.0,9190.0,530,0.0,0.0,ACL
2016-09-29 00:00:00-04:00,9100.0,9190.0,8750.0,8900.0,10830,0.0,0.0,ACL
2016-09-30 00:00:00-04:00,9170.0,9170.0,9000.0,9000.0,330,0.0,0.0,ACL
2016-10-03 00:00:00-04:00,8700.0,9150.0,8700.0,9150.0,30,0.0,0.0,ACL
2016-10-04 00:00:00-04:00,8700.0,9150.0,8700.0,9150.0,3010,0.0,0.0,ACL
2016-10-05 00:00:00-04:00,9150.0,9150.0,9150.0,9150.0,0,0.0,0.0,ACL
2016-10-06 00:00:00-04:00,8800.0,9100.0,8700.0,8900.0,6170,0.0,0.0,ACL
2016-10-07 00:00:00-04:00,8800.0,8900.0,8500.0,8900.0,5430,0.0,0.0,ACL
2016-10-10 00:00:00-04:00,8900.0,9000.0,8510.0,8900.0,1290,0.0,0.0,ACL
2016-10-11 00:00:00-04:00,8900.0,9000.0,8900.0,9000.0,710,0.0,0.0,ACL
2016-10-12 00:00:00-04:00,8800.0,9000.0,8400.0,9000.0,2020,0.0,0.0,ACL
2016-10-13 00:00:00-04:00,8610.0,8900.0,8400.0,8510.0,2510,0.0,0.0,ACL
2016-10-14 00:00:00-04:00,8500.0,8880.0,8400.0,8790.0,1730,0.0,0.0,ACL
2016-10-17 00:00:00-04:00,8450.0,8790.0,8200.0,8700.0,4830,0.0,0.0,ACL
2016-10-18 00:00:00-04:00,8740.0,8740.0,8740.0,8740.0,10,0.0,0.0,ACL
2016-10-19 00:00:00-04:00,8700.0,8800.0,8690.0,8800.0,1530,0.0,0.0,ACL
2016-10-20 00:00:00-04:00,8600.0,8790.0,8600.0,8790.0,7000,0.0,0.0,ACL
2016-10-21 00:00:00-04:00,8600.0,8780.0,8200.0,8780.0,1470,0.0,0.0,ACL
2016-10-24 00:00:00-04:00,8200.0,8690.0,8200.0,8690.0,700,0.0,0.0,ACL
2016-10-25 00:00:00-04:00,8690.0,8690.0,8690.0,8690.0,0,0.0,0.0,ACL
2016-10-26 00:00:00-04:00,8600.0,8690.0,8300.0,8690.0,390,0.0,0.0,ACL
2016-10-27 00:00:00-04:00,8600.0,8690.0,8300.0,8690.0,1440,0.0,0.0,ACL
2016-10-28 00:00:00-04:00,8300.0,8690.0,8300.0,8680.0,1160,0.0,0.0,ACL
2016-10-31 00:00:00-04:00,8700.0,8700.0,8700.0,8700.0,10,0.0,0.0,ACL
2016-11-01 00:00:00-04:00,8700.0,8700.0,8300.0,8300.0,14110,0.0,0.0,ACL
2016-11-02 00:00:00-04:00,8300.0,8400.0,8300.0,8310.0,130,0.0,0.0,ACL
2016-11-03 00:00:00-04:00,8590.0,8590.0,8590.0,8590.0,10,0.0,0.0,ACL
2016-11-04 00:00:00-04:00,8590.0,8590.0,8590.0,8590.0,0,0.0,0.0,ACL
2016-11-07 00:00:00-05:00,8000.0,8000.0,8000.0,8000.0,10740,0.0,0.0,ACL
2016-11-08 00:00:00-05:00,7810.0,7990.0,7700.0,7900.0,12800,0.0,0.0,ACL
2016-11-09 00:00:00-05:00,7700.0,7990.0,7500.0,7980.0,15030,0.0,0.0,ACL
2016-11-10 00:00:00-05:00,8200.0,8200.0,8200.0,8200.0,10,0.0,0.0,ACL
2016-11-11 00:00:00-05:00,8000.0,8000.0,7990.0,8000.0,3650,0.0,0.0,ACL
2016-11-14 00:00:00-05:00,8000.0,8500.0,8000.0,8500.0,8010,0.0,0.0,ACL
2016-11-15 00:00:00-05:00,7940.0,8400.0,7920.0,8400.0,5370,0.0,0.0,ACL
2016-11-16 00:00:00-05:00,8400.0,8400.0,8400.0,8400.0,0,0.0,0.0,ACL
2016-11-17 00:00:00-05:00,7850.0,8380.0,7850.0,8380.0,1010,0.0,0.0,ACL
2016-11-18 00:00:00-05:00,8000.0,8370.0,8000.0,8370.0,7330,0.0,0.0,ACL
2016-11-21 00:00:00-05:00,7900.0,8280.0,7900.0,8280.0,520,0.0,0.0,ACL
2016-11-22 00:00:00-05:00,8000.0,8370.0,8000.0,8300.0,2040,0.0,0.0,ACL
2016-11-23 00:00:00-05:00,8300.0,8390.0,8050.0,8050.0,20030,0.0,0.0,ACL
2016-11-25 00:00:00-05:00,8300.0,8300.0,8300.0,8300.0,20,0.0,0.0,ACL
2016-11-28 00:00:00-05:00,7800.0,8300.0,7720.0,8300.0,510,0.0,0.0,ACL
2016-11-29 00:00:00-05:00,8000.0,8300.0,8000.0,8300.0,1010,0.0,0.0,ACL
2016-11-30 00:00:00-05:00,8300.0,8300.0,8000.0,8000.0,5940,0.0,0.0,ACL
2016-12-01 00:00:00-05:00,8400.0,8400.0,7500.0,7950.0,9830,0.0,0.0,ACL
2016-12-02 00:00:00-05:00,7800.0,8200.0,7800.0,8200.0,2110,0.0,0.0,ACL
2016-12-05 00:00:00-05:00,7700.0,7900.0,7700.0,7900.0,40,0.0,0.0,ACL
2016-12-06 00:00:00-05:00,7800.0,8200.0,7800.0,8000.0,70,0.0,0.0,ACL
2016-12-07 00:00:00-05:00,7660.0,7660.0,7660.0,7660.0,50,0.0,0.0,ACL
2016-12-08 00:00:00-05:00,7300.0,7890.0,7300.0,7890.0,1030,0.0,0.0,ACL
2016-12-09 00:00:00-05:00,7600.0,8000.0,7600.0,8000.0,20,0.0,0.0,ACL
2016-12-12 00:00:00-05:00,7700.0,7800.0,7700.0,7800.0,1190,0.0,0.0,ACL
2016-12-13 00:00:00-05:00,7300.0,7790.0,7300.0,7790.0,4180,0.0,0.0,ACL
2016-12-14 00:00:00-05:00,7250.0,7960.0,7250.0,7960.0,310,0.0,0.0,ACL
2016-12-15 00:00:00-05:00,7990.0,8000.0,7990.0,8000.0,3020,0.0,0.0,ACL
2016-12-16 00:00:00-05:00,7700.0,7700.0,7700.0,7700.0,1100,0.0,0.0,ACL
2016-12-19 00:00:00-05:00,7700.0,7950.0,7700.0,7950.0,430,0.0,0.0,ACL
2016-12-20 00:00:00-05:00,7420.0,7970.0,7420.0,7970.0,2540,0.0,0.0,ACL
2016-12-21 00:00:00-05:00,8000.0,8500.0,8000.0,8150.0,1420,0.0,0.0,ACL
2016-12-22 00:00:00-05:00,8480.0,8480.0,8480.0,8480.0,10,0.0,0.0,ACL
2016-12-23 00:00:00-05:00,8200.0,8400.0,7950.0,7950.0,200,0.0,0.0,ACL
2016-12-27 00:00:00-05:00,8400.0,8400.0,8400.0,8400.0,20,0.0,0.0,ACL
2016-12-28 00:00:00-05:00,8390.0,8390.0,7910.0,7910.0,80,0.0,0.0,ACL
2016-12-29 00:00:00-05:00,7410.0,8390.0,7410.0,8390.0,850,0.0,0.0,ACL
2016-12-30 00:00:00-05:00,8400.0,8500.0,8400.0,8500.0,3200,0.0,0.0,ACL
2017-01-03 00:00:00-05:00,7910.0,8740.0,7910.0,7930.0,530,0.0,0.0,ACL
2017-01-04 00:00:00-05:00,7930.0,7930.0,7930.0,7930.0,0,0.0,0.0,ACL
2017-01-05 00:00:00-05:00,7930.0,7930.0,7930.0,7930.0,20,0.0,0.0,ACL
2017-01-06 00:00:00-05:00,7930.0,7930.0,7930.0,7930.0,0,0.0,0.0,ACL
2017-01-09 00:00:00-05:00,8340.0,8340.0,8340.0,8340.0,20,0.0,0.0,ACL
2017-01-10 00:00:00-05:00,8340.0,8340.0,8340.0,8340.0,0,0.0,0.0,ACL
2017-01-11 00:00:00-05:00,8200.0,8400.0,8200.0,8400.0,180,0.0,0.0,ACL
2017-01-12 00:00:00-05:00,8280.0,8280.0,8200.0,8200.0,1050,0.0,0.0,ACL
2017-01-13 00:00:00-05:00,8450.0,8450.0,8200.0,8250.0,310,0.0,0.0,ACL
2017-01-17 00:00:00-05:00,7910.0,7910.0,7910.0,7910.0,0,0.0,0.0,ACL
2017-01-18 00:00:00-05:00,8390.0,8390.0,8390.0,8390.0,10,0.0,0.0,ACL
2017-01-19 00:00:00-05:00,8370.0,8370.0,8370.0,8370.0,100,0.0,0.0,ACL
2017-01-20 00:00:00-05:00,8370.0,8370.0,8370.0,8370.0,0,0.0,0.0,ACL
2017-01-23 00:00:00-05:00,7800.0,8450.0,7790.0,8450.0,510,0.0,0.0,ACL
2017-01-24 00:00:00-05:00,8500.0,8500.0,8500.0,8500.0,10,0.0,0.0,ACL
2017-01-25 00:00:00-05:00,8300.0,8500.0,8300.0,8500.0,120,0.0,0.0,ACL
2017-01-26 00:00:00-05:00,8500.0,8500.0,8500.0,8500.0,0,0.0,0.0,ACL
2017-01-27 00:00:00-05:00,8500.0,8500.0,8500.0,8500.0,0,0.0,0.0,ACL
2017-01-30 00:00:00-05:00,8500.0,8500.0,8500.0,8500.0,0,0.0,0.0,ACL
2017-01-31 00:00:00-05:00,8500.0,8500.0,8500.0,8500.0,0,0.0,0.0,ACL
2017-02-01 00:00:00-05:00,8500.0,8500.0,8500.0,8500.0,0,0.0,0.0,ACL
2017-02-02 00:00:00-05:00,8500.0,8500.0,8500.0,8500.0,0,0.0,0.0,ACL
2017-02-03 00:00:00-05:00,8500.0,8500.0,8500.0,8500.0,6500,0.0,0.0,ACL
2017-02-06 00:00:00-05:00,8800.0,8800.0,8500.0,8700.0,3150,0.0,0.0,ACL
2017-02-07 00:00:00-05:00,8700.0,8700.0,8700.0,8700.0,0,0.0,0.0,ACL
2017-02-08 00:00:00-05:00,8800.0,8800.0,8800.0,8800.0,10,0.0,0.0,ACL
2017-02-09 00:00:00-05:00,8800.0,8800.0,8800.0,8800.0,0,0.0,0.0,ACL
2017-02-10 00:00:00-05:00,8770.0,8800.0,8770.0,8800.0,1010,0.0,0.0,ACL
2017-02-13 00:00:00-05:00,8800.0,8800.0,8800.0,8800.0,0,0.0,0.0,ACL
2017-02-14 00:00:00-05:00,8900.0,8900.0,8900.0,8900.0,30,0.0,0.0,ACL
2017-02-15 00:00:00-05:00,8900.0,8900.0,8500.0,8800.0,2040,0.0,0.0,ACL
2017-02-16 00:00:00-05:00,8510.0,8850.0,8500.0,8800.0,2050,0.0,0.0,ACL
2017-02-17 00:00:00-05:00,8900.0,8900.0,8900.0,8900.0,20,0.0,0.0,ACL
2017-02-21 00:00:00-05:00,8650.0,8650.0,8000.0,8650.0,3620,0.0,0.0,ACL
2017-02-22 00:00:00-05:00,8750.0,8750.0,8750.0,8750.0,1300,0.0,0.0,ACL
2017-02-23 00:00:00-05:00,8700.0,8750.0,8700.0,8750.0,40,0.0,0.0,ACL
2017-02-24 00:00:00-05:00,8310.0,8750.0,8300.0,8750.0,1880,0.0,0.0,ACL
2017-02-27 00:00:00-05:00,8150.0,9360.0,8150.0,9360.0,6800,0.0,0.0,ACL
2017-02-28 00:00:00-05:00,9300.0,9300.0,8710.0,9190.0,8700,0.0,0.0,ACL
2017-03-01 00:00:00-05:00,8710.0,8710.0,8550.0,8550.0,4200,0.0,0.0,ACL
2017-03-02 00:00:00-05:00,8800.0,8800.0,8800.0,8800.0,60,0.0,0.0,ACL
2017-03-03 00:00:00-05:00,8500.0,8800.0,8350.0,8800.0,6590,0.0,0.0,ACL
2017-03-06 00:00:00-05:00,8690.0,8690.0,8690.0,8690.0,20,0.0,0.0,ACL
2017-03-07 00:00:00-05:00,8770.0,8770.0,8490.0,8730.0,6460,0.0,0.0,ACL
2017-03-08 00:00:00-05:00,8680.0,8900.0,8600.0,8730.0,4710,0.0,0.0,ACL
2017-03-09 00:00:00-05:00,8600.0,8730.0,8550.0,8730.0,20540,0.0,0.0,ACL
2017-03-10 00:00:00-05:00,8760.0,8760.0,8760.0,8760.0,1420,0.0,0.0,ACL
2017-03-13 00:00:00-04:00,8800.0,8800.0,8600.0,8600.0,260,0.0,0.0,ACL
2017-03-14 00:00:00-04:00,8550.0,8900.0,8550.0,8900.0,3660,0.0,0.0,ACL
2017-03-15 00:00:00-04:00,8480.0,8800.0,8470.0,8800.0,1570,0.0,0.0,ACL
2017-03-16 00:00:00-04:00,8800.0,8800.0,8800.0,8800.0,0,0.0,0.0,ACL
2017-03-17 00:00:00-04:00,8800.0,8800.0,8800.0,8800.0,0,0.0,0.0,ACL
2017-03-20 00:00:00-04:00,8300.0,8780.0,8300.0,8770.0,40,0.0,0.0,ACL
2017-03-21 00:00:00-04:00,8420.0,8760.0,8420.0,8760.0,100,0.0,0.0,ACL
2017-03-22 00:00:00-04:00,8750.0,8750.0,8750.0,8750.0,1500,0.0,0.0,ACL
2017-03-23 00:00:00-04:00,8990.0,8990.0,8140.0,8750.0,6320,0.0,0.0,ACL
2017-03-24 00:00:00-04:00,8500.0,8500.0,8500.0,8500.0,1550,0.0,0.0,ACL
2017-03-27 00:00:00-04:00,8500.0,8500.0,8400.0,8400.0,21850,0.0,0.0,ACL
2017-03-28 00:00:00-04:00,8400.0,8500.0,8220.0,8440.0,3110,0.0,0.0,ACL
2017-03-29 00:00:00-04:00,8200.0,8300.0,7850.0,8300.0,10490,0.0,0.0,ACL
2017-03-30 00:00:00-04:00,7730.0,8390.0,7730.0,8100.0,13170,0.0,0.0,ACL
2017-03-31 00:00:00-04:00,8000.0,8200.0,8000.0,8000.0,4290,0.0,0.0,ACL
2017-04-03 00:00:00-04:00,8000.0,8300.0,7900.0,8300.0,18030,0.0,0.0,ACL
2017-04-04 00:00:00-04:00,8000.0,8280.0,8000.0,8000.0,1660,0.0,0.0,ACL
2017-04-05 00:00:00-04:00,8000.0,8100.0,8000.0,8100.0,34890,0.0,0.0,ACL
2017-04-06 00:00:00-04:00,8100.0,8100.0,8100.0,8100.0,0,0.0,0.0,ACL
2017-04-07 00:00:00-04:00,8000.0,8100.0,7610.0,8000.0,11320,0.0,0.0,ACL
2017-04-10 00:00:00-04:00,8000.0,8100.0,8000.0,8100.0,2400,0.0,0.0,ACL
2017-04-11 00:00:00-04:00,8100.0,8200.0,8100.0,8200.0,3130,0.0,0.0,ACL
2017-04-12 00:00:00-04:00,8200.0,8200.0,8200.0,8200.0,10,0.0,0.0,ACL
2017-04-13 00:00:00-04:00,8200.0,8290.0,8200.0,8290.0,10100,0.0,0.0,ACL
2017-04-17 00:00:00-04:00,8490.0,8490.0,8490.0,8490.0,10,0.0,0.0,ACL
2017-04-18 00:00:00-04:00,8490.0,8490.0,8490.0,8490.0,10,0.0,0.0,ACL
2017-04-19 00:00:00-04:00,8200.0,8200.0,8200.0,8200.0,50,0.0,0.0,ACL
2017-04-20 00:00:00-04:00,8200.0,8400.0,8200.0,8200.0,1070,0.0,0.0,ACL
2017-04-21 00:00:00-04:00,7650.0,8350.0,7650.0,8350.0,90,0.0,0.0,ACL
2017-04-24 00:00:00-04:00,8350.0,8350.0,8350.0,8350.0,0,0.0,0.0,ACL
2017-04-25 00:00:00-04:00,8200.0,8550.0,8200.0,8550.0,590,0.0,0.0,ACL
2017-04-26 00:00:00-04:00,8500.0,8500.0,7960.0,8450.0,2050,0.0,0.0,ACL
2017-04-27 00:00:00-04:00,8450.0,8450.0,8450.0,8450.0,0,0.0,0.0,ACL
2017-04-28 00:00:00-04:00,8450.0,8450.0,8450.0,8450.0,0,0.0,0.0,ACL
2017-05-01 00:00:00-04:00,8450.0,8450.0,8450.0,8450.0,0,0.0,0.0,ACL
2017-05-02 00:00:00-04:00,8450.0,8450.0,8450.0,8450.0,0,0.0,0.0,ACL
2017-05-03 00:00:00-04:00,8000.0,8290.0,8000.0,8290.0,4360,0.0,0.0,ACL
2017-05-04 00:00:00-04:00,8200.0,8500.0,8200.0,8500.0,140,0.0,0.0,ACL
2017-05-05 00:00:00-04:00,8020.0,8400.0,8000.0,8150.0,1530,0.0,0.0,ACL
2017-05-08 00:00:00-04:00,8400.0,8400.0,7580.0,8100.0,7170,0.0,0.0,ACL
2017-05-09 00:00:00-04:00,8100.0,8300.0,8100.0,8100.0,1620,0.0,0.0,ACL
2017-05-10 00:00:00-04:00,7990.0,8390.0,7990.0,8350.0,520,0.0,0.0,ACL
2017-05-11 00:00:00-04:00,8100.0,8290.0,8100.0,8150.0,1260,0.0,0.0,ACL
2017-05-12 00:00:00-04:00,8060.0,8400.0,8060.0,8150.0,1950,0.0,0.0,ACL
2017-05-15 00:00:00-04:00,8480.0,8480.0,8150.0,8150.0,1400,0.0,0.0,ACL
2017-05-16 00:00:00-04:00,8450.0,8550.0,8450.0,8500.0,5300,0.0,0.0,ACL
2017-05-17 00:00:00-04:00,8150.0,8500.0,8150.0,8500.0,2780,0.0,0.0,ACL
2017-05-18 00:00:00-04:00,8200.0,8450.0,8200.0,8200.0,780,0.0,0.0,ACL
2017-05-19 00:00:00-04:00,8100.0,8500.0,8100.0,8500.0,5810,0.0,0.0,ACL
2017-05-22 00:00:00-04:00,8100.0,8600.0,8100.0,8600.0,230,0.0,0.0,ACL
2017-05-23 00:00:00-04:00,8650.0,8700.0,8200.0,8600.0,3810,0.0,0.0,ACL
2017-05-24 00:00:00-04:00,8600.0,8600.0,8600.0,8600.0,260,0.0,0.0,ACL
2017-05-25 00:00:00-04:00,8110.0,8600.0,8100.0,8600.0,2610,0.0,0.0,ACL
2017-05-26 00:00:00-04:00,8890.0,8890.0,8500.0,8600.0,6720,0.0,0.0,ACL
2017-05-30 00:00:00-04:00,8600.0,8600.0,8600.0,8600.0,1110,0.0,0.0,ACL
2017-05-31 00:00:00-04:00,8600.0,8600.0,8600.0,8600.0,0,0.0,0.0,ACL
2017-06-01 00:00:00-04:00,8600.0,8600.0,8600.0,8600.0,10,0.0,0.0,ACL
2017-06-02 00:00:00-04:00,8600.0,8600.0,8600.0,8600.0,0,0.0,0.0,ACL
2017-06-05 00:00:00-04:00,8600.0,8600.0,8600.0,8600.0,0,0.0,0.0,ACL
2017-06-06 00:00:00-04:00,8550.0,8600.0,8550.0,8600.0,3300,0.0,0.0,ACL
2017-06-07 00:00:00-04:00,8600.0,8600.0,8600.0,8600.0,0,0.0,0.0,ACL
2017-06-08 00:00:00-04:00,8600.0,8600.0,8600.0,8600.0,20,0.0,0.0,ACL
2017-06-09 00:00:00-04:00,8400.0,8500.0,8400.0,8500.0,600,0.0,0.0,ACL
2017-06-12 00:00:00-04:00,8200.0,8600.0,8100.0,8600.0,15010,0.0,0.0,ACL
2017-06-13 00:00:00-04:00,8600.0,8600.0,8600.0,8600.0,0,0.0,0.0,ACL
2017-06-14 00:00:00-04:00,8600.0,8600.0,8600.0,8600.0,0,0.0,0.0,ACL
2017-06-15 00:00:00-04:00,8110.0,8550.0,8000.0,8500.0,14890,0.0,0.0,ACL
2017-06-16 00:00:00-04:00,8550.0,8550.0,8550.0,8550.0,10,0.0,0.0,ACL
2017-06-19 00:00:00-04:00,8550.0,8550.0,8550.0,8550.0,0,0.0,0.0,ACL
2017-06-20 00:00:00-04:00,8550.0,8550.0,8150.0,8150.0,110,0.0,0.0,ACL
2017-06-21 00:00:00-04:00,8000.0,8350.0,8000.0,8340.0,2310,0.0,0.0,ACL
2017-06-22 00:00:00-04:00,8340.0,8380.0,8340.0,8380.0,60,0.0,0.0,ACL
2017-06-23 00:00:00-04:00,8600.0,8600.0,8600.0,8600.0,10,0.0,0.0,ACL
2017-06-26 00:00:00-04:00,8440.0,8440.0,8440.0,8440.0,10,0.0,0.0,ACL
2017-06-27 00:00:00-04:00,8380.0,8390.0,8380.0,8380.0,10660,0.0,0.0,ACL
2017-06-28 00:00:00-04:00,8380.0,8480.0,8380.0,8480.0,900,0.0,0.0,ACL
2017-06-29 00:00:00-04:00,8480.0,8480.0,8480.0,8480.0,0,0.0,0.0,ACL
2017-06-30 00:00:00-04:00,8590.0,8590.0,8230.0,8480.0,1860,0.0,0.0,ACL
2017-07-03 00:00:00-04:00,8450.0,8500.0,8450.0,8460.0,2690,0.0,0.0,ACL
2017-07-05 00:00:00-04:00,8480.0,8500.0,8480.0,8500.0,30,0.0,0.0,ACL
2017-07-06 00:00:00-04:00,8310.0,8850.0,8280.0,8500.0,2800,0.0,0.0,ACL
2017-07-07 00:00:00-04:00,8490.0,8490.0,8490.0,8490.0,100,0.0,0.0,ACL
2017-07-10 00:00:00-04:00,8490.0,8490.0,8300.0,8490.0,6480,0.0,0.0,ACL
2017-07-11 00:00:00-04:00,8490.0,8490.0,8200.0,8490.0,2120,0.0,0.0,ACL
2017-07-12 00:00:00-04:00,8500.0,8500.0,8500.0,8500.0,510,0.0,0.0,ACL
2017-07-13 00:00:00-04:00,8350.0,8500.0,8060.0,8500.0,4090,0.0,0.0,ACL
2017-07-14 00:00:00-04:00,8250.0,8500.0,8250.0,8500.0,1030,0.0,0.0,ACL
2017-07-17 00:00:00-04:00,8500.0,8500.0,8500.0,8500.0,10,0.0,0.0,ACL
2017-07-18 00:00:00-04:00,8450.0,8450.0,8400.0,8450.0,210,0.0,0.0,ACL
2017-07-19 00:00:00-04:00,8250.0,8400.0,8250.0,8400.0,620,0.0,0.0,ACL
2017-07-20 00:00:00-04:00,8000.0,8480.0,8000.0,8390.0,4020,0.0,0.0,ACL
2017-07-21 00:00:00-04:00,8200.0,8390.0,8200.0,8390.0,20,0.0,0.0,ACL
2017-07-24 00:00:00-04:00,8250.0,8390.0,8230.0,8230.0,16010,0.0,0.0,ACL
2017-07-25 00:00:00-04:00,8000.0,8000.0,7660.0,8000.0,31000,0.0,0.0,ACL
2017-07-26 00:00:00-04:00,7670.0,8000.0,7670.0,8000.0,4790,0.0,0.0,ACL
2017-07-27 00:00:00-04:00,8100.0,8200.0,8000.0,8000.0,1290,0.0,0.0,ACL
2017-07-28 00:00:00-04:00,8270.0,8270.0,7930.0,8000.0,440,0.0,0.0,ACL
2017-07-31 00:00:00-04:00,8560.0,8560.0,8560.0,8560.0,9880,0.0,0.0,ACL
2017-08-01 00:00:00-04:00,9000.0,9000.0,8200.0,8560.0,8460,0.0,0.0,ACL
2017-08-02 00:00:00-04:00,8850.0,8850.0,8500.0,8850.0,260,0.0,0.0,ACL
2017-08-03 00:00:00-04:00,8850.0,8890.0,8700.0,8890.0,8440,0.0,0.0,ACL
2017-08-04 00:00:00-04:00,8900.0,8900.0,8300.0,8850.0,5260,0.0,0.0,ACL
2017-08-07 00:00:00-04:00,8270.0,8790.0,8270.0,8790.0,5180,0.0,0.0,ACL
2017-08-08 00:00:00-04:00,8600.0,8800.0,8300.0,8800.0,930,0.0,0.0,ACL
2017-08-09 00:00:00-04:00,8610.0,8800.0,8500.0,8790.0,1520,0.0,0.0,ACL
2017-08-10 00:00:00-04:00,8780.0,8780.0,8400.0,8400.0,300,0.0,0.0,ACL
2017-08-11 00:00:00-04:00,8790.0,8790.0,8300.0,8600.0,2350,0.0,0.0,ACL
2017-08-14 00:00:00-04:00,8400.0,8670.0,8400.0,8600.0,1540,0.0,0.0,ACL
2017-08-15 00:00:00-04:00,8600.0,8600.0,8600.0,8600.0,160,0.0,0.0,ACL
2017-08-16 00:00:00-04:00,8500.0,8690.0,8300.0,8500.0,2910,0.0,0.0,ACL
2017-08-17 00:00:00-04:00,7950.0,8570.0,7950.0,8570.0,1500,0.0,0.0,ACL
2017-08-18 00:00:00-04:00,8780.0,8800.0,8600.0,8600.0,560,0.0,0.0,ACL
2017-08-21 00:00:00-04:00,8400.0,8560.0,8400.0,8400.0,180,0.0,0.0,ACL
2017-08-22 00:00:00-04:00,8400.0,8540.0,8250.0,8500.0,720,0.0,0.0,ACL
2017-08-23 00:00:00-04:00,8400.0,8600.0,8300.0,8600.0,1248000,0.0,0.0,ACL
2017-08-24 00:00:00-04:00,8500.0,8500.0,8300.0,8500.0,154000,0.0,0.0,ACL
2017-08-25 00:00:00-04:00,8500.0,8500.0,8500.0,8500.0,3000,0.0,0.0,ACL
2017-08-28 00:00:00-04:00,8500.0,8600.0,8400.0,8600.0,4880,0.0,0.0,ACL
2017-08-29 00:00:00-04:00,8400.0,8580.0,8000.0,8580.0,12100,0.0,0.0,ACL
2017-08-30 00:00:00-04:00,8580.0,8580.0,8580.0,8580.0,0,0.0,0.0,ACL
2017-08-31 00:00:00-04:00,8550.0,8550.0,8000.0,8540.0,2680,0.0,0.0,ACL
2017-09-01 00:00:00-04:00,8500.0,8500.0,8380.0,8400.0,3340,0.0,0.0,ACL
2017-09-05 00:00:00-04:00,8400.0,8400.0,8400.0,8400.0,0,0.0,0.0,ACL
2017-09-06 00:00:00-04:00,8380.0,8390.0,8010.0,8360.0,210,0.0,0.0,ACL
2017-09-07 00:00:00-04:00,8360.0,8380.0,8300.0,8380.0,2900,0.0,0.0,ACL
2017-09-08 00:00:00-04:00,8350.0,8350.0,8350.0,8350.0,400,0.0,0.0,ACL
2017-09-11 00:00:00-04:00,8350.0,8350.0,8300.0,8350.0,300,0.0,0.0,ACL
2017-09-12 00:00:00-04:00,8300.0,8300.0,8300.0,8300.0,11600,0.0,0.0,ACL
2017-09-13 00:00:00-04:00,8500.0,8550.0,8500.0,8550.0,30,0.0,0.0,ACL
2017-09-14 00:00:00-04:00,8150.0,8550.0,8150.0,8550.0,210,0.0,0.0,ACL
2017-09-15 00:00:00-04:00,8550.0,8550.0,8550.0,8550.0,0,0.0,0.0,ACL
2017-09-18 00:00:00-04:00,8500.0,8500.0,8300.0,8400.0,10160,0.0,0.0,ACL
2017-09-19 00:00:00-04:00,8600.0,8600.0,8150.0,8400.0,600,0.0,0.0,ACL
2017-09-20 00:00:00-04:00,8400.0,8500.0,8400.0,8500.0,14770,0.0,0.0,ACL
2017-09-21 00:00:00-04:00,8110.0,8450.0,8000.0,8050.0,3710,0.0,0.0,ACL
2017-09-22 00:00:00-04:00,8610.0,8610.0,8300.0,8450.0,270,0.0,0.0,ACL
2017-09-25 00:00:00-04:00,8400.0,8450.0,8400.0,8450.0,13010,0.0,0.0,ACL
2017-09-26 00:00:00-04:00,8450.0,8450.0,8450.0,8450.0,0,0.0,0.0,ACL
2017-09-27 00:00:00-04:00,8400.0,8400.0,8400.0,8400.0,1000,0.0,0.0,ACL
2017-09-28 00:00:00-04:00,8350.0,8400.0,8350.0,8400.0,200,0.0,0.0,ACL
2017-09-29 00:00:00-04:00,8400.0,8400.0,8400.0,8400.0,0,0.0,0.0,ACL
2017-10-02 00:00:00-04:00,8400.0,8400.0,8400.0,8400.0,70,0.0,0.0,ACL
2017-10-03 00:00:00-04:00,8400.0,8400.0,8400.0,8400.0,0,0.0,0.0,ACL
2017-10-04 00:00:00-04:00,8400.0,8400.0,8400.0,8400.0,0,0.0,0.0,ACL
2017-10-05 00:00:00-04:00,8400.0,8400.0,8400.0,8400.0,0,0.0,0.0,ACL
2017-10-06 00:00:00-04:00,8400.0,8500.0,8400.0,8500.0,1110,0.0,0.0,ACL
2017-10-09 00:00:00-04:00,8600.0,8600.0,8400.0,8600.0,240,0.0,0.0,ACL
2017-10-10 00:00:00-04:00,8400.0,8780.0,8010.0,8700.0,7710,0.0,0.0,ACL
2017-10-11 00:00:00-04:00,8700.0,8780.0,8500.0,8780.0,9220,0.0,0.0,ACL
2017-10-12 00:00:00-04:00,8550.0,8700.0,8550.0,8700.0,80,0.0,0.0,ACL
2017-10-13 00:00:00-04:00,8700.0,8800.0,8500.0,8800.0,13510,0.0,0.0,ACL
2017-10-16 00:00:00-04:00,8880.0,8880.0,8500.0,8840.0,40,0.0,0.0,ACL
2017-10-17 00:00:00-04:00,8500.0,8750.0,8500.0,8750.0,980,0.0,0.0,ACL
2017-10-18 00:00:00-04:00,8510.0,8740.0,8300.0,8740.0,8220,0.0,0.0,ACL
2017-10-19 00:00:00-04:00,8690.0,8700.0,8690.0,8700.0,3010,0.0,0.0,ACL
2017-10-20 00:00:00-04:00,8690.0,8700.0,8690.0,8700.0,2020,0.0,0.0,ACL
2017-10-23 00:00:00-04:00,8600.0,8600.0,8600.0,8600.0,100,0.0,0.0,ACL
2017-10-24 00:00:00-04:00,8600.0,8600.0,8600.0,8600.0,0,0.0,0.0,ACL
2017-10-25 00:00:00-04:00,8600.0,8600.0,8600.0,8600.0,0,0.0,0.0,ACL
2017-10-26 00:00:00-04:00,8600.0,8600.0,8600.0,8600.0,0,0.0,0.0,ACL
2017-10-27 00:00:00-04:00,8650.0,8650.0,8650.0,8650.0,30,0.0,0.0,ACL
2017-10-30 00:00:00-04:00,8500.0,8600.0,8500.0,8600.0,310,0.0,0.0,ACL
2017-10-31 00:00:00-04:00,8600.0,8600.0,8600.0,8600.0,0,0.0,0.0,ACL
2017-11-01 00:00:00-04:00,8110.0,8600.0,8110.0,8600.0,40,0.0,0.0,ACL
2017-11-02 00:00:00-04:00,8600.0,8600.0,8600.0,8600.0,0,0.0,0.0,ACL
2017-11-03 00:00:00-04:00,8600.0,8600.0,8600.0,8600.0,0,0.0,0.0,ACL
2017-11-06 00:00:00-05:00,8600.0,8600.0,8600.0,8600.0,0,0.0,0.0,ACL
2017-11-07 00:00:00-05:00,8110.0,8580.0,8110.0,8580.0,20,0.0,0.0,ACL
2017-11-08 00:00:00-05:00,8580.0,8580.0,8580.0,8580.0,0,0.0,0.0,ACL
2017-11-09 00:00:00-05:00,8580.0,8580.0,8580.0,8580.0,0,0.0,0.0,ACL
2017-11-10 00:00:00-05:00,8530.0,8580.0,8530.0,8580.0,50,0.0,0.0,ACL
2017-11-13 00:00:00-05:00,8580.0,8580.0,8580.0,8580.0,0,0.0,0.0,ACL
2017-11-14 00:00:00-05:00,8010.0,8580.0,8010.0,8580.0,30,0.0,0.0,ACL
2017-11-15 00:00:00-05:00,8570.0,8580.0,8570.0,8580.0,850,0.0,0.0,ACL
2017-11-16 00:00:00-05:00,8580.0,8580.0,8580.0,8580.0,1630,0.0,0.0,ACL
2017-11-17 00:00:00-05:00,8580.0,8580.0,8580.0,8580.0,0,0.0,0.0,ACL
2017-11-20 00:00:00-05:00,8700.0,8700.0,8700.0,8700.0,20,0.0,0.0,ACL
2017-11-21 00:00:00-05:00,8700.0,8700.0,8700.0,8700.0,0,0.0,0.0,ACL
2017-11-22 00:00:00-05:00,8300.0,8670.0,8300.0,8670.0,8750,0.0,0.0,ACL
2017-11-24 00:00:00-05:00,8070.0,8680.0,8070.0,8680.0,130,0.0,0.0,ACL
2017-11-27 00:00:00-05:00,8100.0,8670.0,8100.0,8670.0,50,0.0,0.0,ACL
2017-11-28 00:00:00-05:00,8670.0,8670.0,8670.0,8670.0,0,0.0,0.0,ACL
2017-11-29 00:00:00-05:00,8670.0,8670.0,8670.0,8670.0,0,0.0,0.0,ACL
2017-11-30 00:00:00-05:00,8670.0,8670.0,8670.0,8670.0,20,0.0,0.0,ACL
2017-12-01 00:00:00-05:00,8670.0,8670.0,8670.0,8670.0,0,0.0,0.0,ACL
2017-12-04 00:00:00-05:00,8200.0,8670.0,8200.0,8250.0,7830,0.0,0.0,ACL
2017-12-05 00:00:00-05:00,8300.0,8600.0,8300.0,8300.0,1270,0.0,0.0,ACL
2017-12-06 00:00:00-05:00,8490.0,8490.0,8490.0,8490.0,10,0.0,0.0,ACL
2017-12-07 00:00:00-05:00,8540.0,8540.0,8490.0,8490.0,110,0.0,0.0,ACL
2017-12-08 00:00:00-05:00,8250.0,8250.0,8250.0,8250.0,40,0.0,0.0,ACL
2017-12-11 00:00:00-05:00,8600.0,8820.0,8260.0,8260.0,60,0.0,0.0,ACL
2017-12-12 00:00:00-05:00,8560.0,8560.0,8300.0,8300.0,170,0.0,0.0,ACL
2017-12-13 00:00:00-05:00,8490.0,8700.0,8000.0,8700.0,10030,0.0,0.0,ACL
2017-12-14 00:00:00-05:00,8700.0,8700.0,8700.0,8700.0,0,0.0,0.0,ACL
2017-12-15 00:00:00-05:00,8700.0,8700.0,8700.0,8700.0,0,0.0,0.0,ACL
2017-12-18 00:00:00-05:00,8650.0,8750.0,8650.0,8750.0,34590,0.0,0.0,ACL
2017-12-19 00:00:00-05:00,8650.0,8650.0,8650.0,8650.0,5700,0.0,0.0,ACL
2017-12-20 00:00:00-05:00,8700.0,8800.0,8300.0,8800.0,100,0.0,0.0,ACL
2017-12-21 00:00:00-05:00,9250.0,9250.0,8300.0,8310.0,60,0.0,0.0,ACL
2017-12-22 00:00:00-05:00,8650.0,8650.0,8310.0,8650.0,30,0.0,0.0,ACL
2017-12-26 00:00:00-05:00,8200.0,8590.0,8100.0,8100.0,50540,0.0,0.0,ACL
2017-12-27 00:00:00-05:00,8600.0,8660.0,8100.0,8120.0,18120,0.0,0.0,ACL
2017-12-28 00:00:00-05:00,8100.0,8650.0,8100.0,8120.0,7350,0.0,0.0,ACL
2017-12-29 00:00:00-05:00,8550.0,8550.0,8100.0,8100.0,5440,0.0,0.0,ACL
2018-01-02 00:00:00-05:00,8500.0,8500.0,8110.0,8450.0,330,0.0,0.0,ACL
2018-01-03 00:00:00-05:00,8120.0,8800.0,8120.0,8150.0,630,0.0,0.0,ACL
2018-01-04 00:00:00-05:00,8150.0,8490.0,8120.0,8400.0,17030,0.0,0.0,ACL
2018-01-05 00:00:00-05:00,8400.0,8400.0,8350.0,8350.0,330,0.0,0.0,ACL
2018-01-08 00:00:00-05:00,8490.0,8490.0,7800.0,7800.0,25010,0.0,0.0,ACL
2018-01-09 00:00:00-05:00,7620.0,8340.0,7620.0,7620.0,3240,0.0,0.0,ACL
2018-01-10 00:00:00-05:00,8100.0,8150.0,8100.0,8150.0,15710,0.0,0.0,ACL
2018-01-11 00:00:00-05:00,8150.0,8700.0,8150.0,8700.0,30370,0.0,0.0,ACL
2018-01-12 00:00:00-05:00,8500.0,8900.0,8500.0,8700.0,72920,0.0,0.0,ACL
2018-01-16 00:00:00-05:00,7990.0,8600.0,7990.0,8590.0,6540,0.0,0.0,ACL
2018-01-17 00:00:00-05:00,8210.0,8590.0,8210.0,8580.0,1670,0.0,0.0,ACL
2018-01-18 00:00:00-05:00,8570.0,8570.0,8210.0,8550.0,10210,0.0,0.0,ACL
2018-01-19 00:00:00-05:00,8210.0,8450.0,8200.0,8200.0,1360,0.0,0.0,ACL
2018-01-22 00:00:00-05:00,8200.0,8200.0,8200.0,8200.0,0,0.0,0.0,ACL
2018-01-23 00:00:00-05:00,8200.0,8200.0,8200.0,8200.0,0,0.0,0.0,ACL
2018-01-24 00:00:00-05:00,8200.0,8200.0,8200.0,8200.0,0,0.0,0.0,ACL
2018-01-25 00:00:00-05:00,8450.0,8450.0,8200.0,8200.0,1140,0.0,0.0,ACL
2018-01-26 00:00:00-05:00,8500.0,8500.0,8200.0,8300.0,1400,0.0,0.0,ACL
2018-01-29 00:00:00-05:00,8200.0,8200.0,7740.0,7990.0,12610,0.0,0.0,ACL
2018-01-30 00:00:00-05:00,7780.0,7990.0,7780.0,7980.0,21890,0.0,0.0,ACL
2018-01-31 00:00:00-05:00,7980.0,7980.0,7800.0,7800.0,2280,0.0,0.0,ACL
2018-02-01 00:00:00-05:00,7700.0,8000.0,7700.0,8000.0,12380,0.0,0.0,ACL
2018-02-02 00:00:00-05:00,7800.0,7900.0,7600.0,7800.0,14170,0.0,0.0,ACL
2018-02-05 00:00:00-05:00,7800.0,7800.0,7800.0,7800.0,5020,0.0,0.0,ACL
2018-02-06 00:00:00-05:00,7260.0,7800.0,7260.0,7800.0,1150,0.0,0.0,ACL
2018-02-07 00:00:00-05:00,7900.0,7990.0,7800.0,7980.0,27450,0.0,0.0,ACL
2018-02-08 00:00:00-05:00,7900.0,7900.0,7860.0,7900.0,5020,0.0,0.0,ACL
2018-02-09 00:00:00-05:00,7900.0,8190.0,7800.0,8190.0,5230,0.0,0.0,ACL
2018-02-12 00:00:00-05:00,8190.0,8300.0,8190.0,8210.0,2170,0.0,0.0,ACL
2018-02-13 00:00:00-05:00,8220.0,8220.0,8110.0,8110.0,90,0.0,0.0,ACL
2018-02-14 00:00:00-05:00,8110.0,8110.0,8110.0,8110.0,0,0.0,0.0,ACL
2018-02-15 00:00:00-05:00,8110.0,8110.0,8110.0,8110.0,0,0.0,0.0,ACL
2018-02-16 00:00:00-05:00,8110.0,8110.0,8110.0,8110.0,0,0.0,0.0,ACL
2018-02-20 00:00:00-05:00,8110.0,8110.0,8110.0,8110.0,0,0.0,0.0,ACL
2018-02-21 00:00:00-05:00,8000.0,8200.0,8000.0,8200.0,3950,0.0,0.0,ACL
2018-02-22 00:00:00-05:00,8200.0,8200.0,8120.0,8200.0,5040,0.0,0.0,ACL
2018-02-23 00:00:00-05:00,8200.0,8200.0,7630.0,8010.0,60090,0.0,0.0,ACL
2018-02-26 00:00:00-05:00,8010.0,8190.0,8000.0,8190.0,7250,0.0,0.0,ACL
2018-02-27 00:00:00-05:00,8000.0,8200.0,8000.0,8200.0,5580,0.0,0.0,ACL
2018-02-28 00:00:00-05:00,8000.0,8300.0,8000.0,8300.0,9630,0.0,0.0,ACL
2018-03-01 00:00:00-05:00,8400.0,8400.0,8280.0,8300.0,22030,0.0,0.0,ACL
2018-03-02 00:00:00-05:00,8300.0,8350.0,8300.0,8350.0,27960,0.0,0.0,ACL
2018-03-05 00:00:00-05:00,8300.0,8300.0,8300.0,8300.0,37900,0.0,0.0,ACL
2018-03-06 00:00:00-05:00,8350.0,8350.0,7720.0,8200.0,75020,0.0,0.0,ACL
2018-03-07 00:00:00-05:00,8100.0,8300.0,8000.0,8300.0,25550,0.0,0.0,ACL
2018-03-08 00:00:00-05:00,8300.0,8400.0,8050.0,8300.0,16430,0.0,0.0,ACL
2018-03-09 00:00:00-05:00,8100.0,8290.0,8050.0,8050.0,18020,0.0,0.0,ACL
2018-03-12 00:00:00-04:00,8100.0,8100.0,8000.0,8100.0,35430,0.0,0.0,ACL
2018-03-13 00:00:00-04:00,8200.0,8290.0,8000.0,8290.0,3410,0.0,0.0,ACL
2018-03-14 00:00:00-04:00,8350.0,8350.0,8100.0,8300.0,43630,0.0,0.0,ACL
2018-03-15 00:00:00-04:00,8300.0,8500.0,8300.0,8310.0,37610,0.0,0.0,ACL
2018-03-16 00:00:00-04:00,8300.0,8300.0,8300.0,8300.0,1900,0.0,0.0,ACL
2018-03-19 00:00:00-04:00,8500.0,8500.0,8200.0,8380.0,37030,0.0,0.0,ACL
2018-03-20 00:00:00-04:00,8380.0,8380.0,8380.0,8380.0,300,0.0,0.0,ACL
2018-03-21 00:00:00-04:00,8380.0,8380.0,8380.0,8380.0,0,0.0,0.0,ACL
2018-03-22 00:00:00-04:00,8450.0,8450.0,8450.0,8450.0,10,0.0,0.0,ACL
2018-03-23 00:00:00-04:00,8450.0,8450.0,8450.0,8450.0,0,0.0,0.0,ACL
2018-03-26 00:00:00-04:00,8200.0,8200.0,8200.0,8200.0,10030,0.0,0.0,ACL
2018-03-27 00:00:00-04:00,8450.0,8600.0,8300.0,8600.0,2780,0.0,0.0,ACL
2018-03-28 00:00:00-04:00,8600.0,8600.0,8600.0,8600.0,0,0.0,0.0,ACL
2018-03-29 00:00:00-04:00,8260.0,8450.0,8250.0,8400.0,18490,0.0,0.0,ACL
2018-04-02 00:00:00-04:00,8400.0,8900.0,8400.0,8400.0,21060,0.0,0.0,ACL
2018-04-03 00:00:00-04:00,8450.0,8960.0,8450.0,8890.0,2090,0.0,0.0,ACL
2018-04-04 00:00:00-04:00,8400.0,8880.0,8400.0,8880.0,30,0.0,0.0,ACL
2018-04-05 00:00:00-04:00,8500.0,8500.0,8500.0,8500.0,3000,0.0,0.0,ACL
2018-04-06 00:00:00-04:00,8500.0,8780.0,8500.0,8780.0,27440,0.0,0.0,ACL
2018-04-09 00:00:00-04:00,8780.0,8900.0,8500.0,8900.0,32250,0.0,0.0,ACL
2018-04-10 00:00:00-04:00,8300.0,8500.0,8300.0,8500.0,80,0.0,0.0,ACL
2018-04-11 00:00:00-04:00,8500.0,8900.0,8500.0,8510.0,580,0.0,0.0,ACL
2018-04-12 00:00:00-04:00,8500.0,8500.0,8500.0,8500.0,300,0.0,0.0,ACL
2018-04-13 00:00:00-04:00,8500.0,8800.0,8500.0,8770.0,4140,0.0,0.0,ACL
2018-04-16 00:00:00-04:00,8770.0,8800.0,8770.0,8770.0,6080,0.0,0.0,ACL
2018-04-17 00:00:00-04:00,8760.0,9370.0,8760.0,9200.0,30480,0.0,0.0,ACL
2018-04-18 00:00:00-04:00,9400.0,9400.0,9400.0,9400.0,10,0.0,0.0,ACL
2018-04-19 00:00:00-04:00,9300.0,9300.0,9300.0,9300.0,20,0.0,0.0,ACL
2018-04-20 00:00:00-04:00,9300.0,9300.0,9300.0,9300.0,0,0.0,0.0,ACL
2018-04-23 00:00:00-04:00,9300.0,9300.0,9300.0,9300.0,0,0.0,0.0,ACL
2018-04-24 00:00:00-04:00,9300.0,9400.0,9300.0,9300.0,50,0.0,0.0,ACL
2018-04-25 00:00:00-04:00,9300.0,9300.0,9300.0,9300.0,0,0.0,0.0,ACL
2018-04-26 00:00:00-04:00,9000.0,9200.0,9000.0,9200.0,54850,0.0,0.0,ACL
2018-04-27 00:00:00-04:00,9400.0,9400.0,9400.0,9400.0,10,0.0,0.0,ACL
2018-04-30 00:00:00-04:00,9400.0,9400.0,9400.0,9400.0,0,0.0,0.0,ACL
2018-05-01 00:00:00-04:00,9400.0,9400.0,9400.0,9400.0,0,0.0,0.0,ACL
2018-05-02 00:00:00-04:00,9400.0,9900.0,9400.0,9800.0,360,0.0,0.0,ACL
2018-05-03 00:00:00-04:00,9200.0,9400.0,9200.0,9400.0,9440,0.0,0.0,ACL
2018-05-04 00:00:00-04:00,9400.0,9600.0,9200.0,9350.0,20650,0.0,0.0,ACL
2018-05-07 00:00:00-04:00,9490.0,9490.0,9200.0,9400.0,23290,0.0,0.0,ACL
2018-05-08 00:00:00-04:00,9400.0,9400.0,9400.0,9400.0,530,0.0,0.0,ACL
2018-05-09 00:00:00-04:00,9400.0,9400.0,9400.0,9400.0,0,0.0,0.0,ACL
2018-05-10 00:00:00-04:00,9010.0,9600.0,9010.0,9490.0,14720,0.0,0.0,ACL
2018-05-11 00:00:00-04:00,9400.0,9500.0,9400.0,9500.0,11500,0.0,0.0,ACL
2018-05-14 00:00:00-04:00,9400.0,9550.0,9400.0,9550.0,8020,0.0,0.0,ACL
2018-05-15 00:00:00-04:00,9510.0,9510.0,9400.0,9400.0,140,0.0,0.0,ACL
2018-05-16 00:00:00-04:00,9400.0,9600.0,9400.0,9600.0,20060,0.0,0.0,ACL
2018-05-17 00:00:00-04:00,10150.0,10150.0,9400.0,9600.0,12070,0.0,0.0,ACL
2018-05-18 00:00:00-04:00,10150.0,10150.0,9700.0,9700.0,20,0.0,0.0,ACL
2018-05-21 00:00:00-04:00,10350.0,10350.0,10200.0,10300.0,3480,0.0,0.0,ACL
2018-05-22 00:00:00-04:00,9640.0,10350.0,9640.0,10350.0,920,0.0,0.0,ACL
2018-05-23 00:00:00-04:00,10350.0,10350.0,9630.0,9630.0,120,0.0,0.0,ACL
2018-05-24 00:00:00-04:00,9700.0,9700.0,9630.0,9700.0,3010,0.0,0.0,ACL
2018-05-25 00:00:00-04:00,9030.0,9990.0,9030.0,9990.0,30,0.0,0.0,ACL
2018-05-29 00:00:00-04:00,9990.0,9990.0,9990.0,9990.0,10,0.0,0.0,ACL
2018-05-30 00:00:00-04:00,9320.0,9980.0,9310.0,9980.0,80,0.0,0.0,ACL
2018-05-31 00:00:00-04:00,9330.0,9950.0,9320.0,9950.0,50,0.0,0.0,ACL
2018-06-01 00:00:00-04:00,10550.0,10550.0,10550.0,10550.0,10,0.0,0.0,ACL
2018-06-04 00:00:00-04:00,9820.0,10450.0,9820.0,10300.0,16450,0.0,0.0,ACL
2018-06-05 00:00:00-04:00,9820.0,9820.0,9820.0,9820.0,20,0.0,0.0,ACL
2018-06-06 00:00:00-04:00,10450.0,10450.0,9820.0,9820.0,10010,0.0,0.0,ACL
2018-06-07 00:00:00-04:00,9820.0,10300.0,9820.0,10300.0,26260,0.0,0.0,ACL
2018-06-08 00:00:00-04:00,10400.0,10400.0,10000.0,10350.0,15000,0.0,0.0,ACL
2018-06-11 00:00:00-04:00,10000.0,10350.0,10000.0,10000.0,12680,0.0,0.0,ACL
2018-06-12 00:00:00-04:00,10000.0,10700.0,10000.0,10000.0,32140,0.0,0.0,ACL
2018-06-13 00:00:00-04:00,10000.0,10000.0,10000.0,10000.0,4950,0.0,0.0,ACL
2018-06-14 00:00:00-04:00,10000.0,10000.0,10000.0,10000.0,26550,0.0,0.0,ACL
2018-06-15 00:00:00-04:00,10500.0,10500.0,10000.0,10000.0,24110,0.0,0.0,ACL
2018-06-18 00:00:00-04:00,9900.0,10600.0,9900.0,10000.0,45110,0.0,0.0,ACL
2018-06-19 00:00:00-04:00,10000.0,10200.0,10000.0,10000.0,128130,0.0,0.0,ACL
2018-06-20 00:00:00-04:00,10000.0,10000.0,10000.0,10000.0,96180,0.0,0.0,ACL
2018-06-21 00:00:00-04:00,10000.0,10000.0,10000.0,10000.0,67110,0.0,0.0,ACL
2018-06-22 00:00:00-04:00,10000.0,10000.0,10000.0,10000.0,28010,0.0,0.0,ACL
2018-06-25 00:00:00-04:00,10000.0,10000.0,10000.0,10000.0,5010,0.0,0.0,ACL
2018-06-26 00:00:00-04:00,10000.0,10000.0,10000.0,10000.0,5100,0.0,0.0,ACL
2018-06-27 00:00:00-04:00,10000.0,10000.0,10000.0,10000.0,30000,0.0,0.0,ACL
2018-06-28 00:00:00-04:00,10000.0,10000.0,10000.0,10000.0,35000,0.0,0.0,ACL
2018-06-29 00:00:00-04:00,10000.0,10000.0,10000.0,10000.0,0,0.0,0.0,ACL
2018-07-02 00:00:00-04:00,10000.0,10000.0,10000.0,10000.0,2200,0.0,0.0,ACL
2018-07-03 00:00:00-04:00,10000.0,10000.0,10000.0,10000.0,42700,0.0,0.0,ACL
2018-07-05 00:00:00-04:00,10000.0,10000.0,10000.0,10000.0,53900,0.0,0.0,ACL
2018-07-06 00:00:00-04:00,10000.0,10000.0,10000.0,10000.0,70430,0.0,0.0,ACL
2018-07-09 00:00:00-04:00,10000.0,10000.0,10000.0,10000.0,30020,0.0,0.0,ACL
2018-07-10 00:00:00-04:00,10000.0,10000.0,10000.0,10000.0,84280,0.0,0.0,ACL
2018-07-11 00:00:00-04:00,10000.0,10000.0,10000.0,10000.0,100850,0.0,0.0,ACL
2018-07-12 00:00:00-04:00,10000.0,10000.0,10000.0,10000.0,137540,0.0,0.0,ACL
2018-07-13 00:00:00-04:00,10000.0,10000.0,10000.0,10000.0,280200,0.0,0.0,ACL
2018-07-16 00:00:00-04:00,10700.0,10700.0,10100.0,10100.0,3710,0.0,0.0,ACL
2018-07-17 00:00:00-04:00,10000.0,10000.0,10000.0,10000.0,35200,0.0,0.0,ACL
2018-07-18 00:00:00-04:00,10000.0,10000.0,10000.0,10000.0,0,0.0,0.0,ACL
2018-07-19 00:00:00-04:00,9330.0,10000.0,9330.0,10000.0,2850,0.0,0.0,ACL
2018-07-20 00:00:00-04:00,10000.0,10000.0,10000.0,10000.0,0,0.0,0.0,ACL
2018-07-23 00:00:00-04:00,10000.0,10000.0,10000.0,10000.0,0,0.0,0.0,ACL
2018-07-24 00:00:00-04:00,10000.0,10000.0,10000.0,10000.0,0,0.0,0.0,ACL
2018-07-25 00:00:00-04:00,9990.0,10000.0,9410.0,9410.0,99820,0.0,0.0,ACL
2018-07-26 00:00:00-04:00,10000.0,10000.0,10000.0,10000.0,220000,0.0,0.0,ACL
2018-07-27 00:00:00-04:00,10000.0,10000.0,10000.0,10000.0,64760,0.0,0.0,ACL
2018-07-30 00:00:00-04:00,10700.0,10700.0,10700.0,10700.0,13690,0.0,0.0,ACL
2018-07-31 00:00:00-04:00,11400.0,11400.0,11300.0,11400.0,5510,0.0,0.0,ACL
2018-08-01 00:00:00-04:00,12150.0,12150.0,12050.0,12150.0,6400,0.0,0.0,ACL
2018-08-02 00:00:00-04:00,12150.0,12200.0,12150.0,12200.0,1120,0.0,0.0,ACL
2018-08-03 00:00:00-04:00,11500.0,12100.0,11400.0,12100.0,1960,0.0,0.0,ACL
2018-08-06 00:00:00-04:00,11350.0,11600.0,11350.0,11350.0,130,0.0,0.0,ACL
2018-08-07 00:00:00-04:00,11350.0,11400.0,10700.0,10700.0,2300,0.0,0.0,ACL
2018-08-08 00:00:00-04:00,11000.0,11400.0,11000.0,11400.0,1210,0.0,0.0,ACL
2018-08-09 00:00:00-04:00,10850.0,11500.0,10800.0,11500.0,2020,0.0,0.0,ACL
2018-08-10 00:00:00-04:00,11500.0,11900.0,11500.0,11900.0,160,0.0,0.0,ACL
2018-08-13 00:00:00-04:00,11200.0,11750.0,11200.0,11750.0,1010,0.0,0.0,ACL
2018-08-14 00:00:00-04:00,11400.0,11400.0,11200.0,11200.0,40,0.0,0.0,ACL
2018-08-15 00:00:00-04:00,11200.0,11200.0,11200.0,11200.0,0,0.0,0.0,ACL
2018-08-16 00:00:00-04:00,11200.0,11200.0,11200.0,11200.0,100,0.0,0.0,ACL
2018-08-17 00:00:00-04:00,10450.0,11200.0,10450.0,11200.0,180,0.0,0.0,ACL
2018-08-20 00:00:00-04:00,11150.0,11150.0,11150.0,11150.0,20,0.0,0.0,ACL
2018-08-21 00:00:00-04:00,10600.0,10600.0,10600.0,10600.0,90,0.0,0.0,ACL
2018-08-22 00:00:00-04:00,10450.0,10600.0,10000.0,10400.0,560,0.0,0.0,ACL
2018-08-23 00:00:00-04:00,10400.0,11100.0,10400.0,11100.0,9740,0.0,0.0,ACL
2018-08-24 00:00:00-04:00,11850.0,11850.0,11800.0,11800.0,6730,0.0,0.0,ACL
2018-08-27 00:00:00-04:00,11450.0,12000.0,11450.0,12000.0,5840,0.0,0.0,ACL
2018-08-28 00:00:00-04:00,12200.0,12200.0,12200.0,12200.0,20,0.0,0.0,ACL
2018-08-29 00:00:00-04:00,12200.0,12200.0,12200.0,12200.0,0,0.0,0.0,ACL
2018-08-30 00:00:00-04:00,12200.0,12200.0,12200.0,12200.0,10,0.0,0.0,ACL
2018-08-31 00:00:00-04:00,11500.0,12200.0,11500.0,12000.0,10030,0.0,0.0,ACL
2018-09-04 00:00:00-04:00,11300.0,12000.0,11300.0,11500.0,1030,0.0,0.0,ACL
2018-09-05 00:00:00-04:00,11900.0,11900.0,11900.0,11900.0,10,0.0,0.0,ACL
2018-09-06 00:00:00-04:00,11900.0,12500.0,11500.0,12500.0,1100,0.0,0.0,ACL
2018-09-07 00:00:00-04:00,12500.0,12500.0,11650.0,11650.0,5790,0.0,0.0,ACL
2018-09-10 00:00:00-04:00,11650.0,11950.0,11650.0,11650.0,100,0.0,0.0,ACL
2018-09-11 00:00:00-04:00,12100.0,12200.0,11650.0,11650.0,110,0.0,0.0,ACL
2018-09-12 00:00:00-04:00,11650.0,12000.0,11650.0,12000.0,7000,0.0,0.0,ACL
2018-09-13 00:00:00-04:00,12100.0,12100.0,11700.0,12000.0,1240,0.0,0.0,ACL
2018-09-14 00:00:00-04:00,12000.0,12500.0,12000.0,12500.0,8330,0.0,0.0,ACL
2018-09-17 00:00:00-04:00,12500.0,13000.0,12500.0,13000.0,2650,0.0,0.0,ACL
2018-09-18 00:00:00-04:00,12700.0,13900.0,12700.0,13900.0,1150,0.0,0.0,ACL
2018-09-19 00:00:00-04:00,14500.0,14850.0,13600.0,14000.0,30450,0.0,0.0,ACL
2018-09-20 00:00:00-04:00,13050.0,14850.0,13050.0,14850.0,1530,0.0,0.0,ACL
2018-09-21 00:00:00-04:00,14000.0,15350.0,14000.0,14100.0,3610,0.0,0.0,ACL
2018-09-24 00:00:00-04:00,14100.0,15050.0,14100.0,14800.0,3710,0.0,0.0,ACL
2018-09-25 00:00:00-04:00,14600.0,15000.0,14500.0,14600.0,1190,0.0,0.0,ACL
2018-09-26 00:00:00-04:00,14500.0,15600.0,14200.0,15600.0,22820,0.0,0.0,ACL
2018-09-27 00:00:00-04:00,15700.0,16650.0,15700.0,16650.0,6160,0.0,0.0,ACL
2018-09-28 00:00:00-04:00,17800.0,17800.0,17800.0,17800.0,53650,0.0,0.0,ACL
2018-10-01 00:00:00-04:00,19000.0,19000.0,17900.0,18800.0,42310,0.0,0.0,ACL
2018-10-02 00:00:00-04:00,19700.0,19700.0,17900.0,17900.0,16170,0.0,0.0,ACL
2018-10-03 00:00:00-04:00,17550.0,18400.0,17550.0,18400.0,5310,0.0,0.0,ACL
2018-10-04 00:00:00-04:00,18600.0,19650.0,18000.0,19450.0,33810,0.0,0.0,ACL
2018-10-05 00:00:00-04:00,19450.0,19450.0,18600.0,19400.0,18910,0.0,0.0,ACL
2018-10-08 00:00:00-04:00,19400.0,19400.0,18300.0,18300.0,5160,0.0,0.0,ACL
2018-10-09 00:00:00-04:00,18200.0,18900.0,18200.0,18900.0,4210,0.0,0.0,ACL
2018-10-10 00:00:00-04:00,18100.0,19100.0,18000.0,18800.0,4930,0.0,0.0,ACL
2018-10-11 00:00:00-04:00,17800.0,18000.0,17600.0,17700.0,28690,0.0,0.0,ACL
2018-10-12 00:00:00-04:00,16600.0,18750.0,16600.0,18750.0,14810,0.0,0.0,ACL
2018-10-15 00:00:00-04:00,19700.0,19700.0,17500.0,18900.0,2660,0.0,0.0,ACL
2018-10-16 00:00:00-04:00,17600.0,19200.0,17600.0,18800.0,15180,0.0,0.0,ACL
2018-10-17 00:00:00-04:00,18100.0,18100.0,18000.0,18100.0,3050,0.0,0.0,ACL
2018-10-18 00:00:00-04:00,17000.0,18500.0,16900.0,18500.0,11290,0.0,0.0,ACL
2018-10-19 00:00:00-04:00,18500.0,18500.0,18500.0,18500.0,6510,0.0,0.0,ACL
2018-10-22 00:00:00-04:00,18500.0,19000.0,18500.0,19000.0,19810,0.0,0.0,ACL
2018-10-23 00:00:00-04:00,19000.0,19800.0,19000.0,19500.0,26020,0.0,0.0,ACL
2018-10-24 00:00:00-04:00,19500.0,20200.0,19400.0,20200.0,32470,0.0,0.0,ACL
2018-10-25 00:00:00-04:00,19700.0,19950.0,19700.0,19950.0,2020,0.0,0.0,ACL
2018-10-26 00:00:00-04:00,19500.0,21200.0,19500.0,21000.0,56980,0.0,0.0,ACL
2018-10-29 00:00:00-04:00,22000.0,22450.0,22000.0,22450.0,81500,0.0,0.0,ACL
2018-10-30 00:00:00-04:00,24000.0,24000.0,24000.0,24000.0,135420,0.0,0.0,ACL
2018-10-31 00:00:00-04:00,25650.0,25650.0,25650.0,25650.0,126750,0.0,0.0,ACL
2018-11-01 00:00:00-04:00,27200.0,27400.0,25650.0,27300.0,112580,0.0,0.0,ACL
2018-11-02 00:00:00-04:00,27300.0,29100.0,26100.0,29000.0,65970,0.0,0.0,ACL
2018-11-05 00:00:00-05:00,27100.0,28900.0,27050.0,27050.0,45970,0.0,0.0,ACL
2018-11-06 00:00:00-05:00,27050.0,28400.0,27050.0,28200.0,33950,0.0,0.0,ACL
2018-11-07 00:00:00-05:00,28500.0,30150.0,28400.0,30150.0,107570,0.0,0.0,ACL
2018-11-08 00:00:00-05:00,32250.0,32250.0,31950.0,32250.0,39370,0.0,0.0,ACL
2018-11-09 00:00:00-05:00,34000.0,34500.0,33100.0,34500.0,80990,0.0,0.0,ACL
2018-11-12 00:00:00-05:00,34750.0,36900.0,32100.0,36900.0,141600,0.0,0.0,ACL
2018-11-13 00:00:00-05:00,36100.0,39400.0,36100.0,39200.0,88330,0.0,0.0,ACL
2018-11-14 00:00:00-05:00,39000.0,41400.0,37200.0,37200.0,73490,0.0,0.0,ACL
2018-11-15 00:00:00-05:00,37800.0,38200.0,34600.0,36700.0,127780,0.0,0.0,ACL
2018-11-16 00:00:00-05:00,37800.0,38500.0,36300.0,37500.0,69210,0.0,0.0,ACL
2018-11-19 00:00:00-05:00,37500.0,40000.0,36900.0,37500.0,107600,0.0,0.0,ACL
2018-11-20 00:00:00-05:00,37500.0,37500.0,35600.0,35600.0,104190,0.0,0.0,ACL
2018-11-21 00:00:00-05:00,35600.0,36000.0,34500.0,35900.0,80340,0.0,0.0,ACL
2018-11-23 00:00:00-05:00,36200.0,37600.0,35200.0,36400.0,83160,0.0,0.0,ACL
2018-11-26 00:00:00-05:00,36400.0,37400.0,36400.0,37000.0,165520,0.0,0.0,ACL
2018-11-27 00:00:00-05:00,36500.0,36500.0,33600.0,33600.0,77150,0.0,0.0,ACL
2018-11-28 00:00:00-05:00,33600.0,34000.0,31350.0,33000.0,90180,0.0,0.0,ACL
2018-11-29 00:00:00-05:00,32300.0,33400.0,31600.0,31850.0,49980,0.0,0.0,ACL
2018-11-30 00:00:00-05:00,31450.0,32000.0,30000.0,30000.0,81490,0.0,0.0,ACL
2018-12-03 00:00:00-05:00,30000.0,30900.0,29050.0,29500.0,129180,0.0,0.0,ACL
2018-12-04 00:00:00-05:00,29500.0,30800.0,29500.0,30700.0,23010,0.0,0.0,ACL
2018-12-06 00:00:00-05:00,31900.0,31900.0,30100.0,30900.0,22050,0.0,0.0,ACL
2018-12-07 00:00:00-05:00,30900.0,32000.0,30050.0,30800.0,79500,0.0,0.0,ACL
2018-12-10 00:00:00-05:00,31300.0,31900.0,30900.0,31600.0,37030,0.0,0.0,ACL
2018-12-11 00:00:00-05:00,31950.0,33400.0,31950.0,33100.0,54990,0.0,0.0,ACL
2018-12-12 00:00:00-05:00,33100.0,33100.0,33100.0,33100.0,0,0.0,0.0,ACL
2018-12-13 00:00:00-05:00,33300.0,34000.0,32500.0,33000.0,26580,0.0,0.0,ACL
2018-12-14 00:00:00-05:00,32300.0,33500.0,32300.0,32500.0,62940,0.0,0.0,ACL
2018-12-17 00:00:00-05:00,32200.0,33400.0,32200.0,33300.0,93580,0.0,0.0,ACL
2018-12-18 00:00:00-05:00,33300.0,33600.0,32500.0,33100.0,73120,0.0,0.0,ACL
2018-12-19 00:00:00-05:00,34000.0,34000.0,32900.0,33100.0,28650,0.0,0.0,ACL
2018-12-20 00:00:00-05:00,33100.0,33900.0,32850.0,32850.0,37010,0.0,0.0,ACL
2018-12-21 00:00:00-05:00,32650.0,32800.0,31700.0,32500.0,73860,0.0,0.0,ACL
2018-12-24 00:00:00-05:00,32300.0,32300.0,30500.0,30800.0,62300,0.0,0.0,ACL
2018-12-26 00:00:00-05:00,28850.0,29200.0,28500.0,29000.0,26690,0.0,0.0,ACL
2018-12-27 00:00:00-05:00,29000.0,30950.0,29000.0,30000.0,21670,0.0,0.0,ACL
2018-12-28 00:00:00-05:00,30950.0,30950.0,30000.0,30000.0,7570,0.0,0.0,ACL
2018-12-31 00:00:00-05:00,30000.0,30000.0,30000.0,30000.0,0,0.0,0.0,ACL
2019-01-02 00:00:00-05:00,30900.0,30900.0,30100.0,30200.0,21380,0.0,0.0,ACL
2019-01-03 00:00:00-05:00,31100.0,31100.0,28250.0,28600.0,39320,0.0,0.0,ACL
2019-01-04 00:00:00-05:00,28000.0,29950.0,27000.0,29700.0,21850,0.0,0.0,ACL
2019-01-07 00:00:00-05:00,31000.0,31700.0,30000.0,31700.0,54250,0.0,0.0,ACL
2019-01-08 00:00:00-05:00,32500.0,33000.0,31700.0,33000.0,37730,0.0,0.0,ACL
2019-01-09 00:00:00-05:00,33000.0,34950.0,33000.0,34000.0,39970,0.0,0.0,ACL
2019-01-10 00:00:00-05:00,34150.0,34150.0,32150.0,32400.0,19510,0.0,0.0,ACL
2019-01-11 00:00:00-05:00,32200.0,33900.0,32200.0,32250.0,35690,0.0,0.0,ACL
2019-01-14 00:00:00-05:00,33900.0,33900.0,31200.0,31600.0,12290,0.0,0.0,ACL
2019-01-15 00:00:00-05:00,31600.0,32600.0,31600.0,32500.0,42650,0.0,0.0,ACL
2019-01-16 00:00:00-05:00,32500.0,32750.0,31400.0,31450.0,63920,0.0,0.0,ACL
2019-01-17 00:00:00-05:00,31900.0,32000.0,31550.0,31900.0,22970,0.0,0.0,ACL
2019-01-18 00:00:00-05:00,31900.0,33100.0,31850.0,33100.0,106340,0.0,0.0,ACL
2019-01-22 00:00:00-05:00,33250.0,35550.0,33000.0,35550.0,60180,0.0,0.0,ACL
2019-01-23 00:00:00-05:00,38000.0,38000.0,38000.0,38000.0,17090,0.0,0.0,ACL
2019-01-24 00:00:00-05:00,40650.0,40650.0,40650.0,40650.0,6990,0.0,0.0,ACL
2019-01-25 00:00:00-05:00,43450.0,43450.0,41000.0,41200.0,224500,0.0,0.0,ACL
2019-01-28 00:00:00-05:00,41400.0,41800.0,38500.0,38600.0,57140,0.0,0.0,ACL
2019-01-29 00:00:00-05:00,39450.0,41300.0,38600.0,41300.0,51840,0.0,0.0,ACL
2019-01-30 00:00:00-05:00,43900.0,43900.0,41200.0,41850.0,87200,0.0,0.0,ACL
2019-01-31 00:00:00-05:00,42400.0,42400.0,41000.0,41150.0,52750,0.0,0.0,ACL
2019-02-01 00:00:00-05:00,41150.0,42400.0,41150.0,41500.0,66100,0.0,0.0,ACL
2019-02-04 00:00:00-05:00,41500.0,41500.0,41500.0,41500.0,0,0.0,0.0,ACL
2019-02-05 00:00:00-05:00,41500.0,41500.0,41500.0,41500.0,0,0.0,0.0,ACL
2019-02-06 00:00:00-05:00,41500.0,41500.0,41500.0,41500.0,0,0.0,0.0,ACL
2019-02-07 00:00:00-05:00,41500.0,41500.0,41500.0,41500.0,0,0.0,0.0,ACL
2019-02-08 00:00:00-05:00,41500.0,41500.0,41500.0,41500.0,0,0.0,0.0,ACL
2019-02-11 00:00:00-05:00,41500.0,42200.0,41000.0,42000.0,45940,0.0,0.0,ACL
2019-02-12 00:00:00-05:00,42000.0,42000.0,40600.0,40700.0,64820,0.0,0.0,ACL
2019-02-13 00:00:00-05:00,40700.0,43300.0,40000.0,43300.0,112670,0.0,0.0,ACL
2019-02-14 00:00:00-05:00,42700.0,42700.0,41500.0,41500.0,48260,0.0,0.0,ACL
2019-02-15 00:00:00-05:00,41500.0,41900.0,40900.0,41400.0,32440,0.0,0.0,ACL
2019-02-19 00:00:00-05:00,41800.0,41800.0,40300.0,41100.0,26300,0.0,0.0,ACL
2019-02-20 00:00:00-05:00,41100.0,41100.0,40300.0,40500.0,20550,0.0,0.0,ACL
2019-02-21 00:00:00-05:00,40900.0,40900.0,38500.0,38800.0,123850,0.0,0.0,ACL
2019-02-22 00:00:00-05:00,37500.0,38800.0,37500.0,38750.0,20780,0.0,0.0,ACL
2019-02-25 00:00:00-05:00,39350.0,40450.0,38400.0,40200.0,11740,0.0,0.0,ACL
2019-02-26 00:00:00-05:00,40200.0,40650.0,38500.0,38500.0,41640,0.0,0.0,ACL
2019-02-27 00:00:00-05:00,38500.0,40400.0,38500.0,39700.0,21920,0.0,0.0,ACL
2019-02-28 00:00:00-05:00,39700.0,40000.0,38600.0,39300.0,21520,0.0,0.0,ACL
2019-03-01 00:00:00-05:00,39300.0,40900.0,38800.0,39450.0,21580,0.0,0.0,ACL
2019-03-04 00:00:00-05:00,39450.0,40400.0,39000.0,39500.0,68170,0.0,0.0,ACL
2019-03-05 00:00:00-05:00,39500.0,39900.0,39200.0,39200.0,75430,0.0,0.0,ACL
2019-03-06 00:00:00-05:00,39200.0,39500.0,39050.0,39050.0,11660,0.0,0.0,ACL
2019-03-07 00:00:00-05:00,39200.0,39700.0,38800.0,39200.0,30520,0.0,0.0,ACL
2019-03-08 00:00:00-05:00,39200.0,39200.0,39200.0,39200.0,0,0.0,0.0,ACL
2019-03-11 00:00:00-04:00,38100.0,38900.0,36700.0,36700.0,44090,0.0,0.0,ACL
2019-03-12 00:00:00-04:00,36700.0,38900.0,36700.0,37200.0,25960,0.0,0.0,ACL
2019-03-13 00:00:00-04:00,37900.0,37900.0,37300.0,37350.0,8090,0.0,0.0,ACL
2019-03-14 00:00:00-04:00,37800.0,37800.0,36600.0,37000.0,14030,0.0,0.0,ACL
2019-03-15 00:00:00-04:00,37300.0,37300.0,36000.0,37100.0,37570,0.0,0.0,ACL
2019-03-18 00:00:00-04:00,37500.0,39450.0,37500.0,39300.0,113660,0.0,0.0,ACL
2019-03-19 00:00:00-04:00,39600.0,39600.0,38300.0,39000.0,34760,0.0,0.0,ACL
2019-03-20 00:00:00-04:00,39000.0,39000.0,37600.0,38750.0,19280,0.0,0.0,ACL
2019-03-21 00:00:00-04:00,38950.0,38950.0,37550.0,37550.0,17870,0.0,0.0,ACL
2019-03-22 00:00:00-04:00,38400.0,38400.0,37600.0,37800.0,7690,0.0,0.0,ACL
2019-03-25 00:00:00-04:00,36600.0,37700.0,36500.0,37200.0,20530,0.0,0.0,ACL
2019-03-26 00:00:00-04:00,37300.0,37750.0,36400.0,36950.0,4290,0.0,0.0,ACL
2019-03-27 00:00:00-04:00,36950.0,36950.0,36000.0,36800.0,21040,0.0,0.0,ACL
2019-03-28 00:00:00-04:00,36800.0,36800.0,36100.0,36500.0,5880,0.0,0.0,ACL
2019-03-29 00:00:00-04:00,36950.0,36950.0,36300.0,36300.0,11750,0.0,0.0,ACL
2019-04-01 00:00:00-04:00,36300.0,36700.0,35500.0,35500.0,16630,0.0,0.0,ACL
2019-04-02 00:00:00-04:00,35500.0,37000.0,35500.0,36300.0,16580,0.0,0.0,ACL
2019-04-03 00:00:00-04:00,36500.0,36500.0,35500.0,36300.0,6980,0.0,0.0,ACL
2019-04-04 00:00:00-04:00,36300.0,38700.0,36300.0,38700.0,54130,0.0,0.0,ACL
2019-04-05 00:00:00-04:00,38800.0,39200.0,37500.0,38200.0,15190,0.0,0.0,ACL
2019-04-08 00:00:00-04:00,38000.0,39000.0,37350.0,37900.0,16060,0.0,0.0,ACL
2019-04-09 00:00:00-04:00,37600.0,38500.0,37000.0,37000.0,32590,0.0,0.0,ACL
2019-04-10 00:00:00-04:00,39550.0,39550.0,39400.0,39550.0,109560,0.0,0.0,ACL
2019-04-11 00:00:00-04:00,42200.0,42300.0,41500.0,41800.0,273190,0.0,0.0,ACL
2019-04-12 00:00:00-04:00,41000.0,44600.0,40600.0,44500.0,149260,0.0,0.0,ACL
2019-04-15 00:00:00-04:00,44500.0,44500.0,44500.0,44500.0,0,0.0,0.0,ACL
2019-04-16 00:00:00-04:00,44000.0,47300.0,43300.0,46000.0,146350,0.0,0.0,ACL
2019-04-17 00:00:00-04:00,46000.0,46400.0,42800.0,42800.0,148020,0.0,0.0,ACL
2019-04-18 00:00:00-04:00,42100.0,43900.0,41500.0,42100.0,53280,0.0,0.0,ACL
2019-04-22 00:00:00-04:00,42100.0,42700.0,41000.0,41050.0,52170,0.0,0.0,ACL
2019-04-23 00:00:00-04:00,41000.0,41000.0,40050.0,41000.0,29200,0.0,0.0,ACL
2019-04-24 00:00:00-04:00,41000.0,42400.0,41000.0,42000.0,37900,0.0,0.0,ACL
2019-04-25 00:00:00-04:00,42850.0,42850.0,41350.0,41600.0,27650,0.0,0.0,ACL
2019-04-26 00:00:00-04:00,41100.0,43000.0,41100.0,42000.0,61710,0.0,0.0,ACL
2019-04-29 00:00:00-04:00,42000.0,42000.0,42000.0,42000.0,0,0.0,0.0,ACL
2019-04-30 00:00:00-04:00,42000.0,42000.0,42000.0,42000.0,0,0.0,0.0,ACL
2019-05-01 00:00:00-04:00,42000.0,42000.0,42000.0,42000.0,0,0.0,0.0,ACL
2019-05-02 00:00:00-04:00,42950.0,42950.0,40550.0,41000.0,57260,0.0,0.0,ACL
2019-05-03 00:00:00-04:00,40500.0,41000.0,40000.0,40000.0,41520,0.0,0.0,ACL
2019-05-06 00:00:00-04:00,40000.0,41500.0,39000.0,41500.0,69940,0.0,0.0,ACL
2019-05-07 00:00:00-04:00,40350.0,42000.0,40000.0,40850.0,87900,0.0,0.0,ACL
2019-05-08 00:00:00-04:00,40000.0,40800.0,39250.0,39950.0,41080,0.0,0.0,ACL
2019-05-09 00:00:00-04:00,39950.0,40250.0,39000.0,39950.0,84720,0.0,0.0,ACL
2019-05-10 00:00:00-04:00,39800.0,41400.0,39800.0,40750.0,81140,0.0,0.0,ACL
2019-05-13 00:00:00-04:00,40750.0,41500.0,40500.0,41200.0,31860,0.0,0.0,ACL
2019-05-14 00:00:00-04:00,40600.0,40950.0,40000.0,40050.0,42290,0.0,0.0,ACL
2019-05-15 00:00:00-04:00,40950.0,40950.0,39700.0,39700.0,45190,0.0,0.0,ACL
2019-05-16 00:00:00-04:00,40000.0,40300.0,39700.0,39700.0,28570,0.0,0.0,ACL
2019-05-17 00:00:00-04:00,40300.0,40300.0,39000.0,39400.0,42070,0.0,0.0,ACL
2019-05-20 00:00:00-04:00,39400.0,39600.0,38850.0,39000.0,50250,0.0,0.0,ACL
2019-05-21 00:00:00-04:00,38900.0,39500.0,38700.0,39000.0,22610,0.0,0.0,ACL
2019-05-22 00:00:00-04:00,39000.0,39400.0,38900.0,39000.0,15210,0.0,0.0,ACL
2019-05-23 00:00:00-04:00,38900.0,40950.0,38800.0,40950.0,65600,0.0,0.0,ACL
2019-05-24 00:00:00-04:00,40950.0,41000.0,40000.0,40000.0,59210,0.0,0.0,ACL
2019-05-28 00:00:00-04:00,41000.0,41000.0,40250.0,40550.0,101630,0.0,0.0,ACL
2019-05-29 00:00:00-04:00,40750.0,40950.0,40200.0,40400.0,140340,0.0,0.0,ACL
2019-05-30 00:00:00-04:00,40100.0,40200.0,39750.0,39800.0,48980,0.0,0.0,ACL
2019-05-31 00:00:00-04:00,39800.0,39800.0,38200.0,38500.0,51060,0.0,0.0,ACL
2019-06-03 00:00:00-04:00,38500.0,38500.0,36550.0,36550.0,84190,0.0,0.0,ACL
2019-06-04 00:00:00-04:00,37900.0,37900.0,36100.0,37500.0,44630,0.0,0.0,ACL
2019-06-05 00:00:00-04:00,38300.0,38300.0,37100.0,37200.0,19950,0.0,0.0,ACL
2019-06-06 00:00:00-04:00,37200.0,37500.0,37150.0,37200.0,9860,0.0,0.0,ACL
2019-06-07 00:00:00-04:00,37000.0,38150.0,37000.0,38100.0,20440,0.0,0.0,ACL
2019-06-10 00:00:00-04:00,37600.0,38250.0,37350.0,37350.0,45490,0.0,0.0,ACL
2019-06-11 00:00:00-04:00,38000.0,38000.0,37000.0,37800.0,17970,0.0,0.0,ACL
2019-06-12 00:00:00-04:00,37800.0,37800.0,37000.0,37500.0,16720,0.0,0.0,ACL
2019-06-13 00:00:00-04:00,37500.0,37500.0,37000.0,37000.0,4640,0.0,0.0,ACL
2019-06-14 00:00:00-04:00,37200.0,37300.0,37000.0,37000.0,10290,0.0,0.0,ACL
2019-06-17 00:00:00-04:00,37000.0,37000.0,36300.0,36350.0,15740,0.0,0.0,ACL
2019-06-18 00:00:00-04:00,36350.0,36350.0,35400.0,35600.0,23090,0.0,0.0,ACL
2019-06-19 00:00:00-04:00,37000.0,37000.0,35650.0,35700.0,18000,0.0,0.0,ACL
2019-06-20 00:00:00-04:00,36000.0,36800.0,35900.0,36550.0,21720,0.0,0.0,ACL
2019-06-21 00:00:00-04:00,36600.0,37400.0,36000.0,36900.0,37060,0.0,0.0,ACL
2019-06-24 00:00:00-04:00,36700.0,36900.0,36500.0,36500.0,16310,0.0,0.0,ACL
2019-06-25 00:00:00-04:00,36500.0,37400.0,36100.0,36400.0,6840,0.0,0.0,ACL
2019-06-26 00:00:00-04:00,36600.0,38900.0,36600.0,38500.0,58390,0.0,0.0,ACL
2019-06-27 00:00:00-04:00,39750.0,39750.0,37500.0,37950.0,20800,0.0,0.0,ACL
2019-06-28 00:00:00-04:00,37500.0,38450.0,37300.0,38150.0,9710,0.0,0.0,ACL
2019-07-01 00:00:00-04:00,38150.0,39000.0,37000.0,37000.0,55050,0.0,0.0,ACL
2019-07-02 00:00:00-04:00,37000.0,37000.0,36500.0,36600.0,20920,0.0,0.0,ACL
2019-07-03 00:00:00-04:00,36700.0,36700.0,36000.0,36400.0,37830,0.0,0.0,ACL
2019-07-05 00:00:00-04:00,36700.0,37200.0,36300.0,36600.0,25940,0.0,0.0,ACL
2019-07-08 00:00:00-04:00,37100.0,37100.0,36600.0,36950.0,13690,0.0,0.0,ACL
2019-07-09 00:00:00-04:00,37000.0,37400.0,36400.0,37400.0,12840,0.0,0.0,ACL
2019-07-10 00:00:00-04:00,36500.0,37200.0,36400.0,36500.0,46370,0.0,0.0,ACL
2019-07-11 00:00:00-04:00,36800.0,37000.0,36500.0,36700.0,3570,0.0,0.0,ACL
2019-07-12 00:00:00-04:00,36900.0,38000.0,36800.0,37800.0,31870,0.0,0.0,ACL
2019-07-15 00:00:00-04:00,40000.0,40000.0,38500.0,38900.0,79830,0.0,0.0,ACL
2019-07-16 00:00:00-04:00,39000.0,40000.0,37800.0,39600.0,69480,0.0,0.0,ACL
2019-07-17 00:00:00-04:00,40000.0,40800.0,39600.0,39800.0,81460,0.0,0.0,ACL
2019-07-18 00:00:00-04:00,39800.0,40200.0,38800.0,39400.0,16000,0.0,0.0,ACL
2019-07-19 00:00:00-04:00,39800.0,39800.0,38000.0,38750.0,44060,0.0,0.0,ACL
2019-07-22 00:00:00-04:00,38750.0,38750.0,37250.0,37300.0,41740,0.0,0.0,ACL
2019-07-23 00:00:00-04:00,39200.0,39200.0,37400.0,37500.0,33980,0.0,0.0,ACL
2019-07-24 00:00:00-04:00,38100.0,38100.0,36500.0,36500.0,72440,0.0,0.0,ACL
2019-07-25 00:00:00-04:00,36500.0,36500.0,36500.0,36500.0,0,0.0,0.0,ACL
2019-07-26 00:00:00-04:00,36500.0,36500.0,36500.0,36500.0,0,0.0,0.0,ACL
2019-07-29 00:00:00-04:00,36500.0,36500.0,36500.0,36500.0,0,0.0,0.0,ACL
2019-07-30 00:00:00-04:00,36500.0,36500.0,36500.0,36500.0,0,0.0,0.0,ACL
2019-07-31 00:00:00-04:00,36600.0,37000.0,36000.0,36500.0,13240,0.0,0.0,ACL
2019-08-01 00:00:00-04:00,36200.0,36500.0,35500.0,36150.0,16400,0.0,0.0,ACL
2019-08-02 00:00:00-04:00,35800.0,36000.0,34000.0,35200.0,37740,0.0,0.0,ACL
2019-08-05 00:00:00-04:00,35200.0,35200.0,33600.0,34300.0,36210,0.0,0.0,ACL
2019-08-06 00:00:00-04:00,34300.0,34300.0,34300.0,34300.0,0,0.0,0.0,ACL
2019-08-07 00:00:00-04:00,32500.0,34000.0,31800.0,33500.0,36750,0.0,0.0,ACL
2019-08-08 00:00:00-04:00,33500.0,35600.0,33500.0,35300.0,53290,0.0,0.0,ACL
2019-08-09 00:00:00-04:00,35000.0,35200.0,34500.0,35200.0,12660,0.0,0.0,ACL
2019-08-12 00:00:00-04:00,35300.0,35300.0,34000.0,34900.0,11480,0.0,0.0,ACL
2019-08-13 00:00:00-04:00,34500.0,35000.0,33900.0,34500.0,22600,0.0,0.0,ACL
2019-08-14 00:00:00-04:00,35800.0,35800.0,34500.0,34600.0,21860,0.0,0.0,ACL
2019-08-15 00:00:00-04:00,33700.0,34600.0,33700.0,34200.0,12970,0.0,0.0,ACL
2019-08-16 00:00:00-04:00,34800.0,34800.0,34000.0,34300.0,3480,0.0,0.0,ACL
2019-08-19 00:00:00-04:00,34800.0,34800.0,33900.0,34800.0,10310,0.0,0.0,ACL
2019-08-20 00:00:00-04:00,34300.0,34900.0,34300.0,34800.0,14220,0.0,0.0,ACL
2019-08-21 00:00:00-04:00,34800.0,34900.0,33900.0,34000.0,16710,0.0,0.0,ACL
2019-08-22 00:00:00-04:00,34000.0,34000.0,33000.0,33700.0,19940,0.0,0.0,ACL
2019-08-23 00:00:00-04:00,33700.0,33700.0,33400.0,33700.0,1530,0.0,0.0,ACL
2019-08-26 00:00:00-04:00,33850.0,34000.0,33100.0,33700.0,9200,0.0,0.0,ACL
2019-08-27 00:00:00-04:00,33900.0,33900.0,33200.0,33400.0,5270,0.0,0.0,ACL
2019-08-28 00:00:00-04:00,33500.0,33500.0,33000.0,33350.0,8420,0.0,0.0,ACL
2019-08-29 00:00:00-04:00,33000.0,33300.0,32600.0,33200.0,4650,0.0,0.0,ACL
2019-08-30 00:00:00-04:00,34000.0,34000.0,33450.0,33800.0,25480,0.0,0.0,ACL
2019-09-03 00:00:00-04:00,33950.0,34000.0,33400.0,33800.0,8970,0.0,0.0,ACL
2019-09-04 00:00:00-04:00,33800.0,35500.0,33650.0,35500.0,75460,0.0,0.0,ACL
2019-09-05 00:00:00-04:00,35800.0,36000.0,35500.0,35600.0,8410,0.0,0.0,ACL
2019-09-06 00:00:00-04:00,35600.0,35600.0,34800.0,35600.0,2780,0.0,0.0,ACL
2019-09-09 00:00:00-04:00,35600.0,35600.0,34700.0,35500.0,3030,0.0,0.0,ACL
2019-09-10 00:00:00-04:00,35700.0,35700.0,34500.0,35000.0,8500,0.0,0.0,ACL
2019-09-11 00:00:00-04:00,35000.0,35300.0,34800.0,35300.0,10170,0.0,0.0,ACL
2019-09-12 00:00:00-04:00,34600.0,35600.0,34600.0,34800.0,5340,0.0,0.0,ACL
2019-09-13 00:00:00-04:00,34250.0,34900.0,34000.0,34500.0,20660,0.0,0.0,ACL
2019-09-16 00:00:00-04:00,34400.0,34500.0,33000.0,34500.0,11820,0.0,0.0,ACL
2019-09-17 00:00:00-04:00,34500.0,35000.0,33100.0,34500.0,1450,0.0,0.0,ACL
2019-09-18 00:00:00-04:00,34500.0,34900.0,33700.0,34000.0,4070,0.0,0.0,ACL
2019-09-19 00:00:00-04:00,34300.0,34900.0,34000.0,34600.0,2530,0.0,0.0,ACL
2019-09-20 00:00:00-04:00,34600.0,34700.0,34050.0,34500.0,2740,0.0,0.0,ACL
2019-09-23 00:00:00-04:00,34500.0,34500.0,33600.0,33600.0,25550,0.0,0.0,ACL
2019-09-24 00:00:00-04:00,34800.0,34800.0,33600.0,34200.0,7180,0.0,0.0,ACL
2019-09-25 00:00:00-04:00,34550.0,34550.0,33600.0,34200.0,3090,0.0,0.0,ACL
2019-09-26 00:00:00-04:00,34300.0,34600.0,34000.0,34400.0,6380,0.0,0.0,ACL
2019-09-27 00:00:00-04:00,34400.0,34900.0,33350.0,33400.0,20620,0.0,0.0,ACL
2019-09-30 00:00:00-04:00,33600.0,34400.0,33350.0,33400.0,16210,0.0,0.0,ACL
2019-10-01 00:00:00-04:00,34200.0,34200.0,32600.0,32600.0,9440,0.0,0.0,ACL
2019-10-02 00:00:00-04:00,32600.0,32600.0,31000.0,31000.0,50940,0.0,0.0,ACL
2019-10-03 00:00:00-04:00,30500.0,33000.0,30500.0,33000.0,31790,0.0,0.0,ACL
2019-10-04 00:00:00-04:00,33600.0,33950.0,33200.0,33800.0,20550,0.0,0.0,ACL
2019-10-07 00:00:00-04:00,33800.0,34700.0,33500.0,33700.0,20220,0.0,0.0,ACL
2019-10-08 00:00:00-04:00,33700.0,34000.0,33200.0,34000.0,14370,0.0,0.0,ACL
2019-10-09 00:00:00-04:00,34000.0,34300.0,33400.0,33700.0,6640,0.0,0.0,ACL
2019-10-10 00:00:00-04:00,33700.0,33700.0,32000.0,32000.0,28070,0.0,0.0,ACL
2019-10-11 00:00:00-04:00,32550.0,32600.0,32000.0,32150.0,17610,0.0,0.0,ACL
2019-10-14 00:00:00-04:00,32800.0,32800.0,32150.0,32700.0,17670,0.0,0.0,ACL
2019-10-15 00:00:00-04:00,32800.0,32800.0,32350.0,32800.0,4270,0.0,0.0,ACL
2019-10-16 00:00:00-04:00,32800.0,32800.0,31200.0,31300.0,53350,0.0,0.0,ACL
2019-10-17 00:00:00-04:00,29200.0,29600.0,29150.0,29150.0,37330,0.0,0.0,ACL
2019-10-18 00:00:00-04:00,27250.0,28000.0,27150.0,27800.0,38260,0.0,0.0,ACL
2019-10-21 00:00:00-04:00,26700.0,27600.0,26700.0,26900.0,43690,0.0,0.0,ACL
2019-10-22 00:00:00-04:00,26900.0,26900.0,25800.0,26000.0,50120,0.0,0.0,ACL
2019-10-23 00:00:00-04:00,25550.0,25850.0,25000.0,25500.0,31080,0.0,0.0,ACL
2019-10-24 00:00:00-04:00,25500.0,25500.0,24950.0,25300.0,39680,0.0,0.0,ACL
2019-10-25 00:00:00-04:00,25800.0,27050.0,25700.0,27050.0,31750,0.0,0.0,ACL
2019-10-28 00:00:00-04:00,27050.0,28350.0,27050.0,27700.0,10700,0.0,0.0,ACL
2019-10-29 00:00:00-04:00,27900.0,28250.0,27500.0,27800.0,40480,0.0,0.0,ACL
2019-10-30 00:00:00-04:00,27700.0,27800.0,27000.0,27500.0,8930,0.0,0.0,ACL
2019-10-31 00:00:00-04:00,27000.0,27000.0,26000.0,26300.0,8180,0.0,0.0,ACL
2019-11-01 00:00:00-04:00,24600.0,25800.0,24600.0,25000.0,5960,0.0,0.0,ACL
2019-11-04 00:00:00-05:00,25900.0,25900.0,24000.0,25000.0,49670,0.0,0.0,ACL
2019-11-05 00:00:00-05:00,24100.0,25000.0,24000.0,24900.0,7630,0.0,0.0,ACL
2019-11-06 00:00:00-05:00,24900.0,25300.0,24200.0,24900.0,5840,0.0,0.0,ACL
2019-11-07 00:00:00-05:00,24900.0,25200.0,24800.0,24900.0,2540,0.0,0.0,ACL
2019-11-08 00:00:00-05:00,25000.0,25000.0,24700.0,25000.0,8610,0.0,0.0,ACL
2019-11-11 00:00:00-05:00,25300.0,25300.0,24550.0,25000.0,8810,0.0,0.0,ACL
2019-11-12 00:00:00-05:00,25000.0,25000.0,24750.0,24750.0,5220,0.0,0.0,ACL
2019-11-13 00:00:00-05:00,25000.0,25000.0,24250.0,24900.0,7810,0.0,0.0,ACL
2019-11-14 00:00:00-05:00,24900.0,24950.0,24500.0,24900.0,1900,0.0,0.0,ACL
2019-11-15 00:00:00-05:00,24950.0,24950.0,24300.0,24800.0,9240,0.0,0.0,ACL
2019-11-18 00:00:00-05:00,24800.0,24900.0,24000.0,24800.0,36280,0.0,0.0,ACL
2019-11-19 00:00:00-05:00,24800.0,24800.0,23800.0,24450.0,38830,0.0,0.0,ACL
2019-11-20 00:00:00-05:00,24450.0,24450.0,23500.0,23900.0,18030,0.0,0.0,ACL
2019-11-21 00:00:00-05:00,23750.0,23750.0,23200.0,23400.0,5620,0.0,0.0,ACL
2019-11-22 00:00:00-05:00,23400.0,23400.0,21800.0,21800.0,47010,0.0,0.0,ACL
2019-11-25 00:00:00-05:00,21850.0,21850.0,20500.0,20900.0,19420,0.0,0.0,ACL
2019-11-26 00:00:00-05:00,20900.0,20900.0,19900.0,20050.0,22970,0.0,0.0,ACL
2019-11-27 00:00:00-05:00,20000.0,21450.0,20000.0,21450.0,27090,0.0,0.0,ACL
2019-11-29 00:00:00-05:00,22700.0,22800.0,21850.0,22500.0,6300,0.0,0.0,ACL
2019-12-02 00:00:00-05:00,22500.0,22500.0,21500.0,21500.0,29930,0.0,0.0,ACL
2019-12-06 00:00:00-05:00,21800.0,21800.0,20900.0,21500.0,7610,0.0,0.0,ACL
2019-12-09 00:00:00-05:00,21700.0,22400.0,21700.0,22000.0,10660,0.0,0.0,ACL
2019-12-10 00:00:00-05:00,22000.0,22500.0,22000.0,22200.0,2030,0.0,0.0,ACL
2019-12-11 00:00:00-05:00,22400.0,22400.0,22000.0,22100.0,13020,0.0,0.0,ACL
2019-12-12 00:00:00-05:00,22100.0,22750.0,22100.0,22750.0,3460,0.0,0.0,ACL
2019-12-13 00:00:00-05:00,22750.0,23600.0,22200.0,23600.0,18540,0.0,0.0,ACL
2019-12-16 00:00:00-05:00,23600.0,23600.0,23000.0,23400.0,1270,0.0,0.0,ACL
2019-12-17 00:00:00-05:00,23550.0,23550.0,22800.0,23300.0,13710,0.0,0.0,ACL
2019-12-18 00:00:00-05:00,23100.0,23200.0,23000.0,23200.0,15980,0.0,0.0,ACL
2019-12-19 00:00:00-05:00,23100.0,23200.0,22600.0,23200.0,10910,0.0,0.0,ACL
2019-12-20 00:00:00-05:00,23250.0,23300.0,23250.0,23300.0,420,0.0,0.0,ACL
2019-12-23 00:00:00-05:00,23300.0,23300.0,23000.0,23200.0,9270,0.0,0.0,ACL
2019-12-24 00:00:00-05:00,23000.0,23300.0,23000.0,23300.0,1080,0.0,0.0,ACL
2019-12-26 00:00:00-05:00,24200.0,24200.0,22500.0,23000.0,3430,0.0,0.0,ACL
2019-12-27 00:00:00-05:00,23750.0,23750.0,23000.0,23300.0,310,0.0,0.0,ACL
2019-12-30 00:00:00-05:00,23500.0,23500.0,22500.0,23150.0,4670,0.0,0.0,ACL
2019-12-31 00:00:00-05:00,22050.0,23300.0,22050.0,23200.0,22770,0.0,0.0,ACL
2020-01-02 00:00:00-05:00,23200.0,23200.0,23150.0,23200.0,380,0.0,0.0,ACL
2020-01-03 00:00:00-05:00,23200.0,23300.0,22900.0,23000.0,2870,0.0,0.0,ACL
2020-01-06 00:00:00-05:00,23100.0,23100.0,22000.0,22750.0,4900,0.0,0.0,ACL
2020-01-07 00:00:00-05:00,22500.0,22600.0,22500.0,22600.0,880,0.0,0.0,ACL
2020-01-08 00:00:00-05:00,23300.0,23300.0,22200.0,22400.0,2100,0.0,0.0,ACL
2020-01-09 00:00:00-05:00,22500.0,22600.0,22300.0,22300.0,410,0.0,0.0,ACL
2020-01-10 00:00:00-05:00,22600.0,22600.0,22000.0,22600.0,4110,0.0,0.0,ACL
2020-01-13 00:00:00-05:00,22750.0,22750.0,22600.0,22600.0,210,0.0,0.0,ACL
2020-01-14 00:00:00-05:00,21650.0,22400.0,21600.0,22400.0,410,0.0,0.0,ACL
2020-01-15 00:00:00-05:00,22400.0,22400.0,21000.0,21000.0,18090,0.0,0.0,ACL
2020-01-16 00:00:00-05:00,21200.0,21500.0,21000.0,21200.0,33680,0.0,0.0,ACL
2020-01-17 00:00:00-05:00,21400.0,22050.0,21000.0,21200.0,18940,0.0,0.0,ACL
2020-01-21 00:00:00-05:00,21500.0,21950.0,21200.0,21950.0,2690,0.0,0.0,ACL
2020-01-22 00:00:00-05:00,21950.0,22900.0,21500.0,22900.0,4040,0.0,0.0,ACL
2020-01-23 00:00:00-05:00,22900.0,22900.0,22900.0,22900.0,0,0.0,0.0,ACL
2020-01-24 00:00:00-05:00,22900.0,22900.0,22900.0,22900.0,0,0.0,0.0,ACL
2020-01-27 00:00:00-05:00,22900.0,22900.0,22900.0,22900.0,0,0.0,0.0,ACL
2020-01-28 00:00:00-05:00,22900.0,22900.0,22900.0,22900.0,0,0.0,0.0,ACL
2020-01-29 00:00:00-05:00,22900.0,22900.0,22900.0,22900.0,0,0.0,0.0,ACL
2020-01-30 00:00:00-05:00,23000.0,23000.0,22500.0,22500.0,1120,0.0,0.0,ACL
2020-01-31 00:00:00-05:00,21000.0,23350.0,21000.0,22500.0,9040,0.0,0.0,ACL
2020-02-03 00:00:00-05:00,21250.0,21250.0,20950.0,20950.0,13760,0.0,0.0,ACL
2020-02-04 00:00:00-05:00,20950.0,21500.0,20100.0,20100.0,1600,0.0,0.0,ACL
2020-02-05 00:00:00-05:00,21000.0,21000.0,20000.0,21000.0,2100,0.0,0.0,ACL
2020-02-06 00:00:00-05:00,21000.0,21400.0,20900.0,21200.0,21910,0.0,0.0,ACL
2020-02-07 00:00:00-05:00,21500.0,21850.0,21200.0,21800.0,29540,0.0,0.0,ACL
2020-02-10 00:00:00-05:00,21800.0,21800.0,21000.0,21500.0,9660,0.0,0.0,ACL
2020-02-11 00:00:00-05:00,22000.0,22000.0,21100.0,21500.0,1850,0.0,0.0,ACL
2020-02-12 00:00:00-05:00,21650.0,21700.0,21000.0,21400.0,32830,0.0,0.0,ACL
2020-02-13 00:00:00-05:00,21400.0,21450.0,21000.0,21450.0,24690,0.0,0.0,ACL
2020-02-14 00:00:00-05:00,21500.0,21500.0,21000.0,21400.0,10730,0.0,0.0,ACL
2020-02-18 00:00:00-05:00,21300.0,21300.0,20900.0,21100.0,3010,0.0,0.0,ACL
2020-02-19 00:00:00-05:00,20050.0,21400.0,20050.0,21400.0,3960,0.0,0.0,ACL
2020-02-20 00:00:00-05:00,21650.0,21650.0,21050.0,21300.0,11100,0.0,0.0,ACL
2020-02-21 00:00:00-05:00,21300.0,21300.0,21000.0,21300.0,24650,0.0,0.0,ACL
2020-02-24 00:00:00-05:00,21000.0,21000.0,20000.0,20550.0,57920,0.0,0.0,ACL
2020-02-25 00:00:00-05:00,19200.0,20550.0,19200.0,20400.0,9230,0.0,0.0,ACL
2020-02-26 00:00:00-05:00,20400.0,20400.0,19250.0,20300.0,5870,0.0,0.0,ACL
2020-02-27 00:00:00-05:00,20200.0,20200.0,20000.0,20000.0,8360,0.0,0.0,ACL
2020-02-28 00:00:00-05:00,19800.0,19900.0,19000.0,19900.0,16050,0.0,0.0,ACL
2020-03-02 00:00:00-05:00,19800.0,19900.0,18600.0,18600.0,10140,0.0,0.0,ACL
2020-03-03 00:00:00-05:00,19000.0,19500.0,18500.0,19500.0,8430,0.0,0.0,ACL
2020-03-04 00:00:00-05:00,19600.0,19600.0,19000.0,19350.0,2540,0.0,0.0,ACL
2020-03-05 00:00:00-05:00,19300.0,19350.0,19000.0,19300.0,13930,0.0,0.0,ACL
2020-03-06 00:00:00-05:00,19300.0,20400.0,19300.0,20150.0,30060,0.0,0.0,ACL
2020-03-09 00:00:00-04:00,18850.0,19400.0,18750.0,19200.0,27460,0.0,0.0,ACL
2020-03-10 00:00:00-04:00,18150.0,18900.0,18150.0,18300.0,5150,0.0,0.0,ACL
2020-03-11 00:00:00-04:00,18950.0,18950.0,18000.0,18750.0,3160,0.0,0.0,ACL
2020-03-12 00:00:00-04:00,18750.0,18750.0,17800.0,18000.0,34920,0.0,0.0,ACL
2020-03-13 00:00:00-04:00,18000.0,18000.0,16750.0,18000.0,7660,0.0,0.0,ACL
2020-03-16 00:00:00-04:00,18000.0,18400.0,18000.0,18400.0,3100,0.0,0.0,ACL
2020-03-17 00:00:00-04:00,17150.0,18200.0,17150.0,18150.0,830,0.0,0.0,ACL
2020-03-18 00:00:00-04:00,18400.0,19000.0,18000.0,18150.0,5350,0.0,0.0,ACL
2020-03-19 00:00:00-04:00,16950.0,18450.0,16950.0,18200.0,1940,0.0,0.0,ACL
2020-03-20 00:00:00-04:00,18950.0,19000.0,17500.0,18100.0,24500,0.0,0.0,ACL
2020-03-23 00:00:00-04:00,17000.0,18150.0,17000.0,17850.0,40980,0.0,0.0,ACL
2020-03-24 00:00:00-04:00,17900.0,17900.0,16700.0,17800.0,1430,0.0,0.0,ACL
2020-03-25 00:00:00-04:00,17050.0,17900.0,17000.0,17300.0,3240,0.0,0.0,ACL
2020-03-26 00:00:00-04:00,17100.0,17500.0,17100.0,17500.0,16400,0.0,0.0,ACL
2020-03-27 00:00:00-04:00,17700.0,17700.0,17000.0,17600.0,15470,0.0,0.0,ACL
2020-03-30 00:00:00-04:00,17700.0,17750.0,17000.0,17750.0,11390,0.0,0.0,ACL
2020-03-31 00:00:00-04:00,17800.0,17800.0,17150.0,17500.0,750,0.0,0.0,ACL
2020-04-01 00:00:00-04:00,16300.0,17750.0,16300.0,17500.0,2130,0.0,0.0,ACL
2020-04-02 00:00:00-04:00,17500.0,17500.0,17500.0,17500.0,0,0.0,0.0,ACL
2020-04-03 00:00:00-04:00,17500.0,17500.0,17300.0,17500.0,1260,0.0,0.0,ACL
2020-04-06 00:00:00-04:00,17500.0,18000.0,17300.0,18000.0,25060,0.0,0.0,ACL
2020-04-07 00:00:00-04:00,18000.0,18100.0,16950.0,18000.0,5190,0.0,0.0,ACL
2020-04-08 00:00:00-04:00,17800.0,19250.0,17500.0,19250.0,31060,0.0,0.0,ACL
2020-04-09 00:00:00-04:00,20000.0,20100.0,19200.0,19700.0,18750,0.0,0.0,ACL
2020-04-13 00:00:00-04:00,18500.0,19000.0,17800.0,17900.0,50210,0.0,0.0,ACL
2020-04-14 00:00:00-04:00,18600.0,18600.0,17600.0,18500.0,14100,0.0,0.0,ACL
2020-04-15 00:00:00-04:00,18500.0,18900.0,18000.0,18700.0,10050,0.0,0.0,ACL
2020-04-16 00:00:00-04:00,18700.0,19750.0,18400.0,19600.0,39460,0.0,0.0,ACL
2020-04-17 00:00:00-04:00,19700.0,20300.0,19700.0,20000.0,44640,0.0,0.0,ACL
2020-04-20 00:00:00-04:00,20750.0,20750.0,19800.0,20100.0,23330,0.0,0.0,ACL
2020-04-21 00:00:00-04:00,20100.0,20100.0,18700.0,19200.0,16790,0.0,0.0,ACL
2020-04-22 00:00:00-04:00,19200.0,19500.0,18600.0,19400.0,8250,0.0,0.0,ACL
2020-04-23 00:00:00-04:00,18500.0,19200.0,18100.0,19200.0,40560,0.0,0.0,ACL
2020-04-24 00:00:00-04:00,18900.0,18900.0,18400.0,18900.0,8480,0.0,0.0,ACL
2020-04-27 00:00:00-04:00,18800.0,19000.0,18500.0,19000.0,18510,0.0,0.0,ACL
2020-04-28 00:00:00-04:00,19000.0,19150.0,18600.0,18600.0,11900,0.0,0.0,ACL
2020-04-29 00:00:00-04:00,18700.0,18700.0,17850.0,18400.0,37020,0.0,0.0,ACL
2020-04-30 00:00:00-04:00,18400.0,18400.0,18400.0,18400.0,0,0.0,0.0,ACL
2020-05-01 00:00:00-04:00,18400.0,18400.0,18400.0,18400.0,0,0.0,0.0,ACL
2020-05-04 00:00:00-04:00,18400.0,18400.0,17200.0,18000.0,16540,0.0,0.0,ACL
2020-05-05 00:00:00-04:00,17500.0,18000.0,17500.0,18000.0,8400,0.0,0.0,ACL
2020-05-06 00:00:00-04:00,18000.0,18150.0,16800.0,17550.0,18280,0.0,0.0,ACL
2020-05-07 00:00:00-04:00,17500.0,17850.0,16700.0,17400.0,92730,0.0,0.0,ACL
2020-05-08 00:00:00-04:00,17950.0,18600.0,17600.0,18500.0,56170,0.0,0.0,ACL
2020-05-11 00:00:00-04:00,19000.0,19750.0,19000.0,19750.0,58470,0.0,0.0,ACL
2020-05-12 00:00:00-04:00,21100.0,21100.0,21100.0,21100.0,89290,0.0,0.0,ACL
2020-05-13 00:00:00-04:00,22550.0,22550.0,22000.0,22550.0,134770,0.0,0.0,ACL
2020-05-14 00:00:00-04:00,21700.0,23800.0,21700.0,22550.0,77320,0.0,0.0,ACL
2020-05-15 00:00:00-04:00,22550.0,22550.0,22550.0,22550.0,0,0.0,0.0,ACL
2020-05-18 00:00:00-04:00,22550.0,22550.0,22550.0,22550.0,0,0.0,0.0,ACL
2020-05-19 00:00:00-04:00,21800.0,21800.0,20250.0,21800.0,42610,0.0,0.0,ACL
2020-05-20 00:00:00-04:00,21800.0,21800.0,21800.0,21800.0,0,0.0,0.0,ACL
2020-05-21 00:00:00-04:00,24600.0,24600.0,24600.0,24600.0,35780,0.0,0.0,ACL
2020-05-22 00:00:00-04:00,26300.0,26300.0,24800.0,26300.0,407260,0.0,0.0,ACL
2020-05-26 00:00:00-04:00,25500.0,25500.0,25000.0,25500.0,47160,0.0,0.0,ACL
2020-05-27 00:00:00-04:00,25400.0,25400.0,24650.0,24700.0,95510,0.0,0.0,ACL
2020-05-28 00:00:00-04:00,25500.0,25500.0,24400.0,24800.0,49270,0.0,0.0,ACL
2020-05-29 00:00:00-04:00,25300.0,25300.0,24500.0,24600.0,55470,0.0,0.0,ACL
2020-06-01 00:00:00-04:00,25000.0,25400.0,24500.0,25200.0,76640,0.0,0.0,ACL
2020-06-02 00:00:00-04:00,25250.0,25300.0,24800.0,24950.0,38580,0.0,0.0,ACL
2020-06-03 00:00:00-04:00,25000.0,25000.0,24350.0,24700.0,34630,0.0,0.0,ACL
2020-06-04 00:00:00-04:00,24850.0,24850.0,24400.0,24400.0,60340,0.0,0.0,ACL
2020-06-05 00:00:00-04:00,24400.0,25600.0,24250.0,25450.0,71080,0.0,0.0,ACL
2020-06-08 00:00:00-04:00,25450.0,25450.0,25450.0,25450.0,0,0.0,0.0,ACL
2020-06-09 00:00:00-04:00,25450.0,25450.0,25450.0,25450.0,0,0.0,0.0,ACL
2020-06-10 00:00:00-04:00,25500.0,25600.0,25000.0,25400.0,57730,0.0,0.0,ACL
2020-06-11 00:00:00-04:00,25200.0,25500.0,24800.0,24800.0,57390,0.0,0.0,ACL
2020-06-12 00:00:00-04:00,24000.0,24200.0,23200.0,23300.0,80890,0.0,0.0,ACL
2020-06-15 00:00:00-04:00,23850.0,23850.0,22500.0,22500.0,53910,0.0,0.0,ACL
2020-06-16 00:00:00-04:00,22500.0,23450.0,22500.0,23300.0,23550,0.0,0.0,ACL
2020-06-17 00:00:00-04:00,23300.0,23900.0,23000.0,23200.0,7110,0.0,0.0,ACL
2020-06-18 00:00:00-04:00,23100.0,23100.0,22500.0,22800.0,44710,0.0,0.0,ACL
2020-06-19 00:00:00-04:00,22800.0,23450.0,22800.0,23450.0,29660,0.0,0.0,ACL
2020-06-22 00:00:00-04:00,23850.0,23900.0,23500.0,23800.0,23550,0.0,0.0,ACL
2020-06-23 00:00:00-04:00,23900.0,23900.0,23300.0,23700.0,5690,0.0,0.0,ACL
2020-06-24 00:00:00-04:00,23100.0,23400.0,23050.0,23050.0,16080,0.0,0.0,ACL
2020-06-25 00:00:00-04:00,22700.0,23050.0,22600.0,22800.0,9830,0.0,0.0,ACL
2020-06-26 00:00:00-04:00,22800.0,23000.0,22700.0,22800.0,4460,0.0,0.0,ACL
2020-06-29 00:00:00-04:00,22600.0,23000.0,21550.0,21550.0,38350,0.0,0.0,ACL
2020-06-30 00:00:00-04:00,21550.0,21900.0,21550.0,21700.0,37140,0.0,0.0,ACL
2020-07-01 00:00:00-04:00,21100.0,22000.0,20800.0,22000.0,7070,0.0,0.0,ACL
2020-07-02 00:00:00-04:00,22000.0,22500.0,22000.0,22500.0,9400,0.0,0.0,ACL
2020-07-06 00:00:00-04:00,22200.0,22500.0,22100.0,22100.0,12050,0.0,0.0,ACL
2020-07-07 00:00:00-04:00,22000.0,23200.0,22000.0,22300.0,7830,0.0,0.0,ACL
2020-07-08 00:00:00-04:00,22600.0,22800.0,22600.0,22650.0,1530,0.0,0.0,ACL
2020-07-09 00:00:00-04:00,23300.0,24100.0,23000.0,23800.0,53070,0.0,0.0,ACL
2020-07-10 00:00:00-04:00,23800.0,23800.0,23800.0,23800.0,0,0.0,0.0,ACL
2020-07-13 00:00:00-04:00,24800.0,26000.0,24800.0,25550.0,45080,0.0,0.0,ACL
2020-07-14 00:00:00-04:00,25550.0,27300.0,25500.0,27300.0,274470,0.0,0.0,ACL
2020-07-15 00:00:00-04:00,29200.0,29200.0,29100.0,29200.0,218530,0.0,0.0,ACL
2020-07-16 00:00:00-04:00,31200.0,31200.0,31200.0,31200.0,83590,0.0,0.0,ACL
2020-07-17 00:00:00-04:00,33350.0,33350.0,31800.0,32000.0,335000,0.0,0.0,ACL
2020-07-20 00:00:00-04:00,30100.0,31800.0,29800.0,29800.0,146080,0.0,0.0,ACL
2020-07-21 00:00:00-04:00,29800.0,30000.0,27900.0,28700.0,59210,0.0,0.0,ACL
2020-07-22 00:00:00-04:00,28700.0,29700.0,28500.0,28550.0,72790,0.0,0.0,ACL
2020-07-23 00:00:00-04:00,28550.0,28800.0,26600.0,27900.0,64270,0.0,0.0,ACL
2020-07-24 00:00:00-04:00,27600.0,28000.0,25950.0,27600.0,123160,0.0,0.0,ACL
2020-07-27 00:00:00-04:00,25700.0,27000.0,25700.0,25700.0,123530,0.0,0.0,ACL
2020-07-28 00:00:00-04:00,24100.0,27450.0,24100.0,27450.0,90630,0.0,0.0,ACL
2020-07-29 00:00:00-04:00,27900.0,27900.0,26200.0,27000.0,125430,0.0,0.0,ACL
2020-07-30 00:00:00-04:00,27600.0,27800.0,26800.0,27000.0,78610,0.0,0.0,ACL
2020-07-31 00:00:00-04:00,26500.0,26950.0,26500.0,26800.0,65400,0.0,0.0,ACL
2020-08-03 00:00:00-04:00,26800.0,28650.0,26800.0,28650.0,159220,0.0,0.0,ACL
2020-08-04 00:00:00-04:00,29000.0,30000.0,29000.0,29150.0,227730,0.0,0.0,ACL
2020-08-05 00:00:00-04:00,14150.0,14150.0,14150.0,14150.0,398870,0.0,0.0,ACL
2020-08-06 00:00:00-04:00,15000.0,15100.0,14700.0,15100.0,374680,0.0,0.0,ACL
2020-08-07 00:00:00-04:00,16100.0,16150.0,16050.0,16150.0,167910,0.0,0.0,ACL
2020-08-10 00:00:00-04:00,17250.0,17250.0,17250.0,17250.0,171090,0.0,0.0,ACL
2020-08-11 00:00:00-04:00,18450.0,18450.0,16050.0,16050.0,681350,0.0,0.0,ACL
2020-08-12 00:00:00-04:00,15500.0,16300.0,15200.0,15500.0,197550,0.0,0.0,ACL
2020-08-13 00:00:00-04:00,15400.0,16200.0,15400.0,16050.0,107940,0.0,0.0,ACL
2020-08-14 00:00:00-04:00,16050.0,16450.0,15600.0,16150.0,134880,0.0,0.0,ACL
2020-08-17 00:00:00-04:00,16000.0,16100.0,15500.0,15500.0,147820,0.0,0.0,ACL
2020-08-18 00:00:00-04:00,15450.0,15900.0,15450.0,15650.0,51790,0.0,0.0,ACL
2020-08-19 00:00:00-04:00,15500.0,15750.0,15400.0,15550.0,49200,0.0,0.0,ACL
2020-08-20 00:00:00-04:00,15350.0,15500.0,15000.0,15000.0,102780,0.0,0.0,ACL
2020-08-21 00:00:00-04:00,14800.0,15400.0,14800.0,15200.0,61250,0.0,0.0,ACL
2020-08-24 00:00:00-04:00,15450.0,15500.0,15000.0,15050.0,140700,0.0,0.0,ACL
2020-08-25 00:00:00-04:00,15200.0,15200.0,15000.0,15050.0,99100,0.0,0.0,ACL
2020-08-26 00:00:00-04:00,15050.0,15600.0,14950.0,15600.0,119360,0.0,0.0,ACL
2020-08-27 00:00:00-04:00,15600.0,16300.0,15600.0,16200.0,252860,0.0,0.0,ACL
2020-08-28 00:00:00-04:00,16300.0,16500.0,15850.0,16000.0,196760,0.0,0.0,ACL
2020-08-31 00:00:00-04:00,15600.0,15800.0,15500.0,15600.0,123070,0.0,0.0,ACL
2020-09-01 00:00:00-04:00,15800.0,15800.0,15000.0,15400.0,102370,0.0,0.0,ACL
2020-09-02 00:00:00-04:00,15400.0,15400.0,15400.0,15400.0,0,0.0,0.0,ACL
2020-09-03 00:00:00-04:00,15300.0,15800.0,15300.0,15400.0,68790,0.0,0.0,ACL
2020-09-04 00:00:00-04:00,15100.0,15350.0,15100.0,15200.0,67550,0.0,0.0,ACL
2020-09-08 00:00:00-04:00,15500.0,15600.0,15350.0,15350.0,52450,0.0,0.0,ACL
2020-09-09 00:00:00-04:00,15250.0,15600.0,15250.0,15400.0,86450,0.0,0.0,ACL
2020-09-10 00:00:00-04:00,15500.0,15500.0,15300.0,15350.0,48770,0.0,0.0,ACL
2020-09-11 00:00:00-04:00,15350.0,15350.0,15350.0,15350.0,0,0.0,0.0,ACL
2020-09-14 00:00:00-04:00,15900.0,15900.0,15600.0,15800.0,175070,0.0,0.0,ACL
2020-09-15 00:00:00-04:00,16000.0,16000.0,15600.0,15800.0,88950,0.0,0.0,ACL
2020-09-16 00:00:00-04:00,15800.0,15800.0,15500.0,15700.0,31440,0.0,0.0,ACL
2020-09-17 00:00:00-04:00,15450.0,15700.0,15400.0,15500.0,119120,0.0,0.0,ACL
2020-09-18 00:00:00-04:00,15450.0,15500.0,15400.0,15450.0,61220,0.0,0.0,ACL
2020-09-21 00:00:00-04:00,15400.0,15800.0,15400.0,15550.0,58120,0.0,0.0,ACL
2020-09-22 00:00:00-04:00,15600.0,15600.0,15350.0,15400.0,46120,0.0,0.0,ACL
2020-09-23 00:00:00-04:00,15500.0,15500.0,15300.0,15300.0,73480,0.0,0.0,ACL
2020-09-24 00:00:00-04:00,15400.0,15400.0,15200.0,15250.0,82910,0.0,0.0,ACL
2020-09-25 00:00:00-04:00,15300.0,15300.0,15100.0,15200.0,69820,0.0,0.0,ACL
2020-09-28 00:00:00-04:00,15100.0,15200.0,15000.0,15000.0,72420,0.0,0.0,ACL
2020-09-29 00:00:00-04:00,15100.0,15200.0,15000.0,15000.0,40080,0.0,0.0,ACL
2020-09-30 00:00:00-04:00,15000.0,15000.0,13950.0,14150.0,628460,0.0,0.0,ACL
2020-10-01 00:00:00-04:00,14150.0,14650.0,14150.0,14650.0,170310,0.0,0.0,ACL
2020-10-02 00:00:00-04:00,14650.0,14650.0,13650.0,14100.0,332280,0.0,0.0,ACL
2020-10-05 00:00:00-04:00,14100.0,14200.0,14050.0,14150.0,155030,0.0,0.0,ACL
2020-10-06 00:00:00-04:00,14150.0,14450.0,14000.0,14350.0,258900,0.0,0.0,ACL
2020-10-07 00:00:00-04:00,14400.0,14400.0,14150.0,14150.0,114550,0.0,0.0,ACL
2020-10-08 00:00:00-04:00,14150.0,14200.0,14000.0,14000.0,120450,0.0,0.0,ACL
2020-10-09 00:00:00-04:00,14100.0,14300.0,14000.0,14200.0,120160,0.0,0.0,ACL
2020-10-12 00:00:00-04:00,14050.0,14100.0,13900.0,13950.0,116030,0.0,0.0,ACL
2020-10-13 00:00:00-04:00,14000.0,14000.0,13800.0,13850.0,61540,0.0,0.0,ACL
2020-10-14 00:00:00-04:00,13850.0,13850.0,13300.0,13400.0,166150,0.0,0.0,ACL
2020-10-15 00:00:00-04:00,13400.0,13400.0,12800.0,12900.0,153350,0.0,0.0,ACL
2020-10-16 00:00:00-04:00,12950.0,12950.0,12400.0,12400.0,148460,0.0,0.0,ACL
2020-10-19 00:00:00-04:00,12400.0,12500.0,12000.0,12350.0,152620,0.0,0.0,ACL
2020-10-20 00:00:00-04:00,12350.0,12400.0,12100.0,12350.0,92780,0.0,0.0,ACL
2020-10-21 00:00:00-04:00,12200.0,13200.0,12100.0,13200.0,90990,0.0,0.0,ACL
2020-10-22 00:00:00-04:00,14100.0,14100.0,13500.0,13650.0,181360,0.0,0.0,ACL
2020-10-23 00:00:00-04:00,13650.0,13650.0,13200.0,13450.0,108580,0.0,0.0,ACL
2020-10-26 00:00:00-04:00,13000.0,13200.0,13000.0,13100.0,81850,0.0,0.0,ACL
2020-10-27 00:00:00-04:00,13000.0,13000.0,12600.0,12700.0,48780,0.0,0.0,ACL
2020-10-28 00:00:00-04:00,12250.0,12900.0,12250.0,12300.0,60570,0.0,0.0,ACL
2020-10-29 00:00:00-04:00,12200.0,12800.0,12050.0,12400.0,82450,0.0,0.0,ACL
2020-10-30 00:00:00-04:00,12700.0,12700.0,12300.0,12400.0,21610,0.0,0.0,ACL
2020-11-02 00:00:00-05:00,12200.0,12500.0,12200.0,12300.0,19670,0.0,0.0,ACL
2020-11-03 00:00:00-05:00,12800.0,12800.0,12350.0,12500.0,36400,0.0,0.0,ACL
2020-11-04 00:00:00-05:00,12500.0,13100.0,12500.0,13100.0,66020,0.0,0.0,ACL
2020-11-05 00:00:00-05:00,12600.0,13000.0,12600.0,12800.0,31280,0.0,0.0,ACL
2020-11-06 00:00:00-05:00,13000.0,13000.0,12650.0,12750.0,21740,0.0,0.0,ACL
2020-11-09 00:00:00-05:00,12800.0,13000.0,12750.0,12900.0,66170,0.0,0.0,ACL
2020-11-10 00:00:00-05:00,13000.0,13100.0,12950.0,12950.0,90110,0.0,0.0,ACL
2020-11-11 00:00:00-05:00,13000.0,13000.0,12700.0,12800.0,29740,0.0,0.0,ACL
2020-11-12 00:00:00-05:00,12800.0,13000.0,12500.0,12850.0,52510,0.0,0.0,ACL
2020-11-13 00:00:00-05:00,12600.0,12900.0,12600.0,12850.0,39280,0.0,0.0,ACL
2020-11-16 00:00:00-05:00,12850.0,12850.0,12550.0,12600.0,65970,0.0,0.0,ACL
2020-11-17 00:00:00-05:00,12600.0,12600.0,12500.0,12550.0,54320,0.0,0.0,ACL
2020-11-18 00:00:00-05:00,12550.0,12800.0,12550.0,12750.0,40100,0.0,0.0,ACL
2020-11-19 00:00:00-05:00,12700.0,13300.0,12600.0,13100.0,132410,0.0,0.0,ACL
2020-11-20 00:00:00-05:00,13100.0,13100.0,12850.0,12950.0,31680,0.0,0.0,ACL
2020-11-23 00:00:00-05:00,12950.0,13000.0,12800.0,12900.0,37810,0.0,0.0,ACL
2020-11-24 00:00:00-05:00,13050.0,13050.0,12700.0,12900.0,31620,0.0,0.0,ACL
2020-11-25 00:00:00-05:00,12900.0,13000.0,12650.0,12650.0,23280,0.0,0.0,ACL
2020-11-27 00:00:00-05:00,12750.0,12900.0,12700.0,12700.0,36770,0.0,0.0,ACL
2020-11-30 00:00:00-05:00,12800.0,13000.0,12700.0,13000.0,155930,0.0,0.0,ACL
2020-12-01 00:00:00-05:00,12200.0,13000.0,12200.0,13000.0,72350,0.0,0.0,ACL
2020-12-02 00:00:00-05:00,12700.0,13000.0,12600.0,12700.0,56110,0.0,0.0,ACL
2020-12-03 00:00:00-05:00,12900.0,12900.0,12600.0,12750.0,32020,0.0,0.0,ACL
2020-12-04 00:00:00-05:00,12700.0,12800.0,12600.0,12800.0,75290,0.0,0.0,ACL
2020-12-07 00:00:00-05:00,12900.0,12900.0,12600.0,12750.0,46470,0.0,0.0,ACL
2020-12-08 00:00:00-05:00,12800.0,12800.0,12650.0,12650.0,35850,0.0,0.0,ACL
2020-12-09 00:00:00-05:00,12800.0,13000.0,12650.0,12900.0,130050,0.0,0.0,ACL
2020-12-10 00:00:00-05:00,13000.0,13000.0,12750.0,12750.0,103400,0.0,0.0,ACL
2020-12-11 00:00:00-05:00,12800.0,12900.0,12750.0,12800.0,56390,0.0,0.0,ACL
2020-12-14 00:00:00-05:00,12800.0,13000.0,12800.0,12950.0,92650,0.0,0.0,ACL
2020-12-15 00:00:00-05:00,12950.0,12950.0,12700.0,12750.0,86050,0.0,0.0,ACL
2020-12-16 00:00:00-05:00,12850.0,12900.0,12700.0,12800.0,81290,0.0,0.0,ACL
2020-12-17 00:00:00-05:00,12650.0,12850.0,12650.0,12750.0,91840,0.0,0.0,ACL
2020-12-18 00:00:00-05:00,12750.0,12850.0,12700.0,12850.0,122320,0.0,0.0,ACL
2020-12-21 00:00:00-05:00,12850.0,13700.0,12850.0,13700.0,312680,0.0,0.0,ACL
2020-12-22 00:00:00-05:00,14350.0,14350.0,13700.0,13900.0,192960,0.0,0.0,ACL
2020-12-23 00:00:00-05:00,14000.0,14200.0,13900.0,14000.0,176990,0.0,0.0,ACL
2020-12-24 00:00:00-05:00,13300.0,13750.0,13250.0,13450.0,208650,0.0,0.0,ACL
2020-12-28 00:00:00-05:00,13650.0,13650.0,13400.0,13400.0,127950,0.0,0.0,ACL
2020-12-29 00:00:00-05:00,13500.0,13700.0,13100.0,13700.0,100920,0.0,0.0,ACL
2020-12-30 00:00:00-05:00,13700.0,13800.0,13500.0,13700.0,134150,0.0,0.0,ACL
2020-12-31 00:00:00-05:00,13700.0,14650.0,13700.0,14650.0,764360,0.0,0.0,ACL
2021-01-04 00:00:00-05:00,15600.0,15600.0,14900.0,14950.0,19940,0.0,0.0,ACL
2021-01-05 00:00:00-05:00,14900.0,15400.0,14500.0,15100.0,25260,0.0,0.0,ACL
2021-01-06 00:00:00-05:00,15000.0,15300.0,14650.0,15000.0,45590,0.0,0.0,ACL
2021-01-07 00:00:00-05:00,15000.0,15400.0,14600.0,15200.0,30230,0.0,0.0,ACL
2021-01-08 00:00:00-05:00,15300.0,15350.0,14900.0,15100.0,20180,0.0,0.0,ACL
2021-01-11 00:00:00-05:00,15200.0,15300.0,14950.0,15300.0,27690,0.0,0.0,ACL
2021-01-12 00:00:00-05:00,16000.0,16000.0,15400.0,15700.0,24710,0.0,0.0,ACL
2021-01-13 00:00:00-05:00,15700.0,15800.0,15100.0,15100.0,17990,0.0,0.0,ACL
2021-01-14 00:00:00-05:00,15000.0,15200.0,15000.0,15200.0,25100,0.0,0.0,ACL
2021-01-15 00:00:00-05:00,15300.0,15450.0,14950.0,15000.0,21490,0.0,0.0,ACL
2021-01-19 00:00:00-05:00,15100.0,15250.0,14050.0,14200.0,16680,0.0,0.0,ACL
2021-01-20 00:00:00-05:00,14000.0,14150.0,13300.0,13950.0,18920,0.0,0.0,ACL
2021-01-21 00:00:00-05:00,14000.0,14400.0,13800.0,13800.0,7140,0.0,0.0,ACL
2021-01-22 00:00:00-05:00,13800.0,14400.0,13800.0,14000.0,13640,0.0,0.0,ACL
2021-01-25 00:00:00-05:00,14300.0,14300.0,14000.0,14000.0,8010,0.0,0.0,ACL
2021-01-26 00:00:00-05:00,14000.0,14000.0,13500.0,13600.0,10570,0.0,0.0,ACL
2021-01-27 00:00:00-05:00,13350.0,13450.0,12700.0,12750.0,14950,0.0,0.0,ACL
2021-01-28 00:00:00-05:00,11900.0,12500.0,11900.0,11900.0,12730,0.0,0.0,ACL
2021-01-29 00:00:00-05:00,11150.0,12200.0,11150.0,12200.0,6200,0.0,0.0,ACL
2021-02-01 00:00:00-05:00,11700.0,12500.0,11600.0,11600.0,4450,0.0,0.0,ACL
2021-02-02 00:00:00-05:00,11600.0,12000.0,11300.0,12000.0,6070,0.0,0.0,ACL
2021-02-03 00:00:00-05:00,11500.0,12400.0,11500.0,12300.0,6650,0.0,0.0,ACL
2021-02-04 00:00:00-05:00,12350.0,12600.0,12300.0,12350.0,4160,0.0,0.0,ACL
2021-02-05 00:00:00-05:00,12450.0,12450.0,12300.0,12400.0,4310,0.0,0.0,ACL
2021-02-08 00:00:00-05:00,12200.0,12400.0,11750.0,11800.0,5090,0.0,0.0,ACL
2021-02-09 00:00:00-05:00,11850.0,12250.0,11850.0,12250.0,3300,0.0,0.0,ACL
2021-02-10 00:00:00-05:00,12250.0,12250.0,12250.0,12250.0,0,0.0,0.0,ACL
2021-02-11 00:00:00-05:00,12250.0,12250.0,12250.0,12250.0,0,0.0,0.0,ACL
2021-02-12 00:00:00-05:00,12250.0,12250.0,12250.0,12250.0,0,0.0,0.0,ACL
2021-02-16 00:00:00-05:00,12250.0,12250.0,12250.0,12250.0,0,0.0,0.0,ACL
2021-02-17 00:00:00-05:00,12250.0,12450.0,11900.0,12350.0,3510,0.0,0.0,ACL
2021-02-18 00:00:00-05:00,12500.0,13200.0,12300.0,13200.0,14990,0.0,0.0,ACL
2021-02-19 00:00:00-05:00,13400.0,14100.0,13400.0,13900.0,18180,0.0,0.0,ACL
2021-02-22 00:00:00-05:00,14800.0,14800.0,13850.0,13900.0,11850,0.0,0.0,ACL
2021-02-23 00:00:00-05:00,13700.0,13800.0,13200.0,13750.0,10930,0.0,0.0,ACL
2021-02-24 00:00:00-05:00,13750.0,13800.0,13100.0,13300.0,8340,0.0,0.0,ACL
2021-02-25 00:00:00-05:00,13300.0,13800.0,13100.0,13750.0,10220,0.0,0.0,ACL
2021-02-26 00:00:00-05:00,13750.0,13750.0,13600.0,13750.0,3750,0.0,0.0,ACL
2021-03-01 00:00:00-05:00,13700.0,13800.0,13600.0,13700.0,4960,0.0,0.0,ACL
2021-03-02 00:00:00-05:00,13700.0,13700.0,13550.0,13600.0,4610,0.0,0.0,ACL
2021-03-03 00:00:00-05:00,13600.0,14400.0,13600.0,14250.0,9640,0.0,0.0,ACL
2021-03-04 00:00:00-05:00,15000.0,15000.0,14200.0,14200.0,13270,0.0,0.0,ACL
2021-03-05 00:00:00-05:00,13650.0,14150.0,13650.0,14100.0,3180,0.0,0.0,ACL
2021-03-08 00:00:00-05:00,14150.0,14150.0,13800.0,14000.0,4770,0.0,0.0,ACL
2021-03-09 00:00:00-05:00,14000.0,14000.0,13750.0,13950.0,5850,0.0,0.0,ACL
2021-03-10 00:00:00-05:00,14000.0,14000.0,13850.0,14000.0,4890,0.0,0.0,ACL
2021-03-11 00:00:00-05:00,14100.0,14100.0,13800.0,13800.0,4580,0.0,0.0,ACL
2021-03-12 00:00:00-05:00,14000.0,14000.0,13800.0,13800.0,2690,0.0,0.0,ACL
2021-03-15 00:00:00-04:00,13900.0,13900.0,13700.0,13900.0,7290,0.0,0.0,ACL
2021-03-16 00:00:00-04:00,13800.0,14200.0,13800.0,14200.0,13140,0.0,0.0,ACL
2021-03-17 00:00:00-04:00,14200.0,14500.0,14000.0,14200.0,8080,0.0,0.0,ACL
2021-03-18 00:00:00-04:00,14500.0,14650.0,14250.0,14350.0,17770,0.0,0.0,ACL
2021-03-19 00:00:00-04:00,14350.0,14400.0,14250.0,14300.0,5500,0.0,0.0,ACL
2021-03-22 00:00:00-04:00,14450.0,14500.0,14000.0,14000.0,5970,0.0,0.0,ACL
2021-03-23 00:00:00-04:00,14000.0,14200.0,13700.0,13900.0,14860,0.0,0.0,ACL
2021-03-24 00:00:00-04:00,13500.0,13900.0,13500.0,13500.0,3090,0.0,0.0,ACL
2021-03-25 00:00:00-04:00,13650.0,13650.0,13200.0,13600.0,3900,0.0,0.0,ACL
2021-03-26 00:00:00-04:00,13600.0,13600.0,13100.0,13200.0,6040,0.0,0.0,ACL
2021-03-29 00:00:00-04:00,13200.0,13900.0,13200.0,13550.0,3210,0.0,0.0,ACL
2021-03-30 00:00:00-04:00,13550.0,13550.0,13350.0,13450.0,2090,0.0,0.0,ACL
2021-03-31 00:00:00-04:00,12800.0,13300.0,12800.0,13200.0,7890,0.0,0.0,ACL
2021-04-01 00:00:00-04:00,13200.0,13350.0,12950.0,13100.0,8330,0.0,0.0,ACL
2021-04-05 00:00:00-04:00,13500.0,13500.0,13200.0,13400.0,4450,0.0,0.0,ACL
2021-04-06 00:00:00-04:00,13350.0,13400.0,13100.0,13300.0,5380,0.0,0.0,ACL
2021-04-07 00:00:00-04:00,13300.0,13300.0,13100.0,13200.0,6190,0.0,0.0,ACL
2021-04-08 00:00:00-04:00,13300.0,13300.0,13150.0,13150.0,2160,0.0,0.0,ACL
2021-04-09 00:00:00-04:00,13200.0,13400.0,13150.0,13250.0,4220,0.0,0.0,ACL
2021-04-12 00:00:00-04:00,13300.0,13400.0,13250.0,13350.0,8860,0.0,0.0,ACL
2021-04-13 00:00:00-04:00,13400.0,13450.0,13150.0,13350.0,7800,0.0,0.0,ACL
2021-04-14 00:00:00-04:00,13350.0,13400.0,13300.0,13400.0,6110,0.0,0.0,ACL
2021-04-15 00:00:00-04:00,13800.0,13800.0,13300.0,13450.0,4170,0.0,0.0,ACL
2021-04-16 00:00:00-04:00,13450.0,13450.0,12800.0,13000.0,7210,0.0,0.0,ACL
2021-04-19 00:00:00-04:00,13000.0,13000.0,12800.0,12950.0,4410,0.0,0.0,ACL
2021-04-20 00:00:00-04:00,13100.0,13100.0,12900.0,13000.0,2560,0.0,0.0,ACL
2021-04-21 00:00:00-04:00,13000.0,13000.0,13000.0,13000.0,0,0.0,0.0,ACL
2021-04-22 00:00:00-04:00,13100.0,13100.0,12700.0,12700.0,3430,0.0,0.0,ACL
2021-04-23 00:00:00-04:00,12550.0,12800.0,12550.0,12700.0,3830,0.0,0.0,ACL
2021-04-26 00:00:00-04:00,13000.0,13000.0,12700.0,12800.0,3710,0.0,0.0,ACL
2021-04-27 00:00:00-04:00,12800.0,13150.0,12700.0,12900.0,4580,0.0,0.0,ACL
2021-04-28 00:00:00-04:00,12700.0,12900.0,12700.0,12800.0,1240,0.0,0.0,ACL
2021-04-29 00:00:00-04:00,12800.0,12800.0,12700.0,12800.0,3930,0.0,0.0,ACL
2021-04-30 00:00:00-04:00,12800.0,12800.0,12800.0,12800.0,0,0.0,0.0,ACL
2021-05-03 00:00:00-04:00,12800.0,12800.0,12800.0,12800.0,0,0.0,0.0,ACL
2021-05-04 00:00:00-04:00,12800.0,12800.0,12600.0,12650.0,1550,0.0,0.0,ACL
2021-05-05 00:00:00-04:00,12550.0,12800.0,12550.0,12700.0,2150,0.0,0.0,ACL
2021-05-06 00:00:00-04:00,12850.0,12850.0,12550.0,12600.0,2280,0.0,0.0,ACL
2021-05-07 00:00:00-04:00,12550.0,12600.0,12300.0,12500.0,5050,0.0,0.0,ACL
2021-05-10 00:00:00-04:00,12500.0,12500.0,12000.0,12200.0,4980,0.0,0.0,ACL
2021-05-11 00:00:00-04:00,11600.0,12200.0,11600.0,11950.0,7160,0.0,0.0,ACL
2021-05-12 00:00:00-04:00,12000.0,12400.0,12000.0,12400.0,3790,0.0,0.0,ACL
2021-05-13 00:00:00-04:00,12450.0,12450.0,12300.0,12300.0,3400,0.0,0.0,ACL
2021-05-14 00:00:00-04:00,12100.0,12300.0,12100.0,12200.0,1430,0.0,0.0,ACL
2021-05-17 00:00:00-04:00,12200.0,12300.0,12000.0,12000.0,3430,0.0,0.0,ACL
2021-05-18 00:00:00-04:00,12000.0,12000.0,11800.0,12000.0,4060,0.0,0.0,ACL
2021-05-19 00:00:00-04:00,11900.0,11900.0,11800.0,11800.0,2930,0.0,0.0,ACL
2021-05-20 00:00:00-04:00,11650.0,11700.0,11400.0,11500.0,6020,0.0,0.0,ACL
2021-05-21 00:00:00-04:00,11300.0,12300.0,11300.0,12250.0,11120,0.0,0.0,ACL
2021-05-24 00:00:00-04:00,12600.0,12600.0,12250.0,12250.0,3100,0.0,0.0,ACL
2021-05-25 00:00:00-04:00,12250.0,12300.0,12000.0,12000.0,3750,0.0,0.0,ACL
2021-05-26 00:00:00-04:00,11700.0,12000.0,11700.0,11900.0,4400,0.0,0.0,ACL
2021-05-27 00:00:00-04:00,12000.0,12000.0,11700.0,11700.0,2370,0.0,0.0,ACL
2021-05-28 00:00:00-04:00,11600.0,11900.0,11600.0,11700.0,3050,0.0,0.0,ACL
2021-06-01 00:00:00-04:00,11700.0,11800.0,11700.0,11800.0,1980,0.0,0.0,ACL
2021-06-02 00:00:00-04:00,11850.0,11850.0,11000.0,11800.0,2290,0.0,0.0,ACL
2021-06-03 00:00:00-04:00,12000.0,12500.0,11850.0,12400.0,11420,0.0,0.0,ACL
2021-06-04 00:00:00-04:00,12600.0,12600.0,12250.0,12300.0,6950,0.0,0.0,ACL
2021-06-07 00:00:00-04:00,12500.0,12900.0,12500.0,12800.0,125100,0.0,0.0,ACL
2021-06-08 00:00:00-04:00,12800.0,12800.0,12800.0,12800.0,0,0.0,0.0,ACL
2021-06-09 00:00:00-04:00,12200.0,12600.0,12200.0,12450.0,47200,0.0,0.0,ACL
2021-06-10 00:00:00-04:00,12300.0,13300.0,12100.0,13300.0,192500,0.0,0.0,ACL
2021-06-11 00:00:00-04:00,13700.0,13800.0,12900.0,12900.0,218900,0.0,0.0,ACL
2021-06-14 00:00:00-04:00,13000.0,13300.0,12900.0,12900.0,91900,0.0,0.0,ACL
2021-06-15 00:00:00-04:00,12800.0,13300.0,12800.0,13000.0,97700,0.0,0.0,ACL
2021-06-16 00:00:00-04:00,13150.0,13150.0,12500.0,12900.0,55100,0.0,0.0,ACL
2021-06-17 00:00:00-04:00,12500.0,13600.0,12500.0,13550.0,233700,0.0,0.0,ACL
2021-06-18 00:00:00-04:00,13750.0,13750.0,13350.0,13450.0,109700,0.0,0.0,ACL
2021-06-21 00:00:00-04:00,13100.0,13300.0,13100.0,13150.0,66100,0.0,0.0,ACL
2021-06-22 00:00:00-04:00,13150.0,13200.0,12950.0,13100.0,82700,0.0,0.0,ACL
2021-06-29 00:00:00-04:00,13100.0,13300.0,13000.0,13150.0,66900,0.0,0.0,ACL
2021-06-30 00:00:00-04:00,13150.0,13200.0,13000.0,13000.0,36600,0.0,0.0,ACL
2021-07-01 00:00:00-04:00,12800.0,12850.0,12650.0,12800.0,47900,0.0,0.0,ACL
2021-07-02 00:00:00-04:00,12600.0,12900.0,12600.0,12700.0,59900,0.0,0.0,ACL
2021-07-06 00:00:00-04:00,12700.0,12700.0,12700.0,12700.0,0,0.0,0.0,ACL
2021-07-07 00:00:00-04:00,12700.0,12700.0,12700.0,12700.0,0,0.0,0.0,ACL
2021-07-08 00:00:00-04:00,12700.0,12700.0,12700.0,12700.0,0,0.0,0.0,ACL
2021-07-09 00:00:00-04:00,11800.0,11800.0,11550.0,11550.0,54400,0.0,0.0,ACL
2021-07-12 00:00:00-04:00,11550.0,11550.0,11550.0,11550.0,0,0.0,0.0,ACL
2021-07-13 00:00:00-04:00,11000.0,11700.0,11000.0,11500.0,12600,0.0,0.0,ACL
2021-07-14 00:00:00-04:00,11500.0,11500.0,11500.0,11500.0,0,0.0,0.0,ACL
2021-07-15 00:00:00-04:00,11350.0,11550.0,11300.0,11550.0,3900,0.0,0.0,ACL
2021-07-16 00:00:00-04:00,11550.0,11550.0,11550.0,11550.0,0,0.0,0.0,ACL
2021-07-19 00:00:00-04:00,11400.0,11400.0,10800.0,11150.0,37700,0.0,0.0,ACL
2021-07-20 00:00:00-04:00,11150.0,11300.0,11000.0,11300.0,11500,0.0,0.0,ACL
2021-07-21 00:00:00-04:00,11400.0,11500.0,11350.0,11350.0,12500,0.0,0.0,ACL
2021-07-22 00:00:00-04:00,11550.0,11700.0,11400.0,11650.0,30500,0.0,0.0,ACL
2021-07-23 00:00:00-04:00,11650.0,11700.0,11550.0,11550.0,7400,0.0,0.0,ACL
2021-07-26 00:00:00-04:00,11100.0,11500.0,11100.0,11400.0,9100,0.0,0.0,ACL
2021-07-27 00:00:00-04:00,11400.0,11600.0,11300.0,11600.0,58200,0.0,0.0,ACL
2021-07-28 00:00:00-04:00,11700.0,11800.0,11550.0,11600.0,51600,0.0,0.0,ACL
2021-07-29 00:00:00-04:00,11650.0,11700.0,11500.0,11500.0,22900,0.0,0.0,ACL
2021-07-30 00:00:00-04:00,11500.0,11600.0,11400.0,11550.0,46000,0.0,0.0,ACL
2021-08-02 00:00:00-04:00,11550.0,11550.0,11550.0,11550.0,0,0.0,0.0,ACL
2021-08-03 00:00:00-04:00,11200.0,11500.0,11200.0,11400.0,60700,0.0,0.0,ACL
2021-08-04 00:00:00-04:00,11400.0,11400.0,11400.0,11400.0,0,0.0,0.0,ACL
2021-08-05 00:00:00-04:00,11300.0,11700.0,11300.0,11600.0,48000,0.0,0.0,ACL
2021-08-06 00:00:00-04:00,11750.0,11750.0,11600.0,11600.0,82300,0.0,0.0,ACL
2021-08-09 00:00:00-04:00,11600.0,11600.0,11500.0,11600.0,64000,0.0,0.0,ACL
2021-08-10 00:00:00-04:00,11600.0,11600.0,11600.0,11600.0,0,0.0,0.0,ACL
2021-08-11 00:00:00-04:00,11850.0,12500.0,11850.0,12400.0,122200,0.0,0.0,ACL
2021-08-12 00:00:00-04:00,12400.0,12400.0,11900.0,12150.0,81500,0.0,0.0,ACL
2021-08-13 00:00:00-04:00,12100.0,12250.0,11900.0,12100.0,94600,0.0,0.0,ACL
2021-08-16 00:00:00-04:00,12350.0,12800.0,12300.0,12650.0,252600,0.0,0.0,ACL
2021-08-17 00:00:00-04:00,12650.0,12650.0,12650.0,12650.0,0,0.0,0.0,ACL
2021-08-18 00:00:00-04:00,12800.0,12900.0,12600.0,12600.0,59200,0.0,0.0,ACL
2021-08-19 00:00:00-04:00,12400.0,12900.0,12400.0,12750.0,122700,0.0,0.0,ACL
2021-08-20 00:00:00-04:00,12400.0,12900.0,12300.0,12400.0,153500,0.0,0.0,ACL
2021-08-23 00:00:00-04:00,12450.0,12450.0,11900.0,12000.0,72700,0.0,0.0,ACL
2021-08-24 00:00:00-04:00,12000.0,12000.0,11800.0,11900.0,89900,0.0,0.0,ACL
2021-08-25 00:00:00-04:00,11800.0,11900.0,11700.0,11850.0,55600,0.0,0.0,ACL
2021-08-26 00:00:00-04:00,11850.0,12200.0,11700.0,11900.0,55800,0.0,0.0,ACL
2021-08-27 00:00:00-04:00,11800.0,12100.0,11800.0,12050.0,44800,0.0,0.0,ACL
2021-08-30 00:00:00-04:00,12150.0,12850.0,12100.0,12850.0,190600,0.0,0.0,ACL
2021-08-31 00:00:00-04:00,13000.0,13100.0,12900.0,12950.0,239400,0.0,0.0,ACL
2021-09-01 00:00:00-04:00,12950.0,12950.0,12600.0,12800.0,69400,0.0,0.0,ACL
2021-09-02 00:00:00-04:00,12800.0,12800.0,12800.0,12800.0,0,0.0,0.0,ACL
2021-09-03 00:00:00-04:00,12800.0,12800.0,12800.0,12800.0,0,0.0,0.0,ACL
2021-09-07 00:00:00-04:00,13950.0,13950.0,13100.0,13250.0,204400,0.0,0.0,ACL
2021-09-08 00:00:00-04:00,13250.0,13250.0,13250.0,13250.0,0,0.0,0.0,ACL
2021-09-09 00:00:00-04:00,13000.0,13200.0,12750.0,13200.0,118700,0.0,0.0,ACL
2021-09-10 00:00:00-04:00,13500.0,13650.0,13100.0,13100.0,86200,0.0,0.0,ACL
2021-09-13 00:00:00-04:00,13100.0,13300.0,12800.0,12950.0,135500,0.0,0.0,ACL
2021-09-14 00:00:00-04:00,13000.0,13200.0,12750.0,12800.0,106100,0.0,0.0,ACL
2021-09-15 00:00:00-04:00,12650.0,13000.0,12500.0,12900.0,109800,0.0,0.0,ACL
2021-09-16 00:00:00-04:00,13100.0,13200.0,12850.0,12850.0,82900,0.0,0.0,ACL
2021-09-17 00:00:00-04:00,12850.0,13100.0,12850.0,12900.0,70500,0.0,0.0,ACL
2021-09-20 00:00:00-04:00,13000.0,13000.0,12850.0,12950.0,78200,0.0,0.0,ACL
2021-09-21 00:00:00-04:00,12950.0,12950.0,12950.0,12950.0,0,0.0,0.0,ACL
2021-09-22 00:00:00-04:00,12950.0,12950.0,12950.0,12950.0,0,0.0,0.0,ACL
2021-09-23 00:00:00-04:00,13950.0,13950.0,13500.0,13500.0,269200,0.0,0.0,ACL
2021-09-24 00:00:00-04:00,13450.0,13450.0,13100.0,13100.0,7780000,0.0,0.0,ACL
2021-09-27 00:00:00-04:00,13050.0,13100.0,12750.0,12750.0,73900,0.0,0.0,ACL
2021-09-28 00:00:00-04:00,12900.0,12900.0,12600.0,12850.0,57100,0.0,0.0,ACL
2021-09-29 00:00:00-04:00,12850.0,12850.0,12650.0,12650.0,69800,0.0,0.0,ACL
2021-09-30 00:00:00-04:00,12700.0,13000.0,12650.0,12650.0,76200,0.0,0.0,ACL
2021-10-01 00:00:00-04:00,12700.0,12900.0,12700.0,12800.0,32700,0.0,0.0,ACL
2021-10-04 00:00:00-04:00,12800.0,13300.0,12750.0,13100.0,11660000,0.0,0.0,ACL
2021-10-05 00:00:00-04:00,13200.0,13350.0,13150.0,13200.0,67800,0.0,0.0,ACL
2021-10-06 00:00:00-04:00,13200.0,13200.0,13200.0,13200.0,0,0.0,0.0,ACL
2021-10-07 00:00:00-04:00,12900.0,13200.0,12900.0,13150.0,67300,0.0,0.0,ACL
2021-10-08 00:00:00-04:00,13150.0,13150.0,13150.0,13150.0,0,0.0,0.0,ACL
2021-10-11 00:00:00-04:00,13150.0,13150.0,13150.0,13150.0,0,0.0,0.0,ACL
2021-10-12 00:00:00-04:00,13450.0,13500.0,13200.0,13300.0,75200,0.0,0.0,ACL
2021-10-13 00:00:00-04:00,13500.0,13500.0,13050.0,13300.0,73400,0.0,0.0,ACL
2021-10-14 00:00:00-04:00,13300.0,13300.0,13300.0,13300.0,0,0.0,0.0,ACL
2021-10-15 00:00:00-04:00,13000.0,13250.0,13000.0,13100.0,72200,0.0,0.0,ACL
2021-10-18 00:00:00-04:00,13100.0,13100.0,13100.0,13100.0,0,0.0,0.0,ACL
2021-10-19 00:00:00-04:00,13050.0,13050.0,12950.0,13000.0,34100,0.0,0.0,ACL
2021-10-20 00:00:00-04:00,12950.0,13100.0,12900.0,13000.0,77900,0.0,0.0,ACL
2021-10-21 00:00:00-04:00,12900.0,13500.0,12900.0,13450.0,131100,0.0,0.0,ACL
2021-10-22 00:00:00-04:00,13100.0,13600.0,13100.0,13400.0,82700,0.0,0.0,ACL
2021-10-25 00:00:00-04:00,13400.0,13400.0,13400.0,13400.0,0,0.0,0.0,ACL
2021-10-26 00:00:00-04:00,13400.0,13400.0,13400.0,13400.0,0,0.0,0.0,ACL
2021-10-27 00:00:00-04:00,13400.0,13400.0,13400.0,13400.0,0,0.0,0.0,ACL
2021-10-28 00:00:00-04:00,14600.0,15350.0,14600.0,15050.0,485000,0.0,0.0,ACL
2021-10-29 00:00:00-04:00,15100.0,15300.0,14800.0,15200.0,225200,0.0,0.0,ACL
2021-11-01 00:00:00-04:00,15200.0,15200.0,15200.0,15200.0,0,0.0,0.0,ACL
2021-11-02 00:00:00-04:00,15250.0,16000.0,15000.0,16000.0,379200,0.0,0.0,ACL
2021-11-03 00:00:00-04:00,16000.0,16200.0,14900.0,15100.0,198000,0.0,0.0,ACL
2021-11-04 00:00:00-04:00,14900.0,16150.0,14800.0,16150.0,371500,0.0,0.0,ACL
2021-11-05 00:00:00-04:00,16800.0,17250.0,16150.0,17100.0,479400,0.0,0.0,ACL
2021-11-08 00:00:00-05:00,17200.0,17600.0,16700.0,17150.0,353200,0.0,0.0,ACL
2021-11-09 00:00:00-05:00,17150.0,17150.0,16000.0,16900.0,231900,0.0,0.0,ACL
2021-11-10 00:00:00-05:00,16600.0,17200.0,16600.0,16900.0,245400,0.0,0.0,ACL
2021-11-11 00:00:00-05:00,17100.0,17300.0,16700.0,17200.0,316000,0.0,0.0,ACL
2021-11-12 00:00:00-05:00,17200.0,18400.0,16900.0,18150.0,312800,0.0,0.0,ACL
2021-11-15 00:00:00-05:00,18500.0,18500.0,17450.0,17800.0,224900,0.0,0.0,ACL
2021-11-16 00:00:00-05:00,17800.0,17800.0,17200.0,17350.0,249300,0.0,0.0,ACL
2021-11-17 00:00:00-05:00,17150.0,17700.0,16800.0,17500.0,256400,0.0,0.0,ACL
2021-11-18 00:00:00-05:00,17500.0,18000.0,17100.0,17150.0,145300,0.0,0.0,ACL
2021-11-19 00:00:00-05:00,17100.0,17100.0,16100.0,16400.0,363900,0.0,0.0,ACL
2021-11-22 00:00:00-05:00,15850.0,16700.0,15300.0,15300.0,271100,0.0,0.0,ACL
2021-11-23 00:00:00-05:00,15100.0,16200.0,15100.0,16100.0,124000,0.0,0.0,ACL
2021-11-24 00:00:00-05:00,16400.0,17200.0,16400.0,17000.0,401800,0.0,0.0,ACL
2021-11-26 00:00:00-05:00,17100.0,17150.0,16800.0,17000.0,224100,0.0,0.0,ACL
2021-11-29 00:00:00-05:00,16200.0,17000.0,16200.0,16950.0,276600,0.0,0.0,ACL
2021-11-30 00:00:00-05:00,16450.0,18000.0,16450.0,17400.0,610500,0.0,0.0,ACL
2021-12-01 00:00:00-05:00,17400.0,18200.0,17100.0,17400.0,121200,0.0,0.0,ACL
2021-12-02 00:00:00-05:00,18000.0,18000.0,17400.0,17700.0,218400,0.0,0.0,ACL
2021-12-03 00:00:00-05:00,17850.0,17850.0,16500.0,16700.0,256000,0.0,0.0,ACL
2021-12-06 00:00:00-05:00,16700.0,16700.0,15600.0,15700.0,219900,0.0,0.0,ACL
2021-12-07 00:00:00-05:00,16200.0,16500.0,15800.0,16500.0,101000,0.0,0.0,ACL
2021-12-08 00:00:00-05:00,17100.0,17100.0,16300.0,16600.0,62000,0.0,0.0,ACL
2021-12-09 00:00:00-05:00,16600.0,16900.0,16600.0,16900.0,73100,0.0,0.0,ACL
2021-12-10 00:00:00-05:00,16900.0,17100.0,16850.0,17000.0,189900,0.0,0.0,ACL
2021-12-13 00:00:00-05:00,17000.0,17500.0,17000.0,17200.0,293200,0.0,0.0,ACL
2021-12-14 00:00:00-05:00,17500.0,17500.0,17150.0,17300.0,372400,0.0,0.0,ACL
2021-12-15 00:00:00-05:00,17300.0,17400.0,17000.0,17200.0,189200,0.0,0.0,ACL
2021-12-16 00:00:00-05:00,17100.0,17300.0,17100.0,17200.0,137800,0.0,0.0,ACL
2021-12-17 00:00:00-05:00,17150.0,17400.0,17000.0,17200.0,203800,0.0,0.0,ACL
2021-12-20 00:00:00-05:00,17500.0,18400.0,17500.0,18400.0,891400,0.0,0.0,ACL
2021-12-21 00:00:00-05:00,19300.0,19300.0,18500.0,18600.0,503100,0.0,0.0,ACL
2021-12-22 00:00:00-05:00,19000.0,19500.0,18500.0,19500.0,256700,0.0,0.0,ACL
2021-12-23 00:00:00-05:00,19000.0,19000.0,17700.0,18350.0,520600,0.0,0.0,ACL
2021-12-27 00:00:00-05:00,18500.0,18900.0,18000.0,18400.0,138700,0.0,0.0,ACL
2021-12-28 00:00:00-05:00,18500.0,18500.0,18100.0,18100.0,171800,0.0,0.0,ACL
2021-12-29 00:00:00-05:00,17900.0,18300.0,16850.0,18000.0,218300,0.0,0.0,ACL
2021-12-30 00:00:00-05:00,18000.0,18000.0,17700.0,18000.0,75800,0.0,0.0,ACL
2021-12-31 00:00:00-05:00,17950.0,18450.0,17800.0,18050.0,109300,0.0,0.0,ACL
2022-01-04 00:00:00-05:00,17800.0,18150.0,17800.0,17950.0,173200,0.0,0.0,ACL
2022-01-05 00:00:00-05:00,18050.0,18900.0,17700.0,18500.0,489900,0.0,0.0,ACL
2022-01-06 00:00:00-05:00,18500.0,19600.0,18500.0,18650.0,194800,0.0,0.0,ACL
2022-01-07 00:00:00-05:00,19000.0,19000.0,18200.0,18250.0,166100,0.0,0.0,ACL
2022-01-10 00:00:00-05:00,18250.0,18600.0,17500.0,18250.0,364700,0.0,0.0,ACL
2022-01-11 00:00:00-05:00,18250.0,18700.0,18250.0,18350.0,288500,0.0,0.0,ACL
2022-01-12 00:00:00-05:00,18450.0,18450.0,17500.0,18300.0,173100,0.0,0.0,ACL
2022-01-13 00:00:00-05:00,17700.0,18450.0,17700.0,17850.0,139700,0.0,0.0,ACL
2022-01-14 00:00:00-05:00,17750.0,17900.0,17100.0,17700.0,185700,0.0,0.0,ACL
2022-01-18 00:00:00-05:00,16350.0,16900.0,16350.0,16600.0,65900,0.0,0.0,ACL
2022-01-19 00:00:00-05:00,16600.0,17000.0,16500.0,17000.0,41200,0.0,0.0,ACL
2022-01-20 00:00:00-05:00,16950.0,17300.0,16400.0,17300.0,89900,0.0,0.0,ACL
2022-01-21 00:00:00-05:00,17600.0,17600.0,16850.0,17250.0,47600,0.0,0.0,ACL
2022-01-24 00:00:00-05:00,16950.0,16950.0,16050.0,16100.0,82000,0.0,0.0,ACL
2022-01-25 00:00:00-05:00,16100.0,16350.0,15800.0,16350.0,51500,0.0,0.0,ACL
2022-01-26 00:00:00-05:00,16350.0,16400.0,16200.0,16350.0,42700,0.0,0.0,ACL
2022-01-27 00:00:00-05:00,16800.0,16800.0,16100.0,16100.0,30600,0.0,0.0,ACL
2022-01-28 00:00:00-05:00,16600.0,16600.0,16000.0,16350.0,19700,0.0,0.0,ACL
2022-01-31 00:00:00-05:00,16350.0,16350.0,16350.0,16350.0,0,0.0,0.0,ACL
2022-02-07 00:00:00-05:00,17300.0,17300.0,16000.0,16800.0,30400,0.0,0.0,ACL
2022-02-08 00:00:00-05:00,16800.0,17500.0,16700.0,17250.0,52400,0.0,0.0,ACL
2022-02-09 00:00:00-05:00,17250.0,17400.0,16800.0,17300.0,20500,0.0,0.0,ACL
2022-02-10 00:00:00-05:00,16700.0,17250.0,16700.0,16700.0,56200,0.0,0.0,ACL
2022-02-11 00:00:00-05:00,16600.0,16900.0,16600.0,16850.0,31800,0.0,0.0,ACL
2022-02-14 00:00:00-05:00,16850.0,18000.0,16850.0,17800.0,275700,0.0,0.0,ACL
2022-02-15 00:00:00-05:00,17800.0,17800.0,17800.0,17800.0,0,0.0,0.0,ACL
2022-02-16 00:00:00-05:00,17900.0,18200.0,17450.0,18050.0,131800,0.0,0.0,ACL
2022-02-17 00:00:00-05:00,17950.0,18900.0,17500.0,18650.0,378200,0.0,0.0,ACL
2022-02-18 00:00:00-05:00,19000.0,19400.0,18650.0,19300.0,452400,0.0,0.0,ACL
2022-02-22 00:00:00-05:00,19800.0,19950.0,19500.0,19700.0,224100,0.0,0.0,ACL
2022-02-23 00:00:00-05:00,19700.0,20400.0,19600.0,19800.0,290300,0.0,0.0,ACL
2022-02-24 00:00:00-05:00,19800.0,19900.0,18600.0,19150.0,263200,0.0,0.0,ACL
2022-02-25 00:00:00-05:00,19150.0,19600.0,19100.0,19150.0,92800,0.0,0.0,ACL
2022-02-28 00:00:00-05:00,19150.0,20000.0,18800.0,19800.0,228000,0.0,0.0,ACL
2022-03-01 00:00:00-05:00,19800.0,21150.0,19800.0,21150.0,310200,0.0,0.0,ACL
2022-03-02 00:00:00-05:00,22100.0,22400.0,21200.0,22100.0,389900,0.0,0.0,ACL
2003-05-02 00:00:00-04:00,0.6685223579406738,0.6685223579406738,0.6685223579406738,0.6685223579406738,44200,0.0,0.0,AGI
2003-05-05 00:00:00-04:00,0.659726083278656,0.659726083278656,0.659726083278656,0.659726083278656,27800,0.0,0.0,AGI
2003-05-06 00:00:00-04:00,0.6333368900121121,0.6949113011360168,0.6333368900121121,0.6949113011360168,70500,0.0,0.0,AGI
2003-05-07 00:00:00-04:00,0.6685223579406738,0.6685223579406738,0.6685223579406738,0.6685223579406738,0,0.0,0.0,AGI
2003-05-08 00:00:00-04:00,0.7125040322883415,0.7125040322883415,0.6861149668693542,0.6861149668693542,77600,0.0,0.0,AGI
2003-05-09 00:00:00-04:00,0.6773187443129532,0.7037078142166138,0.6773187443129532,0.7037078142166138,25800,0.0,0.0,AGI
2003-05-12 00:00:00-04:00,0.7037078142166138,0.7037078142166138,0.7037078142166138,0.7037078142166138,0,0.0,0.0,AGI
2003-05-13 00:00:00-04:00,0.6949113011360168,0.6949113011360168,0.6949113011360168,0.6949113011360168,0,0.0,0.0,AGI
2003-05-14 00:00:00-04:00,0.7300965785980225,0.7300965785980225,0.7300965785980225,0.7300965785980225,0,0.0,0.0,AGI
2003-05-15 00:00:00-04:00,0.703707688371219,0.7476894287251028,0.703707688371219,0.7213003635406494,66600,0.0,0.0,AGI
2003-05-16 00:00:00-04:00,0.7388929724693298,0.7388929724693298,0.7388929724693298,0.7388929724693298,84500,0.0,0.0,AGI
2003-05-19 00:00:00-04:00,0.7388929724693298,0.7388929724693298,0.7388929724693298,0.7388929724693298,0,0.0,0.0,AGI
2003-05-20 00:00:00-04:00,0.7388929724693298,0.7388929724693298,0.7388929724693298,0.7388929724693298,0,0.0,0.0,AGI
2003-05-21 00:00:00-04:00,0.7476893663406372,0.7476893663406372,0.7476893663406372,0.7476893663406372,0,0.0,0.0,AGI
2003-05-22 00:00:00-04:00,0.7476893663406372,0.7476893663406372,0.7476893663406372,0.7476893663406372,0,0.0,0.0,AGI
2003-05-23 00:00:00-04:00,0.7300965785980225,0.7300965785980225,0.7300965785980225,0.7300965785980225,43700,0.0,0.0,AGI
2003-05-27 00:00:00-04:00,0.7213003635406494,0.7213003635406494,0.7213003635406494,0.7213003635406494,0,0.0,0.0,AGI
2003-05-28 00:00:00-04:00,0.7125040292739868,0.7125040292739868,0.7125040292739868,0.7125040292739868,0,0.0,0.0,AGI
2003-05-29 00:00:00-04:00,0.7125040292739868,0.7125040292739868,0.7125040292739868,0.7125040292739868,0,0.0,0.0,AGI
2003-05-30 00:00:00-04:00,0.6773185133934021,0.6773185133934021,0.6773185133934021,0.6773185133934021,0,0.0,0.0,AGI
2003-06-02 00:00:00-04:00,0.6949113011360168,0.6949113011360168,0.6949113011360168,0.6949113011360168,0,0.0,0.0,AGI
2003-06-03 00:00:00-04:00,0.6949113011360168,0.6949113011360168,0.6949113011360168,0.6949113011360168,0,0.0,0.0,AGI
2003-06-04 00:00:00-04:00,0.6861149668693542,0.6861149668693542,0.6861149668693542,0.6861149668693542,0,0.0,0.0,AGI
2003-06-05 00:00:00-04:00,0.659726083278656,0.659726083278656,0.659726083278656,0.659726083278656,0,0.0,0.0,AGI
2003-06-06 00:00:00-04:00,0.580558763215987,0.6773185133934021,0.580558763215987,0.6773185133934021,21600,0.0,0.0,AGI
2003-06-09 00:00:00-04:00,0.6773185133934021,0.6773185133934021,0.6773185133934021,0.6773185133934021,0,0.0,0.0,AGI
2003-06-10 00:00:00-04:00,0.7037078142166138,0.7037078142166138,0.7037078142166138,0.7037078142166138,20000,0.0,0.0,AGI
2003-06-11 00:00:00-04:00,0.7037078142166138,0.7037078142166138,0.7037078142166138,0.7037078142166138,50000,0.0,0.0,AGI
2003-06-12 00:00:00-04:00,0.7388929724693298,0.7388929724693298,0.7388929724693298,0.7388929724693298,0,0.0,0.0,AGI
2003-06-13 00:00:00-04:00,0.7388929724693298,0.7388929724693298,0.7388929724693298,0.7388929724693298,0,0.0,0.0,AGI
2003-06-16 00:00:00-04:00,0.7564857602119446,0.7564857602119446,0.7564857602119446,0.7564857602119446,0,0.0,0.0,AGI
2003-06-17 00:00:00-04:00,0.7476894353702218,0.7476894353702218,0.6861149668693542,0.6861149668693542,39800,0.0,0.0,AGI
2003-06-18 00:00:00-04:00,0.7564857602119446,0.7564857602119446,0.7564857602119446,0.7564857602119446,0,0.0,0.0,AGI
2003-06-19 00:00:00-04:00,0.765282154083252,0.765282154083252,0.765282154083252,0.765282154083252,12200,0.0,0.0,AGI
2003-06-20 00:00:00-04:00,0.8268565535545349,0.8268565535545349,0.8268565535545349,0.8268565535545349,0,0.0,0.0,AGI
2003-06-23 00:00:00-04:00,0.8268565535545349,0.8268565535545349,0.8268565535545349,0.8268565535545349,0,0.0,0.0,AGI
2003-06-24 00:00:00-04:00,0.7476893663406372,0.7476893663406372,0.7476893663406372,0.7476893663406372,18200,0.0,0.0,AGI
2003-06-25 00:00:00-04:00,0.7300965785980225,0.7300965785980225,0.7300965785980225,0.7300965785980225,0,0.0,0.0,AGI
2003-06-26 00:00:00-04:00,0.7300965785980225,0.7300965785980225,0.7300965785980225,0.7300965785980225,0,0.0,0.0,AGI
2003-06-27 00:00:00-04:00,0.6949113507865037,0.7213003635406494,0.6949113507865037,0.7213003635406494,43200,0.0,0.0,AGI
2003-06-30 00:00:00-04:00,0.7037078142166138,0.7037078142166138,0.7037078142166138,0.7037078142166138,0,0.0,0.0,AGI
2003-07-01 00:00:00-04:00,0.7037078142166138,0.7037078142166138,0.7037078142166138,0.7037078142166138,0,0.0,0.0,AGI
2003-07-02 00:00:00-04:00,0.7125040292739868,0.7125040292739868,0.7125040292739868,0.7125040292739868,12100,0.0,0.0,AGI
2003-07-03 00:00:00-04:00,0.7125040292739868,0.7125040292739868,0.7125040292739868,0.7125040292739868,0,0.0,0.0,AGI
2003-07-07 00:00:00-04:00,0.6773185133934021,0.6773185133934021,0.6773185133934021,0.6773185133934021,1000,0.0,0.0,AGI
2003-07-08 00:00:00-04:00,0.6773185133934021,0.6773185133934021,0.6773185133934021,0.6773185133934021,0,0.0,0.0,AGI
2003-07-09 00:00:00-04:00,0.7388930452770206,0.7388930452770206,0.6861149668693542,0.6861149668693542,26200,0.0,0.0,AGI
2003-07-10 00:00:00-04:00,0.6861149668693542,0.6861149668693542,0.6861149668693542,0.6861149668693542,0,0.0,0.0,AGI
2003-07-11 00:00:00-04:00,0.7125039104590162,0.7125039104590162,0.6773185133934021,0.6773185133934021,86800,0.0,0.0,AGI
2003-07-14 00:00:00-04:00,0.6773185133934021,0.6773185133934021,0.6773185133934021,0.6773185133934021,0,0.0,0.0,AGI
2003-07-15 00:00:00-04:00,0.6773186292064612,0.6949113569625555,0.6773186292064612,0.6861149668693542,24200,0.0,0.0,AGI
2003-07-16 00:00:00-04:00,0.6509295049169159,0.6861148495522308,0.6509295049169159,0.6773185133934021,67300,0.0,0.0,AGI
2003-07-17 00:00:00-04:00,0.6685223579406738,0.6861150350137505,0.6685223579406738,0.6685223579406738,82100,0.0,0.0,AGI
2003-07-18 00:00:00-04:00,0.6773185133934021,0.6773185133934021,0.6773185133934021,0.6773185133934021,0,0.0,0.0,AGI
2003-07-21 00:00:00-04:00,0.6685223579406738,0.6685223579406738,0.6685223579406738,0.6685223579406738,0,0.0,0.0,AGI
2003-07-22 00:00:00-04:00,0.7037078142166138,0.7037078142166138,0.7037078142166138,0.7037078142166138,0,0.0,0.0,AGI
2003-07-23 00:00:00-04:00,0.7476893616957685,0.7476893616957685,0.7388929724693298,0.7388929724693298,223000,0.0,0.0,AGI
2003-07-24 00:00:00-04:00,0.7564857602119446,0.7564857602119446,0.7564857602119446,0.7564857602119446,161200,0.0,0.0,AGI
2003-07-25 00:00:00-04:00,0.7740784883499146,0.7740784883499146,0.7740784883499146,0.7740784883499146,0,0.0,0.0,AGI
2003-07-28 00:00:00-04:00,0.8092637658119202,0.8092637658119202,0.8092637658119202,0.8092637658119202,73000,0.0,0.0,AGI
2003-07-29 00:00:00-04:00,0.8620420098304749,0.8620420098304749,0.8620420098304749,0.8620420098304749,0,0.0,0.0,AGI
2003-07-30 00:00:00-04:00,0.8268565535545349,0.8268565535545349,0.8268565535545349,0.8268565535545349,0,0.0,0.0,AGI
2003-07-31 00:00:00-04:00,0.8268565535545349,0.8268565535545349,0.8268565535545349,0.8268565535545349,0,0.0,0.0,AGI
2003-08-01 00:00:00-04:00,0.8532456198284583,0.8532456198284583,0.8268565535545349,0.8268565535545349,56700,0.0,0.0,AGI
2003-08-04 00:00:00-04:00,0.8268565535545349,0.8268565535545349,0.8268565535545349,0.8268565535545349,0,0.0,0.0,AGI
2003-08-05 00:00:00-04:00,0.8356530070304871,0.8356530070304871,0.8356530070304871,0.8356530070304871,0,0.0,0.0,AGI
2003-08-06 00:00:00-04:00,0.8356530070304871,0.8356530070304871,0.8356530070304871,0.8356530070304871,0,0.0,0.0,AGI
2003-08-07 00:00:00-04:00,0.941209077835083,0.941209077835083,0.941209077835083,0.941209077835083,0,0.0,0.0,AGI
2003-08-08 00:00:00-04:00,0.9500052819036297,1.002783300690197,0.9500052819036297,0.993986964225769,62400,0.0,0.0,AGI
2003-08-11 00:00:00-04:00,0.9851909717789311,1.0379690089949944,0.9851909717789311,1.011579990386963,12700,0.0,0.0,AGI
2003-08-12 00:00:00-04:00,0.9763945937156677,0.9763945937156677,0.9763945937156677,0.9763945937156677,0,0.0,0.0,AGI
2003-08-13 00:00:00-04:00,0.9763944783896621,0.9763944783896621,0.9675981402397156,0.9675981402397156,3200,0.0,0.0,AGI
2003-08-14 00:00:00-04:00,1.073154091835022,1.073154091835022,1.073154091835022,1.073154091835022,0,0.0,0.0,AGI
2003-08-15 00:00:00-04:00,1.073154091835022,1.073154091835022,1.073154091835022,1.073154091835022,0,0.0,0.0,AGI
2003-08-18 00:00:00-04:00,0.9412091269855187,0.9412091269855187,0.9324126839637756,0.9324126839637756,11500,0.0,0.0,AGI
2003-08-19 00:00:00-04:00,0.9324126839637756,0.9324126839637756,0.9324126839637756,0.9324126839637756,13600,0.0,0.0,AGI
2003-08-20 00:00:00-04:00,0.9851908165396086,0.9851908165396086,0.9675981402397156,0.9675981402397156,48400,0.0,0.0,AGI
2003-08-21 00:00:00-04:00,0.8884309992927536,0.9675981481501086,0.8884309992927536,0.9500054717063904,8700,0.0,0.0,AGI
2003-08-22 00:00:00-04:00,0.9763945937156677,0.9763945937156677,0.9763945937156677,0.9763945937156677,0,0.0,0.0,AGI
2003-08-25 00:00:00-04:00,0.8796344884070664,0.976394294715116,0.8796344884070664,0.9236161708831787,28200,0.0,0.0,AGI
2003-08-26 00:00:00-04:00,1.020376443862915,1.020376443862915,1.020376443862915,1.020376443862915,24600,0.0,0.0,AGI
2003-08-27 00:00:00-04:00,1.037968635559082,1.037968635559082,1.037968635559082,1.037968635559082,0,0.0,0.0,AGI
2003-08-28 00:00:00-04:00,1.037969124899416,1.037969124899416,1.020376443862915,1.020376443862915,21500,0.0,0.0,AGI
2003-08-29 00:00:00-04:00,1.011579634937581,1.011579634937581,1.0027832984924316,1.0027832984924316,47300,0.0,0.0,AGI
2003-09-02 00:00:00-04:00,0.9763945937156677,0.9763945937156677,0.9763945937156677,0.9763945937156677,0,0.0,0.0,AGI
2003-09-03 00:00:00-04:00,1.0379690089949944,1.0379690089949944,0.932412829702229,1.011579990386963,93100,0.0,0.0,AGI
2003-09-04 00:00:00-04:00,1.020376443862915,1.020376443862915,1.020376443862915,1.020376443862915,0,0.0,0.0,AGI
2003-09-05 00:00:00-04:00,1.0027832984924316,1.0027832984924316,1.0027832984924316,1.0027832984924316,0,0.0,0.0,AGI
2003-09-08 00:00:00-04:00,1.0555613040924072,1.0555613040924072,1.0555613040924072,1.0555613040924072,0,0.0,0.0,AGI
2003-09-09 00:00:00-04:00,1.1787104606628418,1.1787104606628418,1.1787104606628418,1.1787104606628418,0,0.0,0.0,AGI
2003-09-10 00:00:00-04:00,1.1963033814925468,1.1963033814925468,1.1523215770721436,1.1523215770721436,48400,0.0,0.0,AGI
2003-09-11 00:00:00-04:00,1.1787105846103583,1.1787105846103583,1.1435251235961914,1.1435251235961914,58700,0.0,0.0,AGI
2003-09-12 00:00:00-04:00,1.117136001586914,1.117136001586914,1.117136001586914,1.117136001586914,0,0.0,0.0,AGI
2003-09-15 00:00:00-04:00,1.1435251235961914,1.1435251235961914,1.1435251235961914,1.1435251235961914,10000,0.0,0.0,AGI
2003-09-16 00:00:00-04:00,1.0467654466629028,1.0467654466629028,1.0467654466629028,1.0467654466629028,0,0.0,0.0,AGI
2003-09-17 00:00:00-04:00,0.9851909717789311,1.0731544719996755,0.9851909717789311,1.011579990386963,25700,0.0,0.0,AGI
2003-09-18 00:00:00-04:00,1.0467650825752923,1.1083394375146616,1.0467650825752923,1.073154091835022,35100,0.0,0.0,AGI
2003-09-19 00:00:00-04:00,1.0995432138442993,1.0995432138442993,1.0995432138442993,1.0995432138442993,0,0.0,0.0,AGI
2003-09-22 00:00:00-04:00,1.1611180305480957,1.1611180305480957,1.0907472058643601,1.1611180305480957,25200,0.0,0.0,AGI
2003-09-23 00:00:00-04:00,1.0995432138442993,1.0995432138442993,1.0995432138442993,1.0995432138442993,0,0.0,0.0,AGI
2003-09-24 00:00:00-04:00,1.2930630445480347,1.2930630445480347,1.2930630445480347,1.2930630445480347,0,0.0,0.0,AGI
2003-09-25 00:00:00-04:00,1.134728647385223,1.266673926731931,1.134728647385223,1.2226921319961548,19900,0.0,0.0,AGI
2003-09-26 00:00:00-04:00,1.1787107016686427,1.1787107016686427,1.1523215770721436,1.1523215770721436,21700,0.0,0.0,AGI
2003-09-29 00:00:00-04:00,1.117136001586914,1.117136001586914,1.117136001586914,1.117136001586914,0,0.0,0.0,AGI
2003-09-30 00:00:00-04:00,1.2138957977294922,1.2138957977294922,1.2138957977294922,1.2138957977294922,0,0.0,0.0,AGI
2003-10-01 00:00:00-04:00,1.1787104606628418,1.1787104606628418,1.1787104606628418,1.1787104606628418,0,0.0,0.0,AGI
2003-10-02 00:00:00-04:00,1.3018592596054077,1.3018592596054077,1.3018592596054077,1.3018592596054077,0,0.0,0.0,AGI
2003-10-03 00:00:00-04:00,1.3370449156752244,1.3370449156752244,1.1875070333480835,1.1875070333480835,31100,0.0,0.0,AGI
2003-10-06 00:00:00-04:00,1.1787104606628418,1.1963031368896477,1.1787104606628418,1.1787104606628418,8100,0.0,0.0,AGI
2003-10-07 00:00:00-04:00,1.3018592596054077,1.3018592596054077,1.3018592596054077,1.3018592596054077,81000,0.0,0.0,AGI
2003-10-08 00:00:00-04:00,1.3018592596054077,1.3018592596054077,1.3018592596054077,1.3018592596054077,0,0.0,0.0,AGI
2003-10-09 00:00:00-04:00,1.2666740417480469,1.2666740417480469,1.2666740417480469,1.2666740417480469,0,0.0,0.0,AGI
2003-10-10 00:00:00-04:00,1.2138957977294922,1.2138957977294922,1.2138957977294922,1.2138957977294922,0,0.0,0.0,AGI
2003-10-13 00:00:00-04:00,1.2138957977294922,1.2138957977294922,1.2138957977294922,1.2138957977294922,0,0.0,0.0,AGI
2003-10-14 00:00:00-04:00,1.3018592596054077,1.3018592596054077,1.3018592596054077,1.3018592596054077,0,0.0,0.0,AGI
2003-10-15 00:00:00-04:00,1.3018595155294888,1.3018595155294888,1.2490813732147217,1.2490813732147217,15700,0.0,0.0,AGI
2003-10-16 00:00:00-04:00,1.2226923650298653,1.3194522060573477,1.2226923650298653,1.2314887046813965,61400,0.0,0.0,AGI
2003-10-17 00:00:00-04:00,1.2666740417480469,1.2930630580693072,1.2666740417480469,1.2666740417480469,15300,0.0,0.0,AGI
2003-10-20 00:00:00-04:00,0.0,1.2754703760147095,1.2666740372720395,1.2754703760147095,4100,0.0,0.0,AGI
2003-10-21 00:00:00-04:00,0.0,1.468989610671997,1.231488307046167,1.468989610671997,10000,0.0,0.0,AGI
2003-10-22 00:00:00-04:00,1.5041751861572266,1.5217678612228245,1.468989731165416,1.5041751861572266,32100,0.0,0.0,AGI
2003-10-23 00:00:00-04:00,0.0,1.5129715303382556,1.442600724906029,1.4865825176239014,12600,0.0,0.0,AGI
2003-10-24 00:00:00-04:00,0.0,1.5217680931091309,1.4426009383898717,1.5217680931091309,4800,0.0,0.0,AGI
2003-10-27 00:00:00-05:00,0.0,1.6009348586137446,1.5481567333452932,1.5657494068145752,5300,0.0,0.0,AGI
2003-10-28 00:00:00-05:00,0.0,1.6713060560112354,1.574546217918396,1.574546217918396,12200,0.0,0.0,AGI
2003-10-29 00:00:00-05:00,0.0,1.750472903251648,1.6273240689601525,1.750472903251648,11200,0.0,0.0,AGI
2003-10-30 00:00:00-05:00,0.0,1.8032511613023947,1.7064914329177352,1.7768621444702148,8900,0.0,0.0,AGI
2003-10-31 00:00:00-05:00,1.961585283279419,1.987974297572534,1.9176035927908934,1.961585283279419,9500,0.0,0.0,AGI
2003-11-03 00:00:00-05:00,0.0,1.750472903251648,1.750472903251648,1.750472903251648,2000,0.0,0.0,AGI
2003-11-04 00:00:00-05:00,1.79445481300354,1.8736220728086306,1.7592694574107275,1.79445481300354,119100,0.0,0.0,AGI
2003-11-05 00:00:00-05:00,0.0,1.7592692556315384,1.6713057718778377,1.7152875661849976,16300,0.0,0.0,AGI
2003-11-06 00:00:00-05:00,1.627323865890503,1.7152873379392932,1.6185275291716845,1.627323865890503,11500,0.0,0.0,AGI
2003-11-07 00:00:00-05:00,0.0,1.8120470187396336,1.7328799892797804,1.7592689990997314,8900,0.0,0.0,AGI
2003-11-10 00:00:00-05:00,0.0,1.79445481300354,1.79445481300354,1.79445481300354,15000,0.0,0.0,AGI
2003-11-11 00:00:00-05:00,0.0,1.7592692634486844,1.6625094413757324,1.6625094413757324,5100,0.0,0.0,AGI
2003-11-12 00:00:00-05:00,1.627323865890503,1.7240836746581119,1.5569530672793497,1.627323865890503,15500,0.0,0.0,AGI
2003-11-13 00:00:00-05:00,1.627323865890503,1.627323865890503,1.627323865890503,1.627323865890503,0,0.0,0.0,AGI
2003-11-14 00:00:00-05:00,1.6361204385757446,1.6361204385757446,1.6361204385757446,1.6361204385757446,2000,0.0,0.0,AGI
2003-11-17 00:00:00-05:00,0.0,1.6625098548479091,1.5041756278979088,1.5569536685943604,12300,0.0,0.0,AGI
2003-11-18 00:00:00-05:00,1.5569536685943604,1.5569536685943604,1.5569536685943604,1.5569536685943604,0,0.0,0.0,AGI
2003-11-19 00:00:00-05:00,1.6713060140609741,1.7064914755774285,1.6097316399132886,1.6713060140609741,10700,0.0,0.0,AGI
2003-11-20 00:00:00-05:00,0.0,1.5393606424331665,1.5393606424331665,1.5393606424331665,400,0.0,0.0,AGI
2003-11-21 00:00:00-05:00,1.7592689990997314,1.7592689990997314,1.72408365267313,1.7592689990997314,3800,0.0,0.0,AGI
2003-11-24 00:00:00-05:00,1.8120471239089966,1.8384361352605387,1.7328800898543695,1.8120471239089966,23000,0.0,0.0,AGI
2003-11-25 00:00:00-05:00,1.882418155670166,1.90880716877548,1.882418155670166,1.882418155670166,6100,0.0,0.0,AGI
2003-11-26 00:00:00-05:00,1.908807396888733,1.970381768159617,1.891214719382766,1.908807396888733,6700,0.0,0.0,AGI
2003-11-28 00:00:00-05:00,1.9351962804794312,1.9351962804794312,1.9351962804794312,1.9351962804794312,2900,0.0,0.0,AGI
2003-12-01 00:00:00-05:00,1.768065094947815,1.873621329575166,1.0115795157627883,1.768065094947815,101100,0.0,0.0,AGI
2003-12-02 00:00:00-05:00,0.0,1.6888985633850098,1.6888985633850098,1.6888985633850098,6700,0.0,0.0,AGI
2003-12-03 00:00:00-05:00,0.0,1.9791779737433655,1.7856583244774649,1.8648253679275513,14800,0.0,0.0,AGI
2003-12-04 00:00:00-05:00,1.7592689990997314,1.820843355346284,1.7592689990997314,1.7592689990997314,27200,0.0,0.0,AGI
2003-12-05 00:00:00-05:00,1.8120471239089966,1.8120471239089966,1.8120471239089966,1.8120471239089966,3100,0.0,0.0,AGI
2003-12-08 00:00:00-05:00,0.0,1.7856581211090088,1.7856581211090088,1.7856581211090088,4400,0.0,0.0,AGI
2003-12-09 00:00:00-05:00,0.0,1.724084022213878,1.6888985633850098,1.6888985633850098,2700,0.0,0.0,AGI
2003-12-10 00:00:00-05:00,1.4777859449386597,1.6361202169903126,1.4777859449386597,1.4777859449386597,35800,0.0,0.0,AGI
2003-12-11 00:00:00-05:00,0.0,1.407415276184491,1.3722298234989683,1.3898226022720337,29100,0.0,0.0,AGI
2003-12-12 00:00:00-05:00,1.8912142515182495,1.8912142515182495,1.6976945322452648,1.8912142515182495,25000,0.0,0.0,AGI
2003-12-15 00:00:00-05:00,1.768065094947815,1.8296394428097487,1.7064907470858812,1.768065094947815,26300,0.0,0.0,AGI
2003-12-16 00:00:00-05:00,1.6449166536331177,1.6801020029534157,1.6273239789729685,1.6449166536331177,27600,0.0,0.0,AGI
2003-12-17 00:00:00-05:00,0.0,1.688898455160914,1.5745459572311742,1.6625094413757324,25000,0.0,0.0,AGI
2003-12-18 00:00:00-05:00,0.0,1.688898734780727,1.574546217918396,1.574546217918396,3400,0.0,0.0,AGI
2003-12-19 00:00:00-05:00,0.0,1.6009346114330798,1.5217674881839292,1.5921381711959839,15800,0.0,0.0,AGI
2003-12-22 00:00:00-05:00,1.6449166536331177,1.6449166536331177,1.6449166536331177,1.6449166536331177,1300,0.0,0.0,AGI
2003-12-23 00:00:00-05:00,0.0,1.6185280197027614,1.539360860379413,1.574546217918396,14300,0.0,0.0,AGI
2003-12-24 00:00:00-05:00,1.574546217918396,1.574546217918396,1.574546217918396,1.574546217918396,0,0.0,0.0,AGI
2003-12-26 00:00:00-05:00,1.574546217918396,1.574546217918396,1.574546217918396,1.574546217918396,0,0.0,0.0,AGI
2003-12-29 00:00:00-05:00,1.6713060140609741,1.6888986923888842,1.653713335733064,1.6713060140609741,11000,0.0,0.0,AGI
2003-12-30 00:00:00-05:00,1.8472323417663574,1.8912142339636746,1.7680653133093551,1.8472323417663574,8300,0.0,0.0,AGI
2003-12-31 00:00:00-05:00,1.820844054222107,1.820844054222107,1.820844054222107,1.820844054222107,500,0.0,0.0,AGI
2004-01-02 00:00:00-05:00,0.0,1.7856581211090088,1.7856581211090088,1.7856581211090088,1500,0.0,0.0,AGI
2004-01-05 00:00:00-05:00,0.0,1.8736215609732296,1.7504726403189104,1.8472323417663574,51000,0.0,0.0,AGI
2004-01-06 00:00:00-05:00,1.8736215829849243,1.9176032659777424,1.7504726608838257,1.8736215829849243,61700,0.0,0.0,AGI
2004-01-07 00:00:00-05:00,0.0,1.8384361440648485,1.7856581211090088,1.7856581211090088,23600,0.0,0.0,AGI
2004-01-08 00:00:00-05:00,0.0,1.8472323417663574,1.8296396687759124,1.8472323417663574,24900,0.0,0.0,AGI
2004-01-09 00:00:00-05:00,0.0,1.9000109434127808,1.8296400279166618,1.9000109434127808,47400,0.0,0.0,AGI
2004-01-12 00:00:00-05:00,2.023159980773926,2.023159980773926,2.023159980773926,2.023159980773926,900,0.0,0.0,AGI
2004-01-13 00:00:00-05:00,1.987973928451538,2.049548283702533,1.9439922461293988,1.987973928451538,21700,0.0,0.0,AGI
2004-01-14 00:00:00-05:00,1.9791778326034546,2.023159520272619,1.9791778326034546,1.9791778326034546,18400,0.0,0.0,AGI
2004-01-15 00:00:00-05:00,0.0,1.9351962829377618,1.812047338960827,1.8648253679275513,9900,0.0,0.0,AGI
2004-01-16 00:00:00-05:00,1.961585283279419,1.961585283279419,1.9088072546931885,1.961585283279419,400,0.0,0.0,AGI
2004-01-20 00:00:00-05:00,0.0,1.961585283279419,1.8384363401903048,1.961585283279419,5800,0.0,0.0,AGI
2004-01-21 00:00:00-05:00,1.987973928451538,1.996770264915966,1.9439922461293988,1.987973928451538,6700,0.0,0.0,AGI
2004-01-22 00:00:00-05:00,0.0,2.014362335205078,1.987973333706631,2.014362335205078,5100,0.0,0.0,AGI
2004-01-23 00:00:00-05:00,1.908807396888733,1.908807396888733,1.908807396888733,1.908807396888733,5000,0.0,0.0,AGI
2004-01-26 00:00:00-05:00,0.0,1.9615854112989495,1.8560291375162952,1.9439927339553833,5300,0.0,0.0,AGI
2004-01-27 00:00:00-05:00,1.8736215829849243,1.908806929379179,1.8736215829849243,1.8736215829849243,4300,0.0,0.0,AGI
2004-01-28 00:00:00-05:00,0.0,1.9263993501663208,1.7944541087550243,1.9263993501663208,20300,0.0,0.0,AGI
2004-01-29 00:00:00-05:00,1.6888985633850098,1.8120474071344832,1.6888985633850098,1.6888985633850098,9500,0.0,0.0,AGI
2004-01-30 00:00:00-05:00,0.0,1.820844054222107,1.7856586942906711,1.820844054222107,5800,0.0,0.0,AGI
2004-02-02 00:00:00-05:00,1.820844054222107,1.820844054222107,1.820844054222107,1.820844054222107,0,0.0,0.0,AGI
2004-02-03 00:00:00-05:00,1.79445481300354,1.8032511519017433,1.79445481300354,1.79445481300354,6000,0.0,0.0,AGI
2004-02-04 00:00:00-05:00,1.7328799962997437,1.7328799962997437,1.7328799962997437,1.7328799962997437,1900,0.0,0.0,AGI
2004-02-05 00:00:00-05:00,1.7416760921478271,1.7416760921478271,1.7416760921478271,1.7416760921478271,5000,0.0,0.0,AGI
2004-02-06 00:00:00-05:00,0.0,1.8736215829849243,1.8384360268694624,1.8736215829849243,9500,0.0,0.0,AGI
2004-02-09 00:00:00-05:00,0.0,1.9000105927806152,1.7592689974823894,1.8736215829849243,48200,0.0,0.0,AGI
2004-02-10 00:00:00-05:00,1.803251028060913,1.8120473663550152,1.803251028060913,1.803251028060913,40000,0.0,0.0,AGI
2004-02-11 00:00:00-05:00,0.0,1.9000109434127808,1.8120473514729436,1.9000109434127808,13200,0.0,0.0,AGI
2004-02-12 00:00:00-05:00,0.0,1.9000109302932788,1.8384363534441892,1.8648253679275513,10800,0.0,0.0,AGI
2004-02-13 00:00:00-05:00,1.8648253679275513,1.8648253679275513,1.8648253679275513,1.8648253679275513,0,0.0,0.0,AGI
2004-02-17 00:00:00-05:00,1.9000109434127808,1.9000109434127808,1.8648253808040982,1.9000109434127808,13000,0.0,0.0,AGI
2004-02-18 00:00:00-05:00,1.9351962804794312,1.9351962804794312,1.8560290274086684,1.9351962804794312,11400,0.0,0.0,AGI
2004-02-19 00:00:00-05:00,1.8296396732330322,1.891214238570794,1.8296396732330322,1.8296396732330322,5200,0.0,0.0,AGI
2004-02-20 00:00:00-05:00,0.0,1.8384362814165605,1.7240838898021742,1.750472903251648,11200,0.0,0.0,AGI
2004-02-23 00:00:00-05:00,1.7064911127090454,1.7680654737635546,1.6801019959679295,1.7064911127090454,5300,0.0,0.0,AGI
2004-02-24 00:00:00-05:00,1.79445481300354,1.8032511519017433,1.79445481300354,1.79445481300354,4200,0.0,0.0,AGI
2004-02-25 00:00:00-05:00,0.0,1.7768620487438038,1.688898559181505,1.6976948976516724,19300,0.0,0.0,AGI
2004-02-26 00:00:00-05:00,1.680101990699768,1.7592691309536537,1.680101990699768,1.680101990699768,11200,0.0,0.0,AGI
2004-02-27 00:00:00-05:00,0.0,1.7592690062265977,1.6537128616585777,1.7328799962997437,8500,0.0,0.0,AGI
2004-03-01 00:00:00-05:00,1.7592689990997314,1.7592689990997314,1.7328799892797804,1.7592689990997314,6700,0.0,0.0,AGI
2004-03-02 00:00:00-05:00,0.0,1.7328799962997437,1.7328799962997437,1.7328799962997437,800,0.0,0.0,AGI
2004-03-03 00:00:00-05:00,0.0,1.7416760921478271,1.7416760921478271,1.7416760921478271,4600,0.0,0.0,AGI
2004-03-04 00:00:00-05:00,1.7592689990997314,1.7592689990997314,1.7592689990997314,1.7592689990997314,2900,0.0,0.0,AGI
2004-03-05 00:00:00-05:00,0.0,1.8120471239089966,1.7856581125574542,1.8120471239089966,6300,0.0,0.0,AGI
2004-03-08 00:00:00-05:00,1.8736215829849243,1.9263996025763062,1.7680653340809531,1.8736215829849243,28100,0.0,0.0,AGI
2004-03-09 00:00:00-05:00,1.8912142515182495,1.9176032612488643,1.864825032066428,1.8912142515182495,21400,0.0,0.0,AGI
2004-03-10 00:00:00-05:00,1.8560292720794678,1.8912148390388306,1.8560292720794678,1.8560292720794678,9700,0.0,0.0,AGI
2004-03-11 00:00:00-05:00,0.0,1.803251028060913,1.7328803217080964,1.803251028060913,9900,0.0,0.0,AGI
2004-03-12 00:00:00-05:00,1.8120471239089966,1.8120471239089966,1.7240837527371888,1.8120471239089966,5000,0.0,0.0,AGI
2004-03-15 00:00:00-05:00,0.0,1.829639798143358,1.8120471239089966,1.8120471239089966,7500,0.0,0.0,AGI
2004-03-16 00:00:00-05:00,1.7328799962997437,1.776861679511167,1.7328799962997437,1.7328799962997437,27200,0.0,0.0,AGI
2004-03-17 00:00:00-05:00,0.0,1.7416765798529221,1.6625094339885294,1.7152875661849976,16200,0.0,0.0,AGI
2004-03-18 00:00:00-05:00,0.0,1.803250795427622,1.7152874238345557,1.7856581211090088,28800,0.0,0.0,AGI
2004-03-19 00:00:00-05:00,1.8648253679275513,1.8648253679275513,1.7592693099941026,1.8648253679275513,36600,0.0,0.0,AGI
2004-03-22 00:00:00-05:00,0.0,1.9264000743946996,1.8560291546495735,1.908807396888733,15800,0.0,0.0,AGI
2004-03-23 00:00:00-05:00,1.8296396732330322,1.9088069116040958,1.8208433367163814,1.8296396732330322,25700,0.0,0.0,AGI
2004-03-24 00:00:00-05:00,1.820844054222107,1.8648257541364017,1.820844054222107,1.820844054222107,15400,0.0,0.0,AGI
2004-03-25 00:00:00-05:00,1.8472323417663574,1.8472323417663574,1.8296396687759124,1.8472323417663574,9400,0.0,0.0,AGI
2004-03-26 00:00:00-05:00,1.9351962804794312,1.9439926186293777,1.9351962804794312,1.9351962804794312,16400,0.0,0.0,AGI
2004-03-29 00:00:00-05:00,1.908807396888733,1.970381768159617,1.891214719382766,1.908807396888733,6600,0.0,0.0,AGI
2004-03-30 00:00:00-05:00,0.0,1.9088069069541196,1.8472323417663574,1.8472323417663574,11700,0.0,0.0,AGI
2004-03-31 00:00:00-05:00,1.908807396888733,1.908807396888733,1.908807396888733,1.908807396888733,6400,0.0,0.0,AGI
2004-04-01 00:00:00-05:00,0.0,1.9264000743946996,1.908807396888733,1.908807396888733,18200,0.0,0.0,AGI
2004-04-02 00:00:00-05:00,0.0,1.8384363812373217,1.803251028060913,1.803251028060913,2800,0.0,0.0,AGI
2004-04-05 00:00:00-04:00,0.0,1.8560292720794678,1.7504732003651953,1.8560292720794678,3200,0.0,0.0,AGI
2004-04-06 00:00:00-04:00,0.0,1.908807396888733,1.8824183806297825,1.908807396888733,4800,0.0,0.0,AGI
2004-04-07 00:00:00-04:00,1.8560292720794678,1.8560292720794678,1.8560292720794678,1.8560292720794678,7000,0.0,0.0,AGI
2004-04-08 00:00:00-04:00,1.8560292720794678,1.8560292720794678,1.8560292720794678,1.8560292720794678,0,0.0,0.0,AGI
2004-04-12 00:00:00-04:00,0.0,1.847232481224155,1.7856581211090088,1.7856581211090088,9800,0.0,0.0,AGI
2004-04-13 00:00:00-04:00,0.0,1.803251028060913,1.7416766600021985,1.803251028060913,6200,0.0,0.0,AGI
2004-04-14 00:00:00-04:00,0.0,1.79445481300354,1.732880440716118,1.79445481300354,24700,0.0,0.0,AGI
2004-04-15 00:00:00-04:00,0.0,1.7856581211090088,1.680101970336719,1.7856581211090088,4000,0.0,0.0,AGI
2004-04-16 00:00:00-04:00,0.0,1.7152875661849976,1.7152875661849976,1.7152875661849976,5700,0.0,0.0,AGI
2004-04-19 00:00:00-04:00,0.0,1.7328799962997437,1.7152873230151744,1.7328799962997437,5500,0.0,0.0,AGI
2004-04-20 00:00:00-04:00,1.680101990699768,1.715287444624057,1.6449166416360907,1.680101990699768,14800,0.0,0.0,AGI
2004-04-21 00:00:00-04:00,0.0,1.548156976699829,1.548156976699829,1.548156976699829,3000,0.0,0.0,AGI
2004-04-22 00:00:00-04:00,0.0,1.574546217918396,1.574546217918396,1.574546217918396,1500,0.0,0.0,AGI
2004-04-23 00:00:00-04:00,1.5657494068145752,1.5921384170184982,1.5657494068145752,1.5657494068145752,2000,0.0,0.0,AGI
2004-04-26 00:00:00-04:00,0.0,1.5393608206605789,1.4074156284332275,1.4074156284332275,14100,0.0,0.0,AGI
2004-04-27 00:00:00-04:00,1.3810263872146606,1.4513970890758905,1.3810263872146606,1.3810263872146606,21000,0.0,0.0,AGI
2004-04-28 00:00:00-04:00,1.2050989866256714,1.284266102423723,1.2050989866256714,1.2050989866256714,9100,0.0,0.0,AGI
2004-04-29 00:00:00-04:00,0.0,1.2314886041389421,1.1435251099445967,1.1963032484054565,8400,0.0,0.0,AGI
2004-04-30 00:00:00-04:00,1.319452166557312,1.319452166557312,1.319452166557312,1.319452166557312,5000,0.0,0.0,AGI
2004-05-03 00:00:00-04:00,0.0,1.293062436972331,1.1787099829798473,1.2050989866256714,38300,0.0,0.0,AGI
2004-05-04 00:00:00-04:00,1.2578775882720947,1.2666740318376548,1.1963032173375754,1.2578775882720947,7700,0.0,0.0,AGI
2004-05-05 00:00:00-04:00,0.0,1.3898226022720337,1.301859127849139,1.3898226022720337,4700,0.0,0.0,AGI
2004-05-06 00:00:00-04:00,1.3898226022720337,1.3898226022720337,1.3898226022720337,1.3898226022720337,0,0.0,0.0,AGI
2004-05-07 00:00:00-04:00,0.0,1.3018592786320555,1.2226921319961548,1.2226921319961548,36000,0.0,0.0,AGI
2004-05-10 00:00:00-04:00,0.0,1.1259318456012133,1.0291720628738403,1.0291720628738403,70200,0.0,0.0,AGI
2004-05-11 00:00:00-04:00,0.0,1.0995432138442993,1.0555615272347723,1.0995432138442993,3000,0.0,0.0,AGI
2004-05-12 00:00:00-04:00,1.1787104606628418,1.1875067987762449,1.134728665235205,1.1787104606628418,45000,0.0,0.0,AGI
2004-05-13 00:00:00-04:00,1.073154091835022,1.1699138973146324,1.073154091835022,1.073154091835022,10300,0.0,0.0,AGI
2004-05-14 00:00:00-04:00,0.0,1.1523215770721436,1.1523215770721436,1.1523215770721436,1000,0.0,0.0,AGI
2004-05-17 00:00:00-04:00,1.0819506645202637,1.1435250329056144,1.0819506645202637,1.0819506645202637,28300,0.0,0.0,AGI
2004-05-18 00:00:00-04:00,0.0,1.2050994750030508,1.117135989008399,1.1787104606628418,12100,0.0,0.0,AGI
2004-05-19 00:00:00-04:00,1.1787104606628418,1.1787104606628418,1.1787104606628418,1.1787104606628418,0,0.0,0.0,AGI
2004-05-20 00:00:00-04:00,0.0,1.2578775882720947,1.2578775882720947,1.2578775882720947,3000,0.0,0.0,AGI
2004-05-21 00:00:00-04:00,1.2666740417480469,1.2666740417480469,1.2314885817924037,1.2666740417480469,13400,0.0,0.0,AGI
2004-05-24 00:00:00-04:00,1.2666740417480469,1.2666740417480469,1.2666740417480469,1.2666740417480469,0,0.0,0.0,AGI
2004-05-25 00:00:00-04:00,0.0,1.3634339570999146,1.2314887523580913,1.3634339570999146,25100,0.0,0.0,AGI
2004-05-26 00:00:00-04:00,0.0,1.4513970613479614,1.4513970613479614,1.4513970613479614,1800,0.0,0.0,AGI
2004-05-27 00:00:00-04:00,0.0,1.4689897398354446,1.4426007270812988,1.4426007270812988,27100,0.0,0.0,AGI
2004-05-28 00:00:00-04:00,0.0,1.3810263872146606,1.3810263872146606,1.3810263872146606,10000,0.0,0.0,AGI
2004-06-01 00:00:00-04:00,1.3810263872146606,1.3810263872146606,1.3810263872146606,1.3810263872146606,0,0.0,0.0,AGI
2004-06-02 00:00:00-04:00,1.468989610671997,1.4777859474832793,1.4338042634268686,1.468989610671997,8000,0.0,0.0,AGI
2004-06-03 00:00:00-04:00,0.0,1.3986190557479858,1.3986190557479858,1.3986190557479858,500,0.0,0.0,AGI
2004-06-04 00:00:00-04:00,0.0,1.381026513424666,1.3194520388082709,1.3370447158813477,5800,0.0,0.0,AGI
2004-06-07 00:00:00-04:00,1.319452166557312,1.3282485059455098,1.319452166557312,1.319452166557312,5300,0.0,0.0,AGI
2004-06-08 00:00:00-04:00,0.0,1.284266471862793,1.284266471862793,1.284266471862793,4800,0.0,0.0,AGI
2004-06-09 00:00:00-04:00,1.2490813732147217,1.2490813732147217,1.2490813732147217,1.2490813732147217,8500,0.0,0.0,AGI
2004-06-10 00:00:00-04:00,1.2490813732147217,1.2490813732147217,1.2490813732147217,1.2490813732147217,0,0.0,0.0,AGI
2004-06-14 00:00:00-04:00,1.2226921319961548,1.2226921319961548,1.1875067800960302,1.2226921319961548,23800,0.0,0.0,AGI
2004-06-15 00:00:00-04:00,1.2226921319961548,1.2226921319961548,1.2226921319961548,1.2226921319961548,0,0.0,0.0,AGI
2004-06-16 00:00:00-04:00,1.1699138879776,1.1699138879776,1.1699138879776,1.1699138879776,2000,0.0,0.0,AGI
2004-06-17 00:00:00-04:00,1.2578775882720947,1.275470370542586,1.2578775882720947,1.2578775882720947,51700,0.0,0.0,AGI
2004-06-18 00:00:00-04:00,1.2578775882720947,1.2578775882720947,1.2578775882720947,1.2578775882720947,0,0.0,0.0,AGI
2004-06-21 00:00:00-04:00,1.460193157196045,1.6273237529784286,1.460193157196045,1.460193157196045,15900,0.0,0.0,AGI
2004-06-22 00:00:00-04:00,1.460193157196045,1.460193157196045,1.460193157196045,1.460193157196045,0,0.0,0.0,AGI
2004-06-23 00:00:00-04:00,1.4074156284332275,1.4689900025376956,1.4074156284332275,1.4074156284332275,26600,0.0,0.0,AGI
2004-06-24 00:00:00-04:00,1.4513970613479614,1.4513970613479614,1.4338043862187497,1.4513970613479614,16200,0.0,0.0,AGI
2004-06-25 00:00:00-04:00,1.4250080585479736,1.4426007337993312,1.4250080585479736,1.4250080585479736,9500,0.0,0.0,AGI
2004-06-28 00:00:00-04:00,0.0,1.442601022852718,1.319452166557312,1.319452166557312,9400,0.0,0.0,AGI
2004-06-29 00:00:00-04:00,0.0,1.3282482624053955,1.3282482624053955,1.3282482624053955,500,0.0,0.0,AGI
2004-06-30 00:00:00-04:00,0.0,1.2930630445480347,1.2930630445480347,1.2930630445480347,5300,0.0,0.0,AGI
2004-07-01 00:00:00-04:00,1.2930630445480347,1.2930630445480347,1.2930630445480347,1.2930630445480347,0,0.0,0.0,AGI
2004-07-02 00:00:00-04:00,1.2930630445480347,1.2930630445480347,1.2930630445480347,1.2930630445480347,0,0.0,0.0,AGI
2004-07-06 00:00:00-04:00,1.2930630445480347,1.2930630445480347,1.2930630445480347,1.2930630445480347,0,0.0,0.0,AGI
2004-07-07 00:00:00-04:00,1.3810263872146606,1.3810263872146606,1.3810263872146606,1.3810263872146606,900,0.0,0.0,AGI
2004-07-08 00:00:00-04:00,1.3810263872146606,1.3810263872146606,1.3810263872146606,1.3810263872146606,0,0.0,0.0,AGI
2004-07-09 00:00:00-04:00,1.3810263872146606,1.3810263872146606,1.3810263872146606,1.3810263872146606,0,0.0,0.0,AGI
2004-07-12 00:00:00-04:00,0.0,1.4777859449386597,1.4777859449386597,1.4777859449386597,3000,0.0,0.0,AGI
2004-07-13 00:00:00-04:00,0.0,1.530564308166504,1.530564308166504,1.530564308166504,2000,0.0,0.0,AGI
2004-07-14 00:00:00-04:00,1.530564308166504,1.530564308166504,1.5217679700049074,1.530564308166504,6100,0.0,0.0,AGI
2004-07-15 00:00:00-04:00,0.0,1.5217677337799438,1.4777859449386597,1.4777859449386597,7200,0.0,0.0,AGI
2004-07-16 00:00:00-04:00,1.4865825176239014,1.4865825176239014,1.4865825176239014,1.4865825176239014,16000,0.0,0.0,AGI
2004-07-19 00:00:00-04:00,1.4426007270812988,1.4865825198654905,1.4426007270812988,1.4426007270812988,29000,0.0,0.0,AGI
2004-07-20 00:00:00-04:00,1.4513970613479614,1.4689897364771731,1.4338043862187497,1.4513970613479614,45900,0.0,0.0,AGI
2004-07-21 00:00:00-04:00,0.0,1.4601933989125673,1.4074153735249322,1.4513970613479614,18600,0.0,0.0,AGI
2004-07-22 00:00:00-04:00,0.0,1.4426007304197077,1.4338043928146362,1.4338043928146362,7000,0.0,0.0,AGI
2004-07-23 00:00:00-04:00,1.3986190557479858,1.3986190557479858,1.3458409247530307,1.3986190557479858,24200,0.0,0.0,AGI
2004-07-26 00:00:00-04:00,0.0,1.3810261401238888,1.3458406906279754,1.3546370267868042,29200,0.0,0.0,AGI
2004-07-27 00:00:00-04:00,1.3282482624053955,1.3370446001807463,1.293062911303992,1.3282482624053955,11400,0.0,0.0,AGI
2004-07-28 00:00:00-04:00,1.3282482624053955,1.3458409379560972,1.293062911303992,1.3282482624053955,24000,0.0,0.0,AGI
2004-07-29 00:00:00-04:00,0.0,1.3018592596054077,1.3018592596054077,1.3018592596054077,1800,0.0,0.0,AGI
2004-07-30 00:00:00-04:00,0.0,1.3546370267868042,1.3106553459926606,1.3546370267868042,11400,0.0,0.0,AGI
2004-08-02 00:00:00-04:00,1.3546370267868042,1.3546370267868042,1.3546370267868042,1.3546370267868042,0,0.0,0.0,AGI
2004-08-03 00:00:00-04:00,1.3546370267868042,1.3546370267868042,1.328248018310318,1.3546370267868042,9400,0.0,0.0,AGI
2004-08-04 00:00:00-04:00,1.3282482624053955,1.3370446001807463,1.3018592490793428,1.3282482624053955,26200,0.0,0.0,AGI
2004-08-05 00:00:00-04:00,1.3282482624053955,1.3282482624053955,1.3282482624053955,1.3282482624053955,0,0.0,0.0,AGI
2004-08-06 00:00:00-04:00,0.0,1.3370446001807463,1.3282482624053955,1.3282482624053955,11100,0.0,0.0,AGI
2004-08-09 00:00:00-04:00,0.0,1.3370447158813477,1.3370447158813477,1.3370447158813477,2700,0.0,0.0,AGI
2004-08-10 00:00:00-04:00,1.3370447158813477,1.3370447158813477,1.3370447158813477,1.3370447158813477,0,0.0,0.0,AGI
2004-08-11 00:00:00-04:00,1.2666740417480469,1.2666740417480469,1.2666740417480469,1.2666740417480469,600,0.0,0.0,AGI
2004-08-12 00:00:00-04:00,1.2666740417480469,1.2666740417480469,1.2666740417480469,1.2666740417480469,0,0.0,0.0,AGI
2004-08-13 00:00:00-04:00,1.2666740417480469,1.2666740417480469,1.2666740417480469,1.2666740417480469,0,0.0,0.0,AGI
2004-08-16 00:00:00-04:00,0.0,1.2930630445480347,1.2930630445480347,1.2930630445480347,7600,0.0,0.0,AGI
2004-08-17 00:00:00-04:00,1.2930630445480347,1.2930630445480347,1.2930630445480347,1.2930630445480347,0,0.0,0.0,AGI
2004-08-18 00:00:00-04:00,0.0,1.460193157196045,1.4162114766536271,1.460193157196045,14200,0.0,0.0,AGI
2004-08-19 00:00:00-04:00,1.4865825176239014,1.4865825176239014,1.4865825176239014,1.4865825176239014,1900,0.0,0.0,AGI
2004-08-20 00:00:00-04:00,0.0,1.6449166536331177,1.636120316303043,1.6449166536331177,5900,0.0,0.0,AGI
2004-08-23 00:00:00-04:00,1.5657494068145752,1.5921384170184982,1.5481567333452932,1.5657494068145752,14000,0.0,0.0,AGI
2004-08-24 00:00:00-04:00,0.0,1.627323991360536,1.5921385369117858,1.6097313165664673,4500,0.0,0.0,AGI
2004-08-25 00:00:00-04:00,0.0,1.6976949018770704,1.6361205324326469,1.6888985633850098,14800,0.0,0.0,AGI
2004-08-26 00:00:00-04:00,1.6713060140609741,1.6713060140609741,1.6713060140609741,1.6713060140609741,4800,0.0,0.0,AGI
2004-08-27 00:00:00-04:00,0.0,1.7592690062265977,1.7328799962997437,1.7328799962997437,9300,0.0,0.0,AGI
2004-08-30 00:00:00-04:00,0.0,1.7944548223583348,1.759269466582095,1.7768621444702148,5000,0.0,0.0,AGI
2004-08-31 00:00:00-04:00,1.7768621444702148,1.7768621444702148,1.7768621444702148,1.7768621444702148,0,0.0,0.0,AGI
2004-09-01 00:00:00-04:00,1.7768621444702148,1.7768621444702148,1.7768621444702148,1.7768621444702148,0,0.0,0.0,AGI
2004-09-02 00:00:00-04:00,1.6009351015090942,1.644916791855242,1.6009351015090942,1.6009351015090942,8200,0.0,0.0,AGI
2004-09-03 00:00:00-04:00,0.0,1.6361202026093216,1.627323865890503,1.627323865890503,1500,0.0,0.0,AGI
2004-09-07 00:00:00-04:00,0.0,1.7064911127090454,1.688898333261431,1.7064911127090454,8800,0.0,0.0,AGI
2004-09-08 00:00:00-04:00,1.5921381711959839,1.6801016298216411,1.5921381711959839,1.5921381711959839,6800,0.0,0.0,AGI
2004-09-09 00:00:00-04:00,1.627323865890503,1.627323865890503,1.6185275291716845,1.627323865890503,6300,0.0,0.0,AGI
2004-09-10 00:00:00-04:00,0.0,1.6888982254810039,1.6185275316238403,1.6185275316238403,2700,0.0,0.0,AGI
2004-09-13 00:00:00-04:00,0.0,1.680101990699768,1.680101990699768,1.680101990699768,2600,0.0,0.0,AGI
2004-09-14 00:00:00-04:00,0.0,1.6713060140609741,1.5833425175607894,1.6713060140609741,21000,0.0,0.0,AGI
2004-09-15 00:00:00-04:00,0.0,1.6713060140609741,1.6713060140609741,1.6713060140609741,5100,0.0,0.0,AGI
2004-09-16 00:00:00-04:00,1.6713060140609741,1.6713060140609741,1.6713060140609741,1.6713060140609741,0,0.0,0.0,AGI
2004-09-17 00:00:00-04:00,1.6713060140609741,1.6713060140609741,1.6713060140609741,1.6713060140609741,0,0.0,0.0,AGI
2004-09-20 00:00:00-04:00,1.6361204385757446,1.6361204385757446,1.6361204385757446,1.6361204385757446,1000,0.0,0.0,AGI
2004-09-21 00:00:00-04:00,0.0,1.7152875661849976,1.688898447656454,1.7152875661849976,8300,0.0,0.0,AGI
2004-09-22 00:00:00-04:00,1.7592689990997314,1.7592689990997314,1.7064909794598293,1.7592689990997314,7300,0.0,0.0,AGI
2004-09-23 00:00:00-04:00,1.7592689990997314,1.7592689990997314,1.7592689990997314,1.7592689990997314,0,0.0,0.0,AGI
2004-09-24 00:00:00-04:00,0.0,1.8120471239089966,1.8120471239089966,1.8120471239089966,17000,0.0,0.0,AGI
2004-09-27 00:00:00-04:00,0.0,1.9703813791275024,1.9527887050950332,1.9703813791275024,3500,0.0,0.0,AGI
2004-09-28 00:00:00-04:00,1.9703813791275024,1.9703813791275024,1.9703813791275024,1.9703813791275024,0,0.0,0.0,AGI
2004-09-29 00:00:00-04:00,0.0,1.996770264915966,1.987973928451538,1.987973928451538,14100,0.0,0.0,AGI
2004-09-30 00:00:00-04:00,2.287050247192383,2.287050247192383,2.093530788347944,2.287050247192383,10300,0.0,0.0,AGI
2004-10-01 00:00:00-04:00,0.0,2.1639013290405273,2.1639013290405273,2.1639013290405273,700,0.0,0.0,AGI
2004-10-04 00:00:00-04:00,2.014362335205078,2.084733005867604,2.014362335205078,2.014362335205078,26000,0.0,0.0,AGI
2004-10-05 00:00:00-04:00,0.0,2.084733248940511,2.067140579223633,2.067140579223633,7400,0.0,0.0,AGI
2004-10-06 00:00:00-04:00,2.075937271118164,2.12871549906718,2.0319555892616528,2.075937271118164,3900,0.0,0.0,AGI
2004-10-07 00:00:00-04:00,2.075937271118164,2.075937271118164,2.075937271118164,2.075937271118164,0,0.0,0.0,AGI
2004-10-08 00:00:00-04:00,2.075937271118164,2.075937271118164,2.075937271118164,2.075937271118164,0,0.0,0.0,AGI
2004-10-11 00:00:00-04:00,2.075937271118164,2.075937271118164,2.075937271118164,2.075937271118164,0,0.0,0.0,AGI
2004-10-12 00:00:00-04:00,2.075937271118164,2.075937271118164,2.075937271118164,2.075937271118164,0,0.0,0.0,AGI
2004-10-13 00:00:00-04:00,2.155103921890259,2.155103921890259,2.049547704429744,2.155103921890259,8400,0.0,0.0,AGI
2004-10-14 00:00:00-04:00,0.0,2.2430681142981257,2.1990864276885986,2.1990864276885986,5700,0.0,0.0,AGI
2004-10-15 00:00:00-04:00,0.0,2.1023271083831787,2.08473422074417,2.1023271083831787,6000,0.0,0.0,AGI
2004-10-18 00:00:00-04:00,0.0,2.0495481491088867,2.0495481491088867,2.0495481491088867,5000,0.0,0.0,AGI
2004-10-19 00:00:00-04:00,0.0,2.1111226081848145,2.1111226081848145,2.1111226081848145,4300,0.0,0.0,AGI
2004-10-20 00:00:00-04:00,0.0,2.146308183670044,2.146308183670044,2.146308183670044,4000,0.0,0.0,AGI
2004-10-21 00:00:00-04:00,2.146308183670044,2.146308183670044,2.146308183670044,2.146308183670044,0,0.0,0.0,AGI
2004-10-22 00:00:00-04:00,2.146308183670044,2.146308183670044,2.146308183670044,2.146308183670044,0,0.0,0.0,AGI
2004-10-25 00:00:00-04:00,0.0,2.20788311958313,2.190290442114042,2.20788311958313,4900,0.0,0.0,AGI
2004-10-26 00:00:00-04:00,2.1814935207366943,2.1814935207366943,2.1814935207366943,2.1814935207366943,500,0.0,0.0,AGI
2004-10-27 00:00:00-04:00,0.0,2.2518649101257324,2.2518649101257324,2.2518649101257324,3000,0.0,0.0,AGI
2004-10-28 00:00:00-04:00,0.0,2.287050247192383,2.243068552000465,2.287050247192383,61200,0.0,0.0,AGI
2004-10-29 00:00:00-04:00,2.304643154144287,2.3134397037775254,2.251865114672575,2.304643154144287,14700,0.0,0.0,AGI
2004-11-01 00:00:00-05:00,2.3574209213256836,2.3574209213256836,2.3486245832122807,2.3574209213256836,24000,0.0,0.0,AGI
2004-11-02 00:00:00-05:00,2.2958462238311768,2.2958462238311768,2.2782535485314153,2.2958462238311768,21000,0.0,0.0,AGI
2004-11-03 00:00:00-05:00,2.2958462238311768,2.2958462238311768,2.2958462238311768,2.2958462238311768,0,0.0,0.0,AGI
2004-11-04 00:00:00-05:00,0.0,2.6477012634277344,2.6213122393735295,2.6477012634277344,8000,0.0,0.0,AGI
2004-11-05 00:00:00-05:00,2.7092740535736084,2.7092740535736084,2.638903364302979,2.7092740535736084,11100,0.0,0.0,AGI
2004-11-08 00:00:00-05:00,2.665292501449585,2.7092741843669956,2.665292501449585,2.665292501449585,1300,0.0,0.0,AGI
2004-11-09 00:00:00-05:00,2.665292501449585,2.665292501449585,2.665292501449585,2.665292501449585,0,0.0,0.0,AGI
2004-11-10 00:00:00-05:00,2.665292501449585,2.665292501449585,2.665292501449585,2.665292501449585,0,0.0,0.0,AGI
2004-11-11 00:00:00-05:00,0.0,2.638903505389013,2.506958246231079,2.506958246231079,80400,0.0,0.0,AGI
2004-11-12 00:00:00-05:00,0.0,2.9203864633788665,2.603718137597074,2.8060340881347656,39900,0.0,0.0,AGI
2004-11-15 00:00:00-05:00,2.841219425201416,2.8764047713169054,2.797237742557055,2.841219425201416,11500,0.0,0.0,AGI
2004-11-16 00:00:00-05:00,0.0,2.8852014541625977,2.7972380783154454,2.8852014541625977,21800,0.0,0.0,AGI
2004-11-17 00:00:00-05:00,2.876405715942383,3.078721732269204,2.876405715942383,2.876405715942383,80400,0.0,0.0,AGI
2004-11-18 00:00:00-05:00,2.911591053009033,2.911591053009033,2.8852020349428775,2.911591053009033,74200,0.0,0.0,AGI
2004-11-19 00:00:00-05:00,2.8939971923828125,2.973164423970463,2.885200856619872,2.8939971923828125,44400,0.0,0.0,AGI
2004-11-22 00:00:00-05:00,2.7972381114959717,2.9203868391427616,2.7972381114959717,2.7972381114959717,51400,0.0,0.0,AGI
2004-11-23 00:00:00-05:00,2.8324241638183594,2.8324241638183594,2.8324241638183594,2.8324241638183594,8800,0.0,0.0,AGI
2004-11-24 00:00:00-05:00,2.8324241638183594,2.8324241638183594,2.8324241638183594,2.8324241638183594,0,0.0,0.0,AGI
2004-11-26 00:00:00-05:00,2.8324241638183594,2.8324241638183594,2.8324241638183594,2.8324241638183594,0,0.0,0.0,AGI
2004-11-29 00:00:00-05:00,0.0,2.9643684992850576,2.8676087856292725,2.8676087856292725,5000,0.0,0.0,AGI
2004-11-30 00:00:00-05:00,0.0,2.8060340881347656,2.770848741905812,2.8060340881347656,3000,0.0,0.0,AGI
2004-12-01 00:00:00-05:00,0.0,2.6477012634277344,2.630108580724931,2.6477012634277344,4000,0.0,0.0,AGI
2004-12-02 00:00:00-05:00,2.6477012634277344,2.6477012634277344,2.6477012634277344,2.6477012634277344,0,0.0,0.0,AGI
2004-12-03 00:00:00-05:00,0.0,2.480569362640381,2.480569362640381,2.480569362640381,1100,0.0,0.0,AGI
2004-12-06 00:00:00-05:00,0.0,2.480569362640381,2.480569362640381,2.480569362640381,5500,0.0,0.0,AGI
2004-12-07 00:00:00-05:00,0.0,2.480569362640381,2.4453840143324803,2.480569362640381,13200,0.0,0.0,AGI
2004-12-08 00:00:00-05:00,2.38381028175354,2.38381028175354,2.3222359060201945,2.38381028175354,7300,0.0,0.0,AGI
2004-12-09 00:00:00-05:00,2.4189958572387695,2.4189958572387695,2.4189958572387695,2.4189958572387695,8900,0.0,0.0,AGI
2004-12-10 00:00:00-05:00,0.0,2.4101979732513428,2.4101979732513428,2.4101979732513428,34000,0.0,0.0,AGI
2004-12-13 00:00:00-05:00,2.4101979732513428,2.4101979732513428,2.4101979732513428,2.4101979732513428,0,0.0,0.0,AGI
2004-12-14 00:00:00-05:00,0.0,2.5245513916015625,2.5245513916015625,2.5245513916015625,10000,0.0,0.0,AGI
2004-12-15 00:00:00-05:00,0.0,2.542143931900425,2.480569362640381,2.480569362640381,16200,0.0,0.0,AGI
2004-12-16 00:00:00-05:00,0.0,2.594922434609829,2.5157551765441895,2.5157551765441895,1100,0.0,0.0,AGI
2004-12-17 00:00:00-05:00,2.5157551765441895,2.5157551765441895,2.5157551765441895,2.5157551765441895,0,0.0,0.0,AGI
2004-12-20 00:00:00-05:00,2.638904333114624,2.638904333114624,2.638904333114624,2.638904333114624,3000,0.0,0.0,AGI
2004-12-21 00:00:00-05:00,0.0,2.638904333114624,2.603718975561833,2.638904333114624,5800,0.0,0.0,AGI
2004-12-22 00:00:00-05:00,2.638904333114624,2.638904333114624,2.638904333114624,2.638904333114624,0,0.0,0.0,AGI
2004-12-23 00:00:00-05:00,2.4981627464294434,2.4981627464294434,2.4981627464294434,2.4981627464294434,2500,0.0,0.0,AGI
2004-12-27 00:00:00-05:00,2.4981627464294434,2.4981627464294434,2.4981627464294434,2.4981627464294434,0,0.0,0.0,AGI
2004-12-28 00:00:00-05:00,2.4981627464294434,2.4981627464294434,2.4981627464294434,2.4981627464294434,0,0.0,0.0,AGI
2004-12-29 00:00:00-05:00,3.3777971267700195,3.3777971267700195,2.586126033320817,3.3777971267700195,15900,0.0,0.0,AGI
2004-12-30 00:00:00-05:00,3.3777971267700195,3.3777971267700195,3.3777971267700195,3.3777971267700195,0,0.0,0.0,AGI
2004-12-31 00:00:00-05:00,2.638904333114624,2.638904333114624,2.638904333114624,2.638904333114624,500,0.0,0.0,AGI
2005-01-03 00:00:00-05:00,2.638904333114624,2.638904333114624,2.638904333114624,2.638904333114624,0,0.0,0.0,AGI
2005-01-04 00:00:00-05:00,2.4277915954589844,2.4277915954589844,2.4277915954589844,2.4277915954589844,34000,0.0,0.0,AGI
2005-01-05 00:00:00-05:00,0.0,2.4014036655426025,2.4014036655426025,2.4014036655426025,2500,0.0,0.0,AGI
2005-01-06 00:00:00-05:00,2.4014036655426025,2.4014036655426025,2.4014036655426025,2.4014036655426025,0,0.0,0.0,AGI
2005-01-07 00:00:00-05:00,2.4014036655426025,2.4014036655426025,2.4014036655426025,2.4014036655426025,0,0.0,0.0,AGI
2005-01-10 00:00:00-05:00,0.0,2.5861254954455135,2.454180235785988,2.577329158782959,9400,0.0,0.0,AGI
2005-01-11 00:00:00-05:00,2.7620527744293213,2.770849112161975,2.6652928496488957,2.7620527744293213,12000,0.0,0.0,AGI
2005-01-12 00:00:00-05:00,2.8588123321533203,2.8588123321533203,2.8236269831591363,2.8588123321533203,8800,0.0,0.0,AGI
2005-01-13 00:00:00-05:00,2.7004780769348145,2.709274414264717,2.6740890649451066,2.7004780769348145,16700,0.0,0.0,AGI
2005-01-14 00:00:00-05:00,0.0,2.718070389732437,2.6828850450971222,2.7092740535736084,10700,0.0,0.0,AGI
2005-01-18 00:00:00-05:00,0.0,2.762053026849332,2.6477004161530804,2.6740894317626953,31700,0.0,0.0,AGI
2005-01-19 00:00:00-05:00,2.6740894317626953,2.6740894317626953,2.6740894317626953,2.6740894317626953,0,0.0,0.0,AGI
2005-01-20 00:00:00-05:00,2.6213109493255615,2.6213109493255615,2.6125146123031757,2.6213109493255615,10200,0.0,0.0,AGI
2005-01-21 00:00:00-05:00,0.0,2.6477012634277344,2.6477012634277344,2.6477012634277344,5000,0.0,0.0,AGI
2005-01-24 00:00:00-05:00,0.0,2.7092740535736084,2.7092740535736084,2.7092740535736084,3800,0.0,0.0,AGI
2005-01-25 00:00:00-05:00,2.6125152111053467,2.638904228221005,2.6125152111053467,2.6125152111053467,3900,0.0,0.0,AGI
2005-01-26 00:00:00-05:00,2.735663652420044,2.735663652420044,2.65649660990594,2.735663652420044,39300,0.0,0.0,AGI
2005-01-27 00:00:00-05:00,2.75325608253479,2.7620524191359372,2.75325608253479,2.75325608253479,9500,0.0,0.0,AGI
2005-01-28 00:00:00-05:00,0.0,2.718070889238247,2.656496524810791,2.656496524810791,14800,0.0,0.0,AGI
2005-01-31 00:00:00-05:00,0.0,2.656496524810791,2.638903849260089,2.656496524810791,10300,0.0,0.0,AGI
2005-02-01 00:00:00-05:00,2.6125152111053467,2.638904228221005,2.6125152111053467,2.6125152111053467,5900,0.0,0.0,AGI
2005-02-02 00:00:00-05:00,0.0,2.5949224457427693,2.533348074544079,2.550940752029419,20900,0.0,0.0,AGI
2005-02-03 00:00:00-05:00,2.559736728668213,2.568533066166541,2.515754831455344,2.559736728668213,16700,0.0,0.0,AGI
2005-02-04 00:00:00-05:00,2.691681385040283,2.691681385040283,2.586125350985933,2.691681385040283,20900,0.0,0.0,AGI
2005-02-07 00:00:00-05:00,2.691681385040283,2.691681385040283,2.691681385040283,2.691681385040283,0,0.0,0.0,AGI
2005-02-08 00:00:00-05:00,2.691681385040283,2.691681385040283,2.691681385040283,2.691681385040283,0,0.0,0.0,AGI
2005-02-09 00:00:00-05:00,2.4189958572387695,2.4189958572387695,2.4189958572387695,2.4189958572387695,2100,0.0,0.0,AGI
2005-02-10 00:00:00-05:00,0.0,2.471773386001587,2.471773386001587,2.471773386001587,5100,0.0,0.0,AGI
2005-02-11 00:00:00-05:00,2.506958246231079,2.506958246231079,2.480569236343734,2.506958246231079,8400,0.0,0.0,AGI
2005-02-14 00:00:00-05:00,0.0,2.594921827316284,2.594921827316284,2.594921827316284,1400,0.0,0.0,AGI
2005-02-15 00:00:00-05:00,0.0,2.594921827316284,2.55973648073104,2.594921827316284,11200,0.0,0.0,AGI
2005-02-16 00:00:00-05:00,2.718071222305298,2.718071222305298,2.665293189185877,2.718071222305298,14600,0.0,0.0,AGI
2005-02-17 00:00:00-05:00,0.0,2.8236266333595785,2.70047771741478,2.7092740535736084,16100,0.0,0.0,AGI
2005-02-18 00:00:00-05:00,0.0,2.893997805224341,2.8500161170959473,2.8500161170959473,8800,0.0,0.0,AGI
2005-02-22 00:00:00-05:00,0.0,2.85001661349758,2.814831256866455,2.814831256866455,8300,0.0,0.0,AGI
2005-02-23 00:00:00-05:00,2.7620527744293213,2.7796454498946286,2.7620527744293213,2.7620527744293213,46600,0.0,0.0,AGI
2005-02-24 00:00:00-05:00,0.0,2.876405715942383,2.7972386611836906,2.876405715942383,15300,0.0,0.0,AGI
2005-02-25 00:00:00-05:00,2.7796452045440674,2.8324232262814393,2.7268669730854795,2.7796452045440674,21400,0.0,0.0,AGI
2005-02-28 00:00:00-05:00,2.7796452045440674,2.7796452045440674,2.7796452045440674,2.7796452045440674,0,0.0,0.0,AGI
2005-03-01 00:00:00-05:00,2.7972381114959717,2.7972381114959717,2.7092745248841745,2.7972381114959717,14700,0.0,0.0,AGI
2005-03-02 00:00:00-05:00,0.0,2.726867914199829,2.647700854271122,2.726867914199829,12100,0.0,0.0,AGI
2005-03-03 00:00:00-05:00,2.7620527744293213,2.797238125359936,2.7620527744293213,2.7620527744293213,128800,0.0,0.0,AGI
2005-03-04 00:00:00-05:00,0.0,2.7796452045440674,2.735663310041708,2.7796452045440674,44600,0.0,0.0,AGI
2005-03-07 00:00:00-05:00,2.7708497047424316,2.7884423839701507,2.7708497047424316,2.7708497047424316,21500,0.0,0.0,AGI
2005-03-08 00:00:00-05:00,0.0,2.867608792347305,2.814830766593232,2.8500161170959473,32400,0.0,0.0,AGI
2005-03-09 00:00:00-05:00,3.0259430408477783,3.078721065930637,3.0259430408477783,3.0259430408477783,19600,0.0,0.0,AGI
2005-03-10 00:00:00-05:00,3.0435361862182617,3.078721541710985,3.0435361862182617,3.0435361862182617,21700,0.0,0.0,AGI
2005-03-11 00:00:00-05:00,0.0,3.034739758842241,2.981961727142334,2.981961727142334,12200,0.0,0.0,AGI
2005-03-14 00:00:00-05:00,0.0,3.0435355988990103,2.99955391302037,3.017146587371826,6300,0.0,0.0,AGI
2005-03-15 00:00:00-05:00,3.034738779067993,3.034738779067993,3.0083497717378074,3.034738779067993,11500,0.0,0.0,AGI
2005-03-16 00:00:00-05:00,2.981961727142334,3.0259434202255897,2.964368840187776,2.981961727142334,33900,0.0,0.0,AGI
2005-03-17 00:00:00-05:00,0.0,2.876405715942383,2.876405715942383,2.876405715942383,6900,0.0,0.0,AGI
2005-03-18 00:00:00-05:00,0.0,3.0083502750998234,2.8588123321533203,2.8588123321533203,5500,0.0,0.0,AGI
2005-03-21 00:00:00-05:00,0.0,2.788442611694336,2.753257250365409,2.788442611694336,6800,0.0,0.0,AGI
2005-03-22 00:00:00-05:00,2.718071222305298,2.718071222305298,2.718071222305298,2.718071222305298,11200,0.0,0.0,AGI
2005-03-23 00:00:00-05:00,2.6213109493255615,2.6213109493255615,2.6213109493255615,2.6213109493255615,800,0.0,0.0,AGI
2005-03-24 00:00:00-05:00,0.0,2.6037182920416266,2.5245510486093163,2.568532943725586,8100,0.0,0.0,AGI
2005-03-28 00:00:00-05:00,2.5157551765441895,2.5157551765441895,2.5157551765441895,2.5157551765441895,100,0.0,0.0,AGI
2005-03-29 00:00:00-05:00,0.0,2.5157554255808194,2.4981627464294434,2.4981627464294434,4300,0.0,0.0,AGI
2005-03-30 00:00:00-05:00,0.0,2.5245513916015625,2.4453843471346266,2.5245513916015625,7200,0.0,0.0,AGI
2005-03-31 00:00:00-05:00,2.691681385040283,2.7796449564734385,2.691681385040283,2.691681385040283,14000,0.0,0.0,AGI
2005-04-01 00:00:00-05:00,0.0,2.6740894317626953,2.6564967546896185,2.6740894317626953,6500,0.0,0.0,AGI
2005-04-04 00:00:00-04:00,0.0,2.726866725891266,2.6740887089382936,2.7092740535736084,14600,0.0,0.0,AGI
2005-04-05 00:00:00-04:00,2.7092740535736084,2.7092740535736084,2.7092740535736084,2.7092740535736084,0,0.0,0.0,AGI
2005-04-06 00:00:00-04:00,2.7092740535736084,2.7092740535736084,2.7092740535736084,2.7092740535736084,0,0.0,0.0,AGI
2005-04-07 00:00:00-04:00,2.568532943725586,2.6389036403576673,2.568532943725586,2.568532943725586,2700,0.0,0.0,AGI
2005-04-08 00:00:00-04:00,0.0,2.7268668716801634,2.506958246231079,2.506958246231079,4500,0.0,0.0,AGI
2005-04-11 00:00:00-04:00,2.550940752029419,2.550940752029419,2.550940752029419,2.550940752029419,13000,0.0,0.0,AGI
2005-04-12 00:00:00-04:00,2.6125152111053467,2.6125152111053467,2.5509408378354776,2.6125152111053467,9500,0.0,0.0,AGI
2005-04-13 00:00:00-04:00,0.0,2.638904333114624,2.638904333114624,2.638904333114624,8400,0.0,0.0,AGI
2005-04-14 00:00:00-04:00,0.0,2.375014066696167,2.3662177268451967,2.375014066696167,3000,0.0,0.0,AGI
2005-04-15 00:00:00-04:00,2.375014066696167,2.375014066696167,2.375014066696167,2.375014066696167,0,0.0,0.0,AGI
2005-04-18 00:00:00-04:00,2.375014066696167,2.375014066696167,2.375014066696167,2.375014066696167,0,0.0,0.0,AGI
2005-04-19 00:00:00-04:00,0.0,2.550940752029419,2.4101991224254395,2.550940752029419,2100,0.0,0.0,AGI
2005-04-20 00:00:00-04:00,0.0,2.63890351054784,2.594921827316284,2.594921827316284,9600,0.0,0.0,AGI
2005-04-21 00:00:00-04:00,2.594921827316284,2.594921827316284,2.594921827316284,2.594921827316284,0,0.0,0.0,AGI
2005-04-22 00:00:00-04:00,2.594921827316284,2.594921827316284,2.594921827316284,2.594921827316284,0,0.0,0.0,AGI
2005-04-25 00:00:00-04:00,2.594921827316284,2.594921827316284,2.594921827316284,2.594921827316284,0,0.0,0.0,AGI
2005-04-26 00:00:00-04:00,2.594921827316284,2.594921827316284,2.594921827316284,2.594921827316284,0,0.0,0.0,AGI
2005-04-27 00:00:00-04:00,0.0,2.6037181639625953,2.568532817377351,2.594921827316284,8300,0.0,0.0,AGI
2005-04-28 00:00:00-04:00,0.0,2.64770020844318,2.6037185192108154,2.6037185192108154,2500,0.0,0.0,AGI
2005-04-29 00:00:00-04:00,2.6213109493255615,2.6213109493255615,2.6125146123031757,2.6213109493255615,3700,0.0,0.0,AGI
2005-05-02 00:00:00-04:00,0.0,2.691681535396167,2.577329158782959,2.577329158782959,6300,0.0,0.0,AGI
2005-05-03 00:00:00-04:00,0.0,2.6213111089568635,2.4365878105163574,2.4365878105163574,4200,0.0,0.0,AGI
2005-05-04 00:00:00-04:00,2.5245513916015625,2.5245513916015625,2.5245513916015625,2.5245513916015625,0,0.0,0.0,AGI
2005-05-05 00:00:00-04:00,0.0,2.515754975478018,2.4277915954589844,2.4277915954589844,4200,0.0,0.0,AGI
2005-05-06 00:00:00-04:00,2.638904333114624,2.638904333114624,2.515755371958581,2.638904333114624,17800,0.0,0.0,AGI
2005-05-09 00:00:00-04:00,2.4981627464294434,2.5861263519076014,2.4805700672780677,2.4981627464294434,7100,0.0,0.0,AGI
2005-05-10 00:00:00-04:00,2.5333480834960938,2.5685334385911074,2.524551535001081,2.5333480834960938,12800,0.0,0.0,AGI
2005-05-11 00:00:00-04:00,2.542144298553467,2.542144298553467,2.542144298553467,2.542144298553467,2900,0.0,0.0,AGI
2005-05-12 00:00:00-04:00,2.542144298553467,2.542144298553467,2.542144298553467,2.542144298553467,0,0.0,0.0,AGI
2005-05-13 00:00:00-04:00,0.0,2.392606621144018,2.38381028175354,2.38381028175354,10200,0.0,0.0,AGI
2005-05-16 00:00:00-04:00,2.3310317993164062,2.3310317993164062,2.3134391239021963,2.3310317993164062,5500,0.0,0.0,AGI
2005-05-17 00:00:00-04:00,2.3310317993164062,2.3310317993164062,2.3310317993164062,2.3310317993164062,7000,0.0,0.0,AGI
2005-05-18 00:00:00-04:00,2.4014036655426025,2.4014036655426025,2.3662182976509114,2.4014036655426025,8100,0.0,0.0,AGI
2005-05-19 00:00:00-04:00,2.4014036655426025,2.4014036655426025,2.4014036655426025,2.4014036655426025,0,0.0,0.0,AGI
2005-05-20 00:00:00-04:00,2.3574209213256836,2.4189952881195045,2.3574209213256836,2.3574209213256836,6500,0.0,0.0,AGI
2005-05-23 00:00:00-04:00,2.3574209213256836,2.3574209213256836,2.3574209213256836,2.3574209213256836,0,0.0,0.0,AGI
2005-05-24 00:00:00-04:00,2.4453842639923096,2.4453842639923096,2.401402574117154,2.4453842639923096,19300,0.0,0.0,AGI
2005-05-25 00:00:00-04:00,0.0,2.5069591076204487,2.4365883904081995,2.462977409362793,9700,0.0,0.0,AGI
2005-05-26 00:00:00-04:00,2.594921827316284,2.6037181639625953,2.4277912213151644,2.594921827316284,13000,0.0,0.0,AGI
2005-05-27 00:00:00-04:00,2.6213109493255615,2.6213109493255615,2.594921938258404,2.6213109493255615,17000,0.0,0.0,AGI
2005-05-31 00:00:00-04:00,2.5861260890960693,2.5861260890960693,2.5861260890960693,2.5861260890960693,1500,0.0,0.0,AGI
2005-06-01 00:00:00-04:00,2.594921827316284,2.594921827316284,2.594921827316284,2.594921827316284,1800,0.0,0.0,AGI
2005-06-02 00:00:00-04:00,0.0,2.550940752029419,2.550940752029419,2.550940752029419,2500,0.0,0.0,AGI
2005-06-03 00:00:00-04:00,0.0,2.542144298553467,2.489366058758201,2.542144298553467,10500,0.0,0.0,AGI
2005-06-06 00:00:00-04:00,0.0,2.5861259692415377,2.5245513916015625,2.5245513916015625,23600,0.0,0.0,AGI
2005-06-07 00:00:00-04:00,2.568532943725586,2.568532943725586,2.568532943725586,2.568532943725586,2100,0.0,0.0,AGI
2005-06-08 00:00:00-04:00,2.550940752029419,2.5685334295147593,2.5157551873374806,2.550940752029419,4100,0.0,0.0,AGI
2005-06-09 00:00:00-04:00,2.542144298553467,2.5509406368991363,2.5333479602077973,2.542144298553467,20400,0.0,0.0,AGI
2005-06-10 00:00:00-04:00,2.6125152111053467,2.6125152111053467,2.5597371768740302,2.6125152111053467,4900,0.0,0.0,AGI
2005-06-13 00:00:00-04:00,0.0,2.665292501449585,2.568532799031281,2.665292501449585,9100,0.0,0.0,AGI
2005-06-14 00:00:00-04:00,2.6740894317626953,2.6740894317626953,2.6740894317626953,2.6740894317626953,21200,0.0,0.0,AGI
2005-06-15 00:00:00-04:00,0.0,2.753255944088949,2.691681381255951,2.7092740535736084,5600,0.0,0.0,AGI
2005-06-16 00:00:00-04:00,2.7620527744293213,2.8500161517558587,2.7620527744293213,2.7620527744293213,58700,0.0,0.0,AGI
2005-06-17 00:00:00-04:00,2.7620527744293213,2.7620527744293213,2.7620527744293213,2.7620527744293213,0,0.0,0.0,AGI
2005-06-20 00:00:00-04:00,2.8324241638183594,2.8324241638183594,2.8324241638183594,2.8324241638183594,12700,0.0,0.0,AGI
2005-06-21 00:00:00-04:00,0.0,2.8588123321533203,2.762052622419315,2.8588123321533203,33700,0.0,0.0,AGI
2005-06-22 00:00:00-04:00,2.8588123321533203,2.867608669401866,2.8588123321533203,2.8588123321533203,6900,0.0,0.0,AGI
2005-06-23 00:00:00-04:00,0.0,2.8764049110625827,2.7796452045440674,2.7796452045440674,68400,0.0,0.0,AGI
2005-06-24 00:00:00-04:00,0.0,3.0083507226982436,2.937979804518494,2.9643688201904297,83200,0.0,0.0,AGI
2005-06-27 00:00:00-04:00,2.9643688201904297,2.9643688201904297,2.9643688201904297,2.9643688201904297,0,0.0,0.0,AGI
2005-06-28 00:00:00-04:00,2.9731650352478027,2.9731650352478027,2.9731650352478027,2.9731650352478027,3000,0.0,0.0,AGI
2005-06-29 00:00:00-04:00,2.9731650352478027,2.9731650352478027,2.9731650352478027,2.9731650352478027,0,0.0,0.0,AGI
2005-06-30 00:00:00-04:00,0.0,2.981961727142334,2.981961727142334,2.981961727142334,9000,0.0,0.0,AGI
2005-07-01 00:00:00-04:00,2.981961727142334,2.981961727142334,2.981961727142334,2.981961727142334,0,0.0,0.0,AGI
2005-07-05 00:00:00-04:00,3.2018702030181885,3.289833583710484,2.9995542177046666,3.2018702030181885,94300,0.0,0.0,AGI
2005-07-06 00:00:00-04:00,3.3074262142181396,3.3074262142181396,3.3074262142181396,3.3074262142181396,2500,0.0,0.0,AGI
2005-07-07 00:00:00-04:00,3.105109691619873,3.219462274773935,3.105109691619873,3.105109691619873,20200,0.0,0.0,AGI
2005-07-08 00:00:00-04:00,0.0,3.1754806153516912,3.034739222365336,3.1402952671051025,14600,0.0,0.0,AGI
2005-07-11 00:00:00-04:00,0.0,3.1402952671051025,3.069924570611925,3.1402952671051025,5200,0.0,0.0,AGI
2005-07-12 00:00:00-04:00,0.0,3.149092435836792,3.1051107389130634,3.149092435836792,12300,0.0,0.0,AGI
2005-07-13 00:00:00-04:00,0.0,3.1139073371887207,3.1139073371887207,3.1139073371887207,17400,0.0,0.0,AGI
2005-07-14 00:00:00-04:00,3.0435361862182617,3.12270323607689,3.0435361862182617,3.0435361862182617,4900,0.0,0.0,AGI
2005-07-15 00:00:00-04:00,0.0,3.12270323607689,3.0435361862182617,3.0435361862182617,9700,0.0,0.0,AGI
2005-07-18 00:00:00-04:00,0.0,3.122703677304796,3.0347402761440434,3.1139073371887207,20600,0.0,0.0,AGI
2005-07-19 00:00:00-04:00,3.0699245929718018,3.0963136043489485,3.0699245929718018,3.0699245929718018,12000,0.0,0.0,AGI
2005-07-20 00:00:00-04:00,0.0,3.166684150695801,3.07872078362361,3.166684150695801,21300,0.0,0.0,AGI
2005-07-21 00:00:00-04:00,3.210667133331299,3.210667133331299,3.193074453947671,3.210667133331299,33800,0.0,0.0,AGI
2005-07-22 00:00:00-04:00,3.1754815578460693,3.2546488246192427,3.140296199156339,3.1754815578460693,15000,0.0,0.0,AGI
2005-07-25 00:00:00-04:00,0.0,3.2194634659295125,3.140296199156339,3.1754815578460693,15900,0.0,0.0,AGI
2005-07-26 00:00:00-04:00,0.0,3.157888412475586,3.0611286903581516,3.157888412475586,9000,0.0,0.0,AGI
2005-07-27 00:00:00-04:00,3.0523321628570557,3.0611285006863342,3.0523321628570557,3.0523321628570557,6000,0.0,0.0,AGI
2005-07-28 00:00:00-04:00,0.0,3.1402952671051025,3.0963135817968666,3.1402952671051025,24300,0.0,0.0,AGI
2005-07-29 00:00:00-04:00,0.0,3.1930744647979736,3.1578888961898737,3.1930744647979736,28200,0.0,0.0,AGI
2005-08-01 00:00:00-04:00,3.1930744647979736,3.1930744647979736,3.1930744647979736,3.1930744647979736,0,0.0,0.0,AGI
2005-08-02 00:00:00-04:00,3.2458512783050537,3.2458512783050537,3.2458512783050537,3.2458512783050537,14000,0.0,0.0,AGI
2005-08-03 00:00:00-04:00,3.2722408771514893,3.2722408771514893,3.254648201176581,3.2722408771514893,39300,0.0,0.0,AGI
2005-08-04 00:00:00-04:00,3.263444662094116,3.263444662094116,3.201870293862505,3.263444662094116,19000,0.0,0.0,AGI
2005-08-05 00:00:00-04:00,3.2370550632476807,3.325018430569135,3.2370550632476807,3.2370550632476807,8700,0.0,0.0,AGI
2005-08-08 00:00:00-04:00,0.0,3.2898335531263974,3.2722408771514893,3.2722408771514893,12000,0.0,0.0,AGI
2005-08-09 00:00:00-04:00,0.0,3.272241000412918,3.263444662094116,3.263444662094116,4200,0.0,0.0,AGI
2005-08-10 00:00:00-04:00,3.263444662094116,3.263444662094116,3.263444662094116,3.263444662094116,5800,0.0,0.0,AGI
2005-08-11 00:00:00-04:00,0.0,3.377796538806303,3.3074258431190517,3.351407527923584,28400,0.0,0.0,AGI
2005-08-12 00:00:00-04:00,3.3777971267700195,3.4305753674436352,3.3777971267700195,3.3777971267700195,7200,0.0,0.0,AGI
2005-08-15 00:00:00-04:00,0.0,3.4481674442147705,3.1139062202578947,3.351407527923584,7400,0.0,0.0,AGI
2005-08-16 00:00:00-04:00,3.351407527923584,3.351407527923584,3.351407527923584,3.351407527923584,0,0.0,0.0,AGI
2005-08-17 00:00:00-04:00,0.0,3.3074262142181396,3.254648186530913,3.3074262142181396,6900,0.0,0.0,AGI
2005-08-18 00:00:00-04:00,3.1842763423919678,3.2194618936191732,3.1842763423919678,3.1842763423919678,2900,0.0,0.0,AGI
2005-08-19 00:00:00-04:00,0.0,3.237054564372187,3.1842763423919678,3.1842763423919678,3300,0.0,0.0,AGI
2005-08-22 00:00:00-04:00,3.096313953399658,3.1666846583383457,3.096313953399658,3.096313953399658,26600,0.0,0.0,AGI
2005-08-23 00:00:00-04:00,3.096313953399658,3.096313953399658,3.096313953399658,3.096313953399658,0,0.0,0.0,AGI
2005-08-24 00:00:00-04:00,3.157888412475586,3.157888412475586,3.069925028732464,3.157888412475586,1700,0.0,0.0,AGI
2005-08-25 00:00:00-04:00,0.0,3.1139065132897437,3.087517499923706,3.087517499923706,14100,0.0,0.0,AGI
2005-08-26 00:00:00-04:00,0.0,3.1314988136291504,3.1314988136291504,3.1314988136291504,1000,0.0,0.0,AGI
2005-08-29 00:00:00-04:00,0.0,2.9555718898773193,2.9555718898773193,2.9555718898773193,2200,0.0,0.0,AGI
2005-08-30 00:00:00-04:00,2.9555718898773193,2.9555718898773193,2.9555718898773193,2.9555718898773193,5100,0.0,0.0,AGI
2005-08-31 00:00:00-04:00,2.9643688201904297,3.0347397383701793,2.9643688201904297,2.9643688201904297,6400,0.0,0.0,AGI
2005-09-01 00:00:00-04:00,2.9995548725128174,2.9995548725128174,2.9995548725128174,2.9995548725128174,300,0.0,0.0,AGI
2005-09-02 00:00:00-04:00,0.0,3.2458512783050537,3.096313349742986,3.2458512783050537,1600,0.0,0.0,AGI
2005-09-06 00:00:00-04:00,0.0,3.1051101898327285,3.0523321628570557,3.0523321628570557,4000,0.0,0.0,AGI
2005-09-07 00:00:00-04:00,3.0523321628570557,3.0523321628570557,3.0523321628570557,3.0523321628570557,0,0.0,0.0,AGI
2005-09-08 00:00:00-04:00,3.096313953399658,3.122702967751666,3.0787212771649863,3.096313953399658,8200,0.0,0.0,AGI
2005-09-09 00:00:00-04:00,0.0,3.2194633606360314,3.149092435836792,3.149092435836792,4800,0.0,0.0,AGI
2005-09-12 00:00:00-04:00,3.210667133331299,3.2634451714821826,3.210667133331299,3.210667133331299,2500,0.0,0.0,AGI
2005-09-13 00:00:00-04:00,3.1402952671051025,3.1402952671051025,3.105109918858514,3.1402952671051025,3200,0.0,0.0,AGI
2005-09-14 00:00:00-04:00,0.0,3.2282590866088867,3.1578881751810504,3.2282590866088867,8700,0.0,0.0,AGI
2005-09-15 00:00:00-04:00,3.53613018989563,3.53613018989563,3.474555842033696,3.53613018989563,3600,0.0,0.0,AGI
2005-09-16 00:00:00-04:00,3.4921493530273438,3.5977056130504677,3.46576034045187,3.4921493530273438,5900,0.0,0.0,AGI
2005-09-19 00:00:00-04:00,3.6152994632720947,3.6592809554730605,3.5273360594275682,3.6152994632720947,15300,0.0,0.0,AGI
2005-09-20 00:00:00-04:00,0.0,3.5625205039978027,3.5625205039978027,3.5625205039978027,2300,0.0,0.0,AGI
2005-09-21 00:00:00-04:00,0.0,3.7296507358551025,3.7296507358551025,3.7296507358551025,6800,0.0,0.0,AGI
2005-09-22 00:00:00-04:00,3.58890962600708,3.782429501210074,3.58890962600708,3.58890962600708,5000,0.0,0.0,AGI
2005-09-23 00:00:00-04:00,3.597705602645874,3.597705602645874,3.597705602645874,3.597705602645874,2800,0.0,0.0,AGI
2005-09-26 00:00:00-04:00,0.0,3.641686610498535,3.5185379013936307,3.5449271202087402,19400,0.0,0.0,AGI
2005-09-27 00:00:00-04:00,3.53613018989563,3.588908202348716,3.5009448482602394,3.53613018989563,5500,0.0,0.0,AGI
2005-09-28 00:00:00-04:00,0.0,3.6680755615234375,3.6680755615234375,3.6680755615234375,2300,0.0,0.0,AGI
2005-09-29 00:00:00-04:00,0.0,3.773631930903732,3.6592793464660645,3.6592793464660645,2500,0.0,0.0,AGI
2005-09-30 00:00:00-04:00,3.6592793464660645,3.6592793464660645,3.6592793464660645,3.6592793464660645,0,0.0,0.0,AGI
2005-10-03 00:00:00-04:00,3.624094247817993,3.7824287353696864,3.615298120422032,3.624094247817993,11200,0.0,0.0,AGI
2005-10-04 00:00:00-04:00,0.0,3.5361310340871426,3.509742021560669,3.509742021560669,1500,0.0,0.0,AGI
2005-10-05 00:00:00-04:00,0.0,3.6152994632720947,3.5097431689373657,3.6152994632720947,6500,0.0,0.0,AGI
2005-10-06 00:00:00-04:00,3.518537998199463,3.5449272177406215,3.4129819589196586,3.518537998199463,2700,0.0,0.0,AGI
2005-10-07 00:00:00-04:00,3.5449271202087402,3.5449271202087402,3.5449271202087402,3.5449271202087402,3700,0.0,0.0,AGI
2005-10-10 00:00:00-04:00,3.5449271202087402,3.5449271202087402,3.5449271202087402,3.5449271202087402,0,0.0,0.0,AGI
2005-10-11 00:00:00-04:00,0.0,3.6152994632720947,3.5449287401964735,3.6152994632720947,25700,0.0,0.0,AGI
2005-10-12 00:00:00-04:00,0.0,3.6152986765000303,3.3953897953033447,3.3953897953033447,7200,0.0,0.0,AGI
2005-10-13 00:00:00-04:00,0.0,3.3690007219197353,3.263444662094116,3.263444662094116,6000,0.0,0.0,AGI
2005-10-14 00:00:00-04:00,3.3074262142181396,3.3426115660096243,3.237055510635171,3.3074262142181396,7600,0.0,0.0,AGI
2005-10-17 00:00:00-04:00,3.351407527923584,3.351407527923584,3.351407527923584,3.351407527923584,3000,0.0,0.0,AGI
2005-10-18 00:00:00-04:00,0.0,3.5097418029411154,3.351407527923584,3.351407527923584,1100,0.0,0.0,AGI
2005-10-19 00:00:00-04:00,3.2018702030181885,3.2018702030181885,3.2018702030181885,3.2018702030181885,1300,0.0,0.0,AGI
2005-10-20 00:00:00-04:00,3.2018702030181885,3.2018702030181885,3.1314992887431097,3.2018702030181885,5800,0.0,0.0,AGI
2005-10-21 00:00:00-04:00,3.325018882751465,3.325018882751465,3.184277266175924,3.325018882751465,14000,0.0,0.0,AGI
2005-10-24 00:00:00-04:00,0.0,3.3514076685767566,3.281036969936161,3.2898333072662354,10500,0.0,0.0,AGI
2005-10-25 00:00:00-04:00,0.0,3.4481680393218994,3.395389798726435,3.4481680393218994,6000,0.0,0.0,AGI
2005-10-26 00:00:00-04:00,3.3865933418273926,3.4129825660629907,3.3865933418273926,3.3865933418273926,4500,0.0,0.0,AGI
2005-10-27 00:00:00-04:00,0.0,3.4305754748025743,3.404186248779297,3.404186248779297,3900,0.0,0.0,AGI
2005-10-28 00:00:00-04:00,3.360203981399536,3.456963901045872,3.360203981399536,3.360203981399536,8000,0.0,0.0,AGI
2005-10-31 00:00:00-05:00,3.3777971267700195,3.51853875236424,3.3777971267700195,3.3777971267700195,5200,0.0,0.0,AGI
2005-11-01 00:00:00-05:00,3.3777971267700195,3.3777971267700195,3.3777971267700195,3.3777971267700195,0,0.0,0.0,AGI
2005-11-02 00:00:00-05:00,3.3777971267700195,3.3777971267700195,3.3777971267700195,3.3777971267700195,0,0.0,0.0,AGI
2005-11-03 00:00:00-05:00,3.2898333072662354,3.3426113312466823,3.2898333072662354,3.2898333072662354,17000,0.0,0.0,AGI
2005-11-04 00:00:00-05:00,0.0,3.3690006972199598,3.316222667694092,3.316222667694092,12900,0.0,0.0,AGI
2005-11-07 00:00:00-05:00,0.0,3.351407527923584,3.26344415831452,3.351407527923584,2400,0.0,0.0,AGI
2005-11-08 00:00:00-05:00,0.0,3.333815844917341,3.263445128313686,3.2810378074645996,24800,0.0,0.0,AGI
2005-11-09 00:00:00-05:00,3.2810378074645996,3.2810378074645996,3.2810378074645996,3.2810378074645996,0,0.0,0.0,AGI
2005-11-10 00:00:00-05:00,3.2810378074645996,3.3074268261909703,3.2810378074645996,3.2810378074645996,2100,0.0,0.0,AGI
2005-11-11 00:00:00-05:00,0.0,3.316222667694092,3.316222667694092,3.316222667694092,600,0.0,0.0,AGI
2005-11-14 00:00:00-05:00,3.3426120281219482,3.3426120281219482,3.3426120281219482,3.3426120281219482,2000,0.0,0.0,AGI
2005-11-15 00:00:00-05:00,0.0,3.1314988136291504,3.087517129955945,3.1314988136291504,7100,0.0,0.0,AGI
2005-11-16 00:00:00-05:00,0.0,3.281036623914669,3.1666840409622163,3.2458512783050537,28200,0.0,0.0,AGI
2005-11-17 00:00:00-05:00,0.0,3.4129820076118,3.2370550632476807,3.2370550632476807,21700,0.0,0.0,AGI
2005-11-18 00:00:00-05:00,0.0,3.4569636912725272,3.2370550632476807,3.2370550632476807,5100,0.0,0.0,AGI
2005-11-21 00:00:00-05:00,0.0,3.3514074356880097,3.254647731781006,3.254647731781006,24100,0.0,0.0,AGI
2005-11-22 00:00:00-05:00,0.0,3.668076329540071,3.4041857831710525,3.5273349285125732,81300,0.0,0.0,AGI
2005-11-23 00:00:00-05:00,3.58890962600708,3.58890962600708,3.518538914821455,3.58890962600708,5300,0.0,0.0,AGI
2005-11-25 00:00:00-05:00,3.7296507358551025,3.7296507358551025,3.6504839021262607,3.7296507358551025,4800,0.0,0.0,AGI
2005-11-28 00:00:00-05:00,3.641688108444214,3.7384480579769503,3.641688108444214,3.641688108444214,8300,0.0,0.0,AGI
2005-11-29 00:00:00-05:00,3.6504838466644287,3.676872651025621,3.6240946228607536,3.6504838466644287,12100,0.0,0.0,AGI
2005-11-30 00:00:00-05:00,3.509742021560669,3.6240944091753886,3.509742021560669,3.509742021560669,4400,0.0,0.0,AGI
2005-12-01 00:00:00-05:00,0.0,3.5977061746265453,3.518538914821455,3.58890962600708,47700,0.0,0.0,AGI
2005-12-02 00:00:00-05:00,0.0,3.5889085923107187,3.5449271202087402,3.5449271202087402,39000,0.0,0.0,AGI
2005-12-05 00:00:00-05:00,0.0,3.7296502758755543,3.5625200811477518,3.6768722534179688,68200,0.0,0.0,AGI
2005-12-06 00:00:00-05:00,4.107895374298096,4.3278041166528745,4.107895374298096,4.107895374298096,33700,0.0,0.0,AGI
2005-12-07 00:00:00-05:00,0.0,4.292615605341497,4.134281158447266,4.134281158447266,114600,0.0,0.0,AGI
2005-12-08 00:00:00-05:00,4.2574310302734375,4.345394394650491,4.169467246453977,4.2574310302734375,17900,0.0,0.0,AGI
2005-12-09 00:00:00-05:00,4.468544006347656,4.521322035622334,4.275024565673837,4.468544006347656,67900,0.0,0.0,AGI
2005-12-12 00:00:00-05:00,0.0,4.925954672535683,4.714842527164212,4.76762056350708,104800,0.0,0.0,AGI
2005-12-13 00:00:00-05:00,0.0,4.670861434567412,4.494934616095852,4.538916110992432,52600,0.0,0.0,AGI
2005-12-14 00:00:00-05:00,4.538916110992432,4.688454116414568,4.450952701756653,4.538916110992432,14800,0.0,0.0,AGI
2005-12-15 00:00:00-05:00,4.5213236808776855,4.670861694625605,4.5213236808776855,4.5213236808776855,15000,0.0,0.0,AGI
2005-12-16 00:00:00-05:00,4.706045627593994,4.7324348535215,4.600489562769002,4.706045627593994,18800,0.0,0.0,AGI
2005-12-19 00:00:00-05:00,4.574100494384766,4.706045789681784,4.574100494384766,4.574100494384766,3000,0.0,0.0,AGI
2005-12-20 00:00:00-05:00,4.380581378936768,4.750028066952559,4.380581378936768,4.380581378936768,7500,0.0,0.0,AGI
2005-12-21 00:00:00-05:00,4.380581378936768,4.380581378936768,4.380581378936768,4.380581378936768,0,0.0,0.0,AGI
2005-12-22 00:00:00-05:00,4.837991714477539,4.908362435940944,4.679657591184878,4.837991714477539,12200,0.0,0.0,AGI
2005-12-23 00:00:00-05:00,0.0,4.837988615599902,4.732432601016606,4.8203959465026855,33100,0.0,0.0,AGI
2005-12-27 00:00:00-05:00,4.8203959465026855,4.8203959465026855,4.8203959465026855,4.8203959465026855,0,0.0,0.0,AGI
2005-12-28 00:00:00-05:00,0.0,5.005120894124857,4.855582945916593,4.873175621032715,5900,0.0,0.0,AGI
2005-12-29 00:00:00-05:00,4.996325492858887,5.057900079609981,4.85558405964788,4.996325492858887,16500,0.0,0.0,AGI
2005-12-30 00:00:00-05:00,0.0,4.855583190917969,4.855583190917969,4.855583190917969,3400,0.0,0.0,AGI
2006-01-03 00:00:00-05:00,0.0,5.42734603241261,4.969936016458229,5.339382648468018,28400,0.0,0.0,AGI
2006-01-04 00:00:00-05:00,5.207437038421631,5.436141822429926,5.057899085310355,5.207437038421631,37500,0.0,0.0,AGI
2006-01-05 00:00:00-05:00,5.049102783203125,5.260215321224115,4.996324753558501,5.049102783203125,48500,0.0,0.0,AGI
2006-01-06 00:00:00-05:00,0.0,5.480124151294719,5.181048221609909,5.348178863525391,47500,0.0,0.0,AGI
2006-01-09 00:00:00-05:00,5.761608123779297,5.990312954304371,5.568088232353983,5.761608123779297,81900,0.0,0.0,AGI
2006-01-10 00:00:00-05:00,0.0,5.893550413920909,5.761605587197991,5.787994384765625,57400,0.0,0.0,AGI
2006-01-11 00:00:00-05:00,6.1662397384643555,6.201425094564485,6.078275928771502,6.1662397384643555,21000,0.0,0.0,AGI
2006-01-12 00:00:00-05:00,5.955126762390137,6.157442755417261,5.928737537455077,5.955126762390137,22100,0.0,0.0,AGI
2006-01-13 00:00:00-05:00,0.0,6.3509622003185315,5.928737537455077,5.955126762390137,38400,0.0,0.0,AGI
2006-01-17 00:00:00-05:00,0.0,6.342166071635179,5.955126762390137,5.955126762390137,18300,0.0,0.0,AGI
2006-01-18 00:00:00-05:00,0.0,6.342164548863623,5.840772751023071,6.201423168182373,77000,0.0,0.0,AGI
2006-01-19 00:00:00-05:00,0.0,6.597259044647217,6.377350409825643,6.597259044647217,23800,0.0,0.0,AGI
2006-01-20 00:00:00-05:00,0.0,7.116245005706982,6.720409130782087,6.878743648529053,34400,0.0,0.0,AGI
2006-01-23 00:00:00-05:00,0.0,7.116245037911895,6.89633635732814,6.993095874786377,28500,0.0,0.0,AGI
2006-01-24 00:00:00-05:00,0.0,6.861149880765967,6.438925266265869,6.438925266265869,19200,0.0,0.0,AGI
2006-01-25 00:00:00-05:00,0.0,6.7819832792085695,6.57966729012215,6.667630672454834,32200,0.0,0.0,AGI
2006-01-26 00:00:00-05:00,0.0,7.142633609917689,6.65883478020128,6.975502967834473,7300,0.0,0.0,AGI
2006-01-27 00:00:00-05:00,0.0,7.2042050476192445,7.019482217692654,7.098649024963379,31900,0.0,0.0,AGI
2006-01-30 00:00:00-05:00,7.274580001831055,7.503284406090138,7.204208447960843,7.274580001831055,3700,0.0,0.0,AGI
2006-01-31 00:00:00-05:00,7.07226037979126,7.265780178228267,7.07226037979126,7.07226037979126,4200,0.0,0.0,AGI
2006-02-01 00:00:00-05:00,0.0,7.081059167915356,6.8523539553983674,7.0634660720825195,43800,0.0,0.0,AGI
2006-02-02 00:00:00-05:00,6.606056213378906,7.1162442270919435,6.570870442607429,6.606056213378906,6600,0.0,0.0,AGI
2006-02-03 00:00:00-05:00,6.333368301391602,6.509295454978402,6.324572174405592,6.333368301391602,2900,0.0,0.0,AGI
2006-02-06 00:00:00-05:00,0.0,6.887538330731267,6.694018917900848,6.738000392913818,28200,0.0,0.0,AGI
2006-02-07 00:00:00-05:00,0.0,6.614851413103533,6.280590202948675,6.289386749267578,6900,0.0,0.0,AGI
2006-02-08 00:00:00-05:00,6.201423168182373,6.271793858522998,6.201423168182373,6.201423168182373,1400,0.0,0.0,AGI
2006-02-09 00:00:00-05:00,6.5444817543029785,6.711612385785845,6.518092530619376,6.5444817543029785,2600,0.0,0.0,AGI
2006-02-10 00:00:00-05:00,6.254201412200928,6.535684183746847,6.19262684620405,6.254201412200928,16500,0.0,0.0,AGI
2006-02-13 00:00:00-05:00,0.0,6.148646277304607,5.814385414123535,5.814385414123535,1600,0.0,0.0,AGI
2006-02-14 00:00:00-05:00,6.157442569732666,6.157442569732666,5.752810595880549,6.157442569732666,6100,0.0,0.0,AGI
2006-02-15 00:00:00-05:00,6.3685526847839355,6.3685526847839355,6.3685526847839355,6.3685526847839355,2000,0.0,0.0,AGI
2006-02-16 00:00:00-05:00,6.430129051208496,6.456518274483602,6.430129051208496,6.430129051208496,800,0.0,0.0,AGI
2006-02-17 00:00:00-05:00,6.799575328826904,6.799575328826904,6.720408082304616,6.799575328826904,2500,0.0,0.0,AGI
2006-02-21 00:00:00-05:00,6.825964450836182,6.825964450836182,6.808371356806731,6.825964450836182,2100,0.0,0.0,AGI
2006-02-22 00:00:00-05:00,6.825964450836182,6.825964450836182,6.825964450836182,6.825964450836182,0,0.0,0.0,AGI
2006-02-23 00:00:00-05:00,7.0546698570251465,7.0546698570251465,6.949113386812063,7.0546698570251465,6100,0.0,0.0,AGI
2006-02-24 00:00:00-05:00,0.0,7.38892936706543,6.896334523332971,7.38892936706543,8900,0.0,0.0,AGI
2006-02-27 00:00:00-05:00,7.169021129608154,7.43291165806594,7.169021129608154,7.169021129608154,27000,0.0,0.0,AGI
2006-02-28 00:00:00-05:00,0.0,7.081057889153385,7.037075996398926,7.037075996398926,1000,0.0,0.0,AGI
2006-03-01 00:00:00-05:00,7.037075996398926,7.037075996398926,7.037075996398926,7.037075996398926,0,0.0,0.0,AGI
2006-03-02 00:00:00-05:00,7.221799850463867,7.256985199694871,7.1074472557418815,7.221799850463867,2600,0.0,0.0,AGI
2006-03-03 00:00:00-05:00,7.468098163604736,7.573654223573691,7.353745555583787,7.468098163604736,7100,0.0,0.0,AGI
2006-03-06 00:00:00-05:00,7.459301471710205,7.459301471710205,7.169022102671977,7.459301471710205,1900,0.0,0.0,AGI
2006-03-07 00:00:00-05:00,7.07226037979126,7.07226037979126,7.010685822208147,7.07226037979126,37500,0.0,0.0,AGI
2006-03-08 00:00:00-05:00,0.0,7.063466119939822,6.922724707863484,6.957910060882568,2200,0.0,0.0,AGI
2006-03-09 00:00:00-05:00,0.0,7.098651119266759,6.993095065468864,7.001891613006592,5200,0.0,0.0,AGI
2006-03-10 00:00:00-05:00,0.0,7.116243839263916,6.843557171604041,7.116243839263916,8800,0.0,0.0,AGI
2006-03-13 00:00:00-05:00,7.0546698570251465,7.195411258052644,7.0546698570251465,7.0546698570251465,10800,0.0,0.0,AGI
2006-03-14 00:00:00-05:00,0.0,7.2305965552906235,7.195411205291748,7.195411205291748,300,0.0,0.0,AGI
2006-03-15 00:00:00-05:00,0.0,7.468098019592571,6.377351248728622,7.459301471710205,7500,0.0,0.0,AGI
2006-03-16 00:00:00-05:00,0.0,7.661617626005644,7.61763572692871,7.617635726928711,2900,0.0,0.0,AGI
2006-03-17 00:00:00-05:00,7.556063175201416,7.573655435234885,7.494489006756579,7.556063175201416,2000,0.0,0.0,AGI
2006-03-20 00:00:00-05:00,7.670413017272949,7.670413017272949,7.485689740105069,7.670413017272949,2900,0.0,0.0,AGI
2006-03-21 00:00:00-05:00,0.0,7.485692024230957,7.432913569413659,7.485692024230957,3500,0.0,0.0,AGI
2006-03-22 00:00:00-05:00,7.485692024230957,7.485692024230957,7.485692024230957,7.485692024230957,0,0.0,0.0,AGI
2006-03-23 00:00:00-05:00,0.0,7.67041544978007,7.635230092441472,7.644025802612305,8300,0.0,0.0,AGI
2006-03-24 00:00:00-05:00,7.811156749725342,7.811156749725342,7.7407860362139935,7.811156749725342,3800,0.0,0.0,AGI
2006-03-27 00:00:00-05:00,0.0,7.846338911584474,7.749579429626465,7.749579429626465,4900,0.0,0.0,AGI
2006-03-28 00:00:00-05:00,7.547264575958252,7.775969766474539,7.547264575958252,7.547264575958252,5400,0.0,0.0,AGI
2006-03-29 00:00:00-05:00,7.50328254699707,7.50328254699707,7.424115302532858,7.50328254699707,1100,0.0,0.0,AGI
2006-03-30 00:00:00-05:00,0.0,7.556061087600849,7.081058453539853,7.221799850463867,23000,0.0,0.0,AGI
2006-03-31 00:00:00-05:00,0.0,7.204206793350062,7.116243839263916,7.116243839263916,4700,0.0,0.0,AGI
2006-04-03 00:00:00-04:00,6.966704368591309,7.0106858360008975,6.922722481739362,6.966704368591309,4800,0.0,0.0,AGI
2006-04-04 00:00:00-04:00,6.922724723815918,7.230597192606094,6.869946694165672,6.922724723815918,9600,0.0,0.0,AGI
2006-04-05 00:00:00-04:00,0.0,6.931520808065998,6.8699462345390465,6.887538909912109,31700,0.0,0.0,AGI
2006-04-06 00:00:00-04:00,0.0,7.063464825112036,6.931519985198975,6.931519985198975,5900,0.0,0.0,AGI
2006-04-07 00:00:00-04:00,6.931519985198975,6.931519985198975,6.931519985198975,6.931519985198975,0,0.0,0.0,AGI
2006-04-10 00:00:00-04:00,0.0,6.922725111255267,6.7819836909778335,6.808372497558594,4200,0.0,0.0,AGI
2006-04-11 00:00:00-04:00,6.755594253540039,7.010688279531046,6.755594253540039,6.755594253540039,7900,0.0,0.0,AGI
2006-04-12 00:00:00-04:00,6.667630672454834,6.746797926275496,6.667630672454834,6.667630672454834,6600,0.0,0.0,AGI
2006-04-13 00:00:00-04:00,0.0,6.597259782227702,6.509296402353162,6.5444817543029785,8300,0.0,0.0,AGI
2006-04-17 00:00:00-04:00,6.817166805267334,8.717177032255764,6.6412400877470645,6.817166805267334,2300,0.0,0.0,AGI
2006-04-18 00:00:00-04:00,7.494486331939697,7.494486331939697,7.177817375506576,7.494486331939697,3600,0.0,0.0,AGI
2006-04-19 00:00:00-04:00,7.644025802612305,7.644025802612305,7.424117109524797,7.644025802612305,9100,0.0,0.0,AGI
2006-04-20 00:00:00-04:00,7.133835792541504,7.600042701113974,7.133835792541504,7.133835792541504,7100,0.0,0.0,AGI
2006-04-21 00:00:00-04:00,7.2305989265441895,7.2305989265441895,7.2305989265441895,7.2305989265441895,900,0.0,0.0,AGI
2006-04-24 00:00:00-04:00,0.0,7.362541123139921,7.125040229559863,7.142632484436035,10000,0.0,0.0,AGI
2006-04-25 00:00:00-04:00,0.0,7.195412015282712,7.107448210940939,7.186615467071533,2600,0.0,0.0,AGI
2006-04-26 00:00:00-04:00,7.793560028076172,7.793560028076172,7.406521283728002,7.793560028076172,23000,0.0,0.0,AGI
2006-04-27 00:00:00-04:00,0.0,7.916711330413818,7.70559922960183,7.916711330413818,2000,0.0,0.0,AGI
2006-04-28 00:00:00-04:00,8.28615951538086,8.303751774379876,7.951898205548766,8.28615951538086,5000,0.0,0.0,AGI
2006-05-01 00:00:00-04:00,8.356528282165527,8.550048119377127,8.356528282165527,8.356528282165527,2900,0.0,0.0,AGI
2006-05-02 00:00:00-04:00,8.303749084472656,8.303749084472656,8.303749084472656,8.303749084472656,2400,0.0,0.0,AGI
2006-05-03 00:00:00-04:00,0.0,8.47968123721275,8.35653204196406,8.426902770996094,14000,0.0,0.0,AGI
2006-05-04 00:00:00-04:00,0.0,8.699585006926629,8.576435882006981,8.638010025024414,4300,0.0,0.0,AGI
2006-05-05 00:00:00-04:00,0.0,8.761160492858352,8.523658752441406,8.523658752441406,6500,0.0,0.0,AGI
2006-05-08 00:00:00-04:00,0.0,8.655608059792836,8.426902770996094,8.426902770996094,3300,0.0,0.0,AGI
2006-05-09 00:00:00-04:00,0.0,8.937088012695312,8.514863778497888,8.937088012695312,22400,0.0,0.0,AGI
2006-05-10 00:00:00-04:00,0.0,9.016254799351916,8.901902198791504,8.901902198791504,4800,0.0,0.0,AGI
2006-05-11 00:00:00-04:00,0.0,9.315332412719727,8.92829264147673,9.315332412719727,20000,0.0,0.0,AGI
2006-05-12 00:00:00-04:00,0.0,9.095418141830491,8.620415687561035,8.620415687561035,25400,0.0,0.0,AGI
2006-05-15 00:00:00-04:00,0.0,8.119027255175281,7.8375444412231445,7.8375444412231445,16100,0.0,0.0,AGI
2006-05-16 00:00:00-04:00,7.872730255126953,8.013471670365089,7.872730255126953,7.872730255126953,6700,0.0,0.0,AGI
2006-05-17 00:00:00-04:00,7.520878791809082,7.881528977570267,7.520878791809082,7.520878791809082,2500,0.0,0.0,AGI
2006-05-18 00:00:00-04:00,0.0,7.380134582519531,7.037076787147517,7.380134582519531,6200,0.0,0.0,AGI
2006-05-19 00:00:00-04:00,0.0,7.3537445068359375,6.869945757920183,7.3537445068359375,20400,0.0,0.0,AGI
2006-05-22 00:00:00-04:00,7.3537445068359375,7.3537445068359375,7.3537445068359375,7.3537445068359375,0,0.0,0.0,AGI
2006-05-23 00:00:00-04:00,7.38892936706543,7.600042281835589,7.300966421555615,7.38892936706543,13300,0.0,0.0,AGI
2006-05-24 00:00:00-04:00,6.65003776550293,7.459301274357643,6.562074386218991,6.65003776550293,10500,0.0,0.0,AGI
2006-05-25 00:00:00-04:00,7.40652322769165,7.40652322769165,7.045873184260249,7.40652322769165,1200,0.0,0.0,AGI
2006-05-26 00:00:00-04:00,7.40652322769165,7.40652322769165,7.40652322769165,7.40652322769165,0,0.0,0.0,AGI
2006-05-30 00:00:00-04:00,0.0,7.644023406101222,7.564857006072998,7.564857006072998,8400,0.0,0.0,AGI
2006-05-31 00:00:00-04:00,0.0,7.441710756022466,7.283376216888428,7.283376216888428,1100,0.0,0.0,AGI
2006-06-01 00:00:00-04:00,7.15142822265625,7.15142822265625,7.054668734566348,7.15142822265625,14000,0.0,0.0,AGI
2006-06-02 00:00:00-04:00,7.15142822265625,7.15142822265625,7.15142822265625,7.15142822265625,0,0.0,0.0,AGI
2006-06-05 00:00:00-04:00,0.0,7.133837296138373,6.993095874786377,6.993095874786377,700,0.0,0.0,AGI
2006-06-06 00:00:00-04:00,0.0,6.597259428820636,6.3773507811932815,6.447721481323242,25400,0.0,0.0,AGI
2006-06-07 00:00:00-04:00,6.482905864715576,6.482905864715576,6.359757157850974,6.482905864715576,5600,0.0,0.0,AGI
2006-06-08 00:00:00-04:00,6.430129051208496,6.430129051208496,6.289387645587865,6.430129051208496,8600,0.0,0.0,AGI
2006-06-09 00:00:00-04:00,6.5444817543029785,6.606056329936397,6.5444817543029785,6.5444817543029785,900,0.0,0.0,AGI
2006-06-12 00:00:00-04:00,6.245406150817871,6.773186875496106,6.245406150817871,6.245406150817871,23700,0.0,0.0,AGI
2006-06-13 00:00:00-04:00,0.0,6.04308945235367,5.6032721631964755,5.867162704467773,133800,0.0,0.0,AGI
2006-06-14 00:00:00-04:00,0.0,6.166239133195242,6.104664556342822,6.122257232666016,11200,0.0,0.0,AGI
2006-06-15 00:00:00-04:00,0.0,6.641241769842359,6.306980502449693,6.553277969360352,13600,0.0,0.0,AGI
2006-06-16 00:00:00-04:00,6.526889324188232,6.685223413926661,6.509296647550629,6.526889324188232,14600,0.0,0.0,AGI
2006-06-19 00:00:00-04:00,0.0,6.597259782227702,6.535685206594284,6.5444817543029785,8300,0.0,0.0,AGI
2006-06-20 00:00:00-04:00,0.0,6.509296462867131,6.403740406036377,6.403740406036377,7300,0.0,0.0,AGI
2006-06-21 00:00:00-04:00,0.0,6.6060555913724475,6.465313779865785,6.597259044647217,25100,0.0,0.0,AGI
2006-06-22 00:00:00-04:00,0.0,6.834761654865786,6.7028163649609995,6.76439094543457,7100,0.0,0.0,AGI
2006-06-23 00:00:00-04:00,0.0,6.8875386021694665,6.764389880060448,6.825964450836182,17300,0.0,0.0,AGI
2006-06-26 00:00:00-04:00,0.0,7.07226037979126,7.037075038155869,7.07226037979126,3600,0.0,0.0,AGI
2006-06-27 00:00:00-04:00,7.204207420349121,7.292171220975864,7.133836715401716,7.204207420349121,10600,0.0,0.0,AGI
2006-06-28 00:00:00-04:00,0.0,7.028281124234984,6.72040905994469,6.72920560836792,13500,0.0,0.0,AGI
2006-06-29 00:00:00-04:00,6.72920560836792,6.72920560836792,6.72920560836792,6.72920560836792,0,0.0,0.0,AGI
2006-06-30 00:00:00-04:00,7.098649024963379,7.362539501045392,7.0282783431928015,7.098649024963379,9100,0.0,0.0,AGI
2006-07-03 00:00:00-04:00,7.098649024963379,7.098649024963379,7.098649024963379,7.098649024963379,0,0.0,0.0,AGI
2006-07-05 00:00:00-04:00,0.0,7.256985077228242,7.142632484436035,7.142632484436035,3000,0.0,0.0,AGI
2006-07-06 00:00:00-04:00,0.0,6.940316677093506,6.940316677093506,6.940316677093506,1000,0.0,0.0,AGI
2006-07-07 00:00:00-04:00,7.001891613006592,7.204207173064654,6.931520910474662,7.001891613006592,2400,0.0,0.0,AGI
2006-07-10 00:00:00-04:00,6.852353572845459,6.852353572845459,6.702815622154671,6.852353572845459,4000,0.0,0.0,AGI
2006-07-11 00:00:00-04:00,6.781982421875,6.83476044460276,6.781982421875,6.781982421875,3700,0.0,0.0,AGI
2006-07-12 00:00:00-04:00,6.896336078643799,6.896336078643799,6.896336078643799,6.896336078643799,2000,0.0,0.0,AGI
2006-07-13 00:00:00-04:00,6.896336078643799,6.896336078643799,6.896336078643799,6.896336078643799,0,0.0,0.0,AGI
2006-07-14 00:00:00-04:00,6.896336078643799,6.896336078643799,6.896336078643799,6.896336078643799,0,0.0,0.0,AGI
2006-07-17 00:00:00-04:00,6.5444817543029785,6.5444817543029785,6.5444817543029785,6.5444817543029785,1000,0.0,0.0,AGI
2006-07-18 00:00:00-04:00,6.192627906799316,6.43012924568863,6.192627906799316,6.192627906799316,46600,0.0,0.0,AGI
2006-07-19 00:00:00-04:00,6.183833122253418,6.271796522542693,6.183833122253418,6.183833122253418,2700,0.0,0.0,AGI
2006-07-20 00:00:00-04:00,0.0,6.289386749267578,6.1838307100952274,6.289386749267578,7000,0.0,0.0,AGI
2006-07-21 00:00:00-04:00,6.289386749267578,6.289386749267578,6.289386749267578,6.289386749267578,0,0.0,0.0,AGI
2006-07-24 00:00:00-04:00,0.0,6.245406150817871,5.963923321358813,6.245406150817871,3300,0.0,0.0,AGI
2006-07-25 00:00:00-04:00,6.245406150817871,6.245406150817871,6.245406150817871,6.245406150817871,0,0.0,0.0,AGI
2006-07-26 00:00:00-04:00,7.0634660720825195,7.0634660720825195,6.553278037319995,7.0634660720825195,6200,0.0,0.0,AGI
2006-07-27 00:00:00-04:00,7.0898542404174805,7.3713370040858335,7.0898542404174805,7.0898542404174805,8900,0.0,0.0,AGI
2006-07-28 00:00:00-04:00,0.0,7.001891248323158,6.940316677093506,6.940316677093506,11000,0.0,0.0,AGI
2006-07-31 00:00:00-04:00,0.0,7.0634660720825195,7.0194845908279,7.0634660720825195,1900,0.0,0.0,AGI
2006-08-01 00:00:00-04:00,7.3537445068359375,7.3537445068359375,7.02827982529294,7.3537445068359375,23100,0.0,0.0,AGI
2006-08-02 00:00:00-04:00,0.0,7.415321350097656,7.336154086890408,7.415321350097656,4800,0.0,0.0,AGI
2006-08-03 00:00:00-04:00,0.0,7.485691063092485,7.1426332480402595,7.2393927574157715,7000,0.0,0.0,AGI
2006-08-04 00:00:00-04:00,7.714395523071289,7.714395523071289,7.66161708016212,7.714395523071289,3000,0.0,0.0,AGI
2006-08-07 00:00:00-04:00,7.714395523071289,7.714395523071289,7.714395523071289,7.714395523071289,0,0.0,0.0,AGI
2006-08-08 00:00:00-04:00,7.846341133117676,7.846341133117676,7.4944876092094725,7.846341133117676,6000,0.0,0.0,AGI
2006-08-09 00:00:00-04:00,0.0,7.846341133117676,7.846341133117676,7.846341133117676,100,0.0,0.0,AGI
2006-08-10 00:00:00-04:00,6.799575328826904,6.896335250193872,6.799575328826904,6.799575328826904,6400,0.0,0.0,AGI
2006-08-11 00:00:00-04:00,0.0,6.8435587882995605,6.8435587882995605,6.8435587882995605,100,0.0,0.0,AGI
2006-08-14 00:00:00-04:00,0.0,6.3685526847839355,6.315774672524894,6.3685526847839355,5400,0.0,0.0,AGI
2006-08-15 00:00:00-04:00,6.482905864715576,6.482905864715576,6.3773498302602025,6.482905864715576,23700,0.0,0.0,AGI
2006-08-16 00:00:00-04:00,6.817166805267334,6.817166805267334,6.694018103003145,6.817166805267334,16600,0.0,0.0,AGI
2006-08-17 00:00:00-04:00,0.0,6.588463234519008,6.474111050403347,6.5444817543029785,2600,0.0,0.0,AGI
2006-08-18 00:00:00-04:00,6.394944190979004,6.394944190979004,6.394944190979004,6.394944190979004,3000,0.0,0.0,AGI
2006-08-21 00:00:00-04:00,6.738000392913818,6.825964181824622,6.711611591794522,6.738000392913818,3500,0.0,0.0,AGI
2006-08-22 00:00:00-04:00,0.0,6.702816877769033,6.694020748138428,6.694020748138428,1800,0.0,0.0,AGI
2006-08-23 00:00:00-04:00,6.6852240562438965,6.6852240562438965,6.64124257014539,6.6852240562438965,1400,0.0,0.0,AGI
2006-08-24 00:00:00-04:00,7.028280735015869,7.116244536606762,6.861150518655153,7.028280735015869,39800,0.0,0.0,AGI
2006-08-25 00:00:00-04:00,0.0,6.931521681297201,6.878743648529053,6.878743648529053,800,0.0,0.0,AGI
2006-08-28 00:00:00-04:00,0.0,6.614852428436279,6.526889048957568,6.614852428436279,8600,0.0,0.0,AGI
2006-08-29 00:00:00-04:00,6.438925266265869,6.438925266265869,6.430128719147609,6.438925266265869,5000,0.0,0.0,AGI
2006-08-30 00:00:00-04:00,0.0,6.588461875915527,6.588461875915527,6.588461875915527,500,0.0,0.0,AGI
2006-08-31 00:00:00-04:00,0.0,7.063465565425674,6.869946139012865,7.0546698570251465,110000,0.0,0.0,AGI
2006-09-01 00:00:00-04:00,7.2305989265441895,7.2305989265441895,7.160228203468568,7.2305989265441895,12200,0.0,0.0,AGI
2006-09-05 00:00:00-04:00,7.432911396026611,7.432911396026611,7.371337249148309,7.432911396026611,1200,0.0,0.0,AGI
2006-09-06 00:00:00-04:00,7.415321350097656,7.476895515309923,7.415321350097656,7.415321350097656,1400,0.0,0.0,AGI
2006-09-07 00:00:00-04:00,7.213004112243652,7.292171366611819,7.195411855097944,7.213004112243652,5100,0.0,0.0,AGI
2006-09-08 00:00:00-04:00,7.213004112243652,7.213004112243652,7.213004112243652,7.213004112243652,0,0.0,0.0,AGI
2006-09-11 00:00:00-04:00,6.623648166656494,6.74679688287719,6.588462399722439,6.623648166656494,3500,0.0,0.0,AGI
2006-09-12 00:00:00-04:00,6.597259044647217,6.68522241468736,6.588462497921985,6.597259044647217,30900,0.0,0.0,AGI
2006-09-13 00:00:00-04:00,0.0,6.76439094543457,6.76439094543457,6.76439094543457,800,0.0,0.0,AGI
2006-09-14 00:00:00-04:00,0.0,6.526887902219722,6.4301279920720775,6.491702556610107,8800,0.0,0.0,AGI
2006-09-15 00:00:00-04:00,6.491702556610107,6.491702556610107,6.34216462804804,6.491702556610107,6400,0.0,0.0,AGI
2006-09-18 00:00:00-04:00,6.7907795906066895,6.825965363929863,6.650038175084013,6.7907795906066895,6600,0.0,0.0,AGI
2006-09-19 00:00:00-04:00,0.0,6.465316295623779,6.465316295623779,6.465316295623779,1800,0.0,0.0,AGI
2006-09-20 00:00:00-04:00,6.465316295623779,6.465316295623779,6.465316295623779,6.465316295623779,0,0.0,0.0,AGI
2006-09-21 00:00:00-04:00,0.0,6.773186683654785,6.579667243882858,6.773186683654785,3000,0.0,0.0,AGI
2006-09-22 00:00:00-04:00,6.773186683654785,6.773186683654785,6.773186683654785,6.773186683654785,0,0.0,0.0,AGI
2006-09-25 00:00:00-04:00,0.0,6.6412408404023076,6.526888251333305,6.623648166656494,33000,0.0,0.0,AGI
2006-09-26 00:00:00-04:00,0.0,6.738000392913818,6.738000392913818,6.738000392913818,1300,0.0,0.0,AGI
2006-09-27 00:00:00-04:00,7.1250410079956055,7.186615165116724,7.1250410079956055,7.1250410079956055,2700,0.0,0.0,AGI
2006-09-28 00:00:00-04:00,7.1250410079956055,7.1250410079956055,7.1250410079956055,7.1250410079956055,0,0.0,0.0,AGI
2006-09-29 00:00:00-04:00,0.0,7.265781879425049,7.24818878504578,7.265781879425049,800,0.0,0.0,AGI
2006-10-02 00:00:00-04:00,7.265781879425049,7.265781879425049,7.265781879425049,7.265781879425049,0,0.0,0.0,AGI
2006-10-03 00:00:00-04:00,0.0,6.825965902309714,6.667631377915987,6.6852240562438965,8600,0.0,0.0,AGI
2006-10-04 00:00:00-04:00,6.104664325714111,6.210220379665457,6.104664325714111,6.104664325714111,10300,0.0,0.0,AGI
2006-10-05 00:00:00-04:00,6.658834934234619,6.658834934234619,6.544482320778377,6.658834934234619,2700,0.0,0.0,AGI
2006-10-06 00:00:00-04:00,6.658834934234619,6.658834934234619,6.658834934234619,6.658834934234619,0,0.0,0.0,AGI
2006-10-09 00:00:00-04:00,6.658834934234619,6.658834934234619,6.658834934234619,6.658834934234619,0,0.0,0.0,AGI
2006-10-10 00:00:00-04:00,0.0,6.526888136999649,6.509295463562012,6.509295463562012,300,0.0,0.0,AGI
2006-10-11 00:00:00-04:00,0.0,6.597259782227702,6.4565183744284385,6.5444817543029785,3300,0.0,0.0,AGI
2006-10-12 00:00:00-04:00,0.0,6.738002091227627,6.6852240562438965,6.6852240562438965,1000,0.0,0.0,AGI
2006-10-13 00:00:00-04:00,6.896336078643799,6.896336078643799,6.896336078643799,6.896336078643799,1700,0.0,0.0,AGI
2006-10-16 00:00:00-04:00,0.0,6.966704368591309,6.966704368591309,6.966704368591309,300,0.0,0.0,AGI
2006-10-17 00:00:00-04:00,0.0,7.019484043121338,7.019484043121338,7.019484043121338,1000,0.0,0.0,AGI
2006-10-18 00:00:00-04:00,7.019484043121338,7.019484043121338,7.019484043121338,7.019484043121338,0,0.0,0.0,AGI
2006-10-19 00:00:00-04:00,7.045873165130615,7.045873165130615,7.037076618025706,7.045873165130615,1000,0.0,0.0,AGI
2006-10-20 00:00:00-04:00,7.045873165130615,7.045873165130615,7.045873165130615,7.045873165130615,0,0.0,0.0,AGI
2006-10-23 00:00:00-04:00,0.0,6.922724260658233,6.887538909912109,6.887538909912109,700,0.0,0.0,AGI
2006-10-24 00:00:00-04:00,0.0,7.195411205291748,6.913927985858289,7.195411205291748,2800,0.0,0.0,AGI
2006-10-25 00:00:00-04:00,0.0,7.204207420349121,7.169022067875419,7.204207420349121,2900,0.0,0.0,AGI
2006-10-26 00:00:00-04:00,0.0,7.26578256145076,7.213004112243652,7.213004112243652,4700,0.0,0.0,AGI
2006-10-27 00:00:00-04:00,7.221799850463867,7.221799850463867,7.1778179542038885,7.221799850463867,14100,0.0,0.0,AGI
2006-10-30 00:00:00-05:00,7.213004112243652,7.213004112243652,7.213004112243652,7.213004112243652,2000,0.0,0.0,AGI
2006-10-31 00:00:00-05:00,0.0,7.2305989265441895,7.221802376438439,7.2305989265441895,500,0.0,0.0,AGI
2006-11-01 00:00:00-05:00,7.142632484436035,7.142632484436035,7.142632484436035,7.142632484436035,1000,0.0,0.0,AGI
2006-11-02 00:00:00-05:00,6.9842987060546875,7.09865088416051,6.9842987060546875,6.9842987060546875,3200,0.0,0.0,AGI
2006-11-03 00:00:00-05:00,0.0,7.16022573574944,7.116243839263916,7.116243839263916,1000,0.0,0.0,AGI
2006-11-06 00:00:00-05:00,7.512081146240234,7.5648596032639395,7.04587493788548,7.512081146240234,2900,0.0,0.0,AGI
2006-11-07 00:00:00-05:00,7.529672622680664,7.547264878641739,7.459301082181559,7.529672622680664,8700,0.0,0.0,AGI
2006-11-08 00:00:00-05:00,7.50328254699707,7.50328254699707,7.397726500673083,7.50328254699707,1400,0.0,0.0,AGI
2006-11-09 00:00:00-05:00,0.0,8.312544822692871,7.77596814647057,8.312544822692871,10600,0.0,0.0,AGI
2006-11-10 00:00:00-05:00,0.0,8.418103891542613,8.321344375610352,8.321344375610352,2800,0.0,0.0,AGI
2006-11-13 00:00:00-05:00,8.321344375610352,8.321344375610352,8.321344375610352,8.321344375610352,0,0.0,0.0,AGI
2006-11-14 00:00:00-05:00,0.0,7.837542366256091,7.749579429626465,7.749579429626465,1400,0.0,0.0,AGI
2006-11-15 00:00:00-05:00,7.573654651641846,7.573654651641846,7.573654651641846,7.573654651641846,62100,0.0,0.0,AGI
2006-11-16 00:00:00-05:00,0.0,7.600044713393413,7.424117088317871,7.424117088317871,8100,0.0,0.0,AGI
2006-11-17 00:00:00-05:00,6.940316677093506,7.177817995490091,6.940316677093506,6.940316677093506,52000,0.0,0.0,AGI
2006-11-20 00:00:00-05:00,7.169021129608154,7.195410769673338,7.116243527247516,7.169021129608154,79300,0.0,0.0,AGI
2006-11-21 00:00:00-05:00,7.512081146240234,7.5296742448765075,7.4417104294653695,7.512081146240234,60300,0.0,0.0,AGI
2006-11-22 00:00:00-05:00,7.802359580993652,7.802359580993652,7.802359580993652,7.802359580993652,1000,0.0,0.0,AGI
2006-11-24 00:00:00-05:00,7.802359580993652,7.802359580993652,7.802359580993652,7.802359580993652,0,0.0,0.0,AGI
2006-11-27 00:00:00-05:00,0.0,7.626431821820421,7.547264575958252,7.547264575958252,1700,0.0,0.0,AGI
2006-11-28 00:00:00-05:00,7.538467884063721,7.538467884063721,7.538467884063721,7.538467884063721,46000,0.0,0.0,AGI
2006-11-29 00:00:00-05:00,7.538467884063721,7.538467884063721,7.538467884063721,7.538467884063721,0,0.0,0.0,AGI
2006-11-30 00:00:00-05:00,0.0,7.934304424923943,7.775969929872494,7.916711330413818,36700,0.0,0.0,AGI
2006-12-01 00:00:00-05:00,7.72319221496582,7.72319221496582,7.72319221496582,7.72319221496582,1000,0.0,0.0,AGI
2006-12-04 00:00:00-05:00,7.9870805740356445,8.004673665337219,7.819950401094521,7.9870805740356445,3900,0.0,0.0,AGI
2006-12-05 00:00:00-05:00,0.0,7.987082366207848,7.846340959754222,7.907915115356445,32700,0.0,0.0,AGI
2006-12-06 00:00:00-05:00,7.978285312652588,7.978285312652588,7.978285312652588,7.978285312652588,300,0.0,0.0,AGI
2006-12-07 00:00:00-05:00,0.0,7.934305287509436,7.793563032782265,7.802359580993652,8700,0.0,0.0,AGI
2006-12-08 00:00:00-05:00,7.802359580993652,7.802359580993652,7.802359580993652,7.802359580993652,0,0.0,0.0,AGI
2006-12-11 00:00:00-05:00,7.802359580993652,7.802359580993652,7.802359580993652,7.802359580993652,0,0.0,0.0,AGI
2006-12-12 00:00:00-05:00,0.0,7.520876468001784,7.2833747084877904,7.459301471710205,39200,0.0,0.0,AGI
2006-12-13 00:00:00-05:00,0.0,7.380134147228386,7.3273557053283636,7.3537445068359375,5000,0.0,0.0,AGI
2006-12-14 00:00:00-05:00,0.0,7.520877421412292,7.318560988895427,7.415321350097656,28900,0.0,0.0,AGI
2006-12-15 00:00:00-05:00,7.336151123046875,7.336151123046875,7.336151123046875,7.336151123046875,3000,0.0,0.0,AGI
2006-12-18 00:00:00-05:00,0.0,6.984298124248497,6.825964061985204,6.8347601890563965,6700,0.0,0.0,AGI
2006-12-19 00:00:00-05:00,7.045873165130615,7.169021469059726,7.045873165130615,7.045873165130615,12800,0.0,0.0,AGI
2006-12-20 00:00:00-05:00,7.019484043121338,7.019484043121338,7.019484043121338,7.019484043121338,100,0.0,0.0,AGI
2006-12-21 00:00:00-05:00,6.773186683654785,6.852353936919091,6.7116125261758715,6.773186683654785,21400,0.0,0.0,AGI
2006-12-22 00:00:00-05:00,7.0898542404174805,7.098649947618512,6.931519766411629,7.0898542404174805,3000,0.0,0.0,AGI
2006-12-26 00:00:00-05:00,7.0898542404174805,7.0898542404174805,7.0898542404174805,7.0898542404174805,0,0.0,0.0,AGI
2006-12-27 00:00:00-05:00,7.256988525390625,7.256988525390625,7.256988525390625,7.256988525390625,2000,0.0,0.0,AGI
2006-12-28 00:00:00-05:00,0.0,7.380134582519531,7.380134582519531,7.380134582519531,500,0.0,0.0,AGI
2006-12-29 00:00:00-05:00,0.0,7.3273539543151855,7.283372069722969,7.3273539543151855,3000,0.0,0.0,AGI
2007-01-03 00:00:00-05:00,0.0,7.3273539543151855,7.3273539543151855,7.3273539543151855,100,0.0,0.0,AGI
2007-01-04 00:00:00-05:00,6.738000392913818,7.098650417455362,6.711611591794522,6.738000392913818,5500,0.0,0.0,AGI
2007-01-05 00:00:00-05:00,6.76439094543457,6.878743557981553,6.641242203929943,6.76439094543457,31900,0.0,0.0,AGI
2007-01-08 00:00:00-05:00,6.86115026473999,6.913928292075839,6.834761041350827,6.86115026473999,6400,0.0,0.0,AGI
2007-01-09 00:00:00-05:00,6.72920560836792,6.957910414619204,6.72920560836792,6.72920560836792,6500,0.0,0.0,AGI
2007-01-10 00:00:00-05:00,6.72920560836792,6.72920560836792,6.72920560836792,6.72920560836792,0,0.0,0.0,AGI
2007-01-11 00:00:00-05:00,6.597259044647217,6.597259044647217,6.597259044647217,6.597259044647217,500,0.0,0.0,AGI
2007-01-12 00:00:00-05:00,6.773186683654785,6.773186683654785,6.764390555204578,6.773186683654785,5000,0.0,0.0,AGI
2007-01-16 00:00:00-05:00,0.0,6.623648050627863,6.350960983180858,6.509295463562012,9500,0.0,0.0,AGI
2007-01-17 00:00:00-05:00,0.0,6.72920560836792,6.72920560836792,6.72920560836792,100,0.0,0.0,AGI
2007-01-18 00:00:00-05:00,6.359758377075195,6.641241609028179,6.359758377075195,6.359758377075195,5300,0.0,0.0,AGI
2007-01-19 00:00:00-05:00,6.394944190979004,6.403740739227166,6.394944190979004,6.394944190979004,900,0.0,0.0,AGI
2007-01-22 00:00:00-05:00,0.0,6.3685552307554625,6.342166423797607,6.342166423797607,900,0.0,0.0,AGI
2007-01-23 00:00:00-05:00,6.342166423797607,6.342166423797607,6.342166423797607,6.342166423797607,0,0.0,0.0,AGI
2007-01-24 00:00:00-05:00,0.0,6.606055836243919,6.579666614532471,6.579666614532471,1200,0.0,0.0,AGI
2007-01-25 00:00:00-05:00,6.641242980957031,6.676428339789335,6.570871843849861,6.641242980957031,8700,0.0,0.0,AGI
2007-01-26 00:00:00-05:00,0.0,6.667629740679331,6.597259044647217,6.597259044647217,7000,0.0,0.0,AGI
2007-01-29 00:00:00-05:00,6.597259044647217,6.597259044647217,6.553277149905928,6.597259044647217,1700,0.0,0.0,AGI
2007-01-30 00:00:00-05:00,6.676426887512207,6.676426887512207,6.676426887512207,6.676426887512207,1000,0.0,0.0,AGI
2007-01-31 00:00:00-05:00,6.667630672454834,6.790779407720592,6.5532780657010985,6.667630672454834,18000,0.0,0.0,AGI
2007-02-01 00:00:00-05:00,6.720407962799072,6.931520476623582,6.6852226137353945,6.720407962799072,25400,0.0,0.0,AGI
2007-02-02 00:00:00-05:00,6.104664325714111,6.5268889609619665,6.069478974396996,6.104664325714111,41100,0.0,0.0,AGI
2007-02-05 00:00:00-05:00,0.0,6.359759830122816,6.3245744705200195,6.3245744705200195,3500,0.0,0.0,AGI
2007-02-06 00:00:00-05:00,0.0,6.43012938584376,6.060682757420473,6.095868110656738,3100,0.0,0.0,AGI
2007-02-07 00:00:00-05:00,0.0,6.043090129738576,5.9375340691749985,5.990312099456787,3700,0.0,0.0,AGI
2007-02-08 00:00:00-05:00,0.0,6.175035246011345,5.99910848322455,6.157442569732666,12700,0.0,0.0,AGI
2007-02-09 00:00:00-05:00,0.0,6.245405586828353,6.113460312713448,6.23660945892334,52700,0.0,0.0,AGI
2007-02-12 00:00:00-05:00,0.0,6.3245744705200195,6.183833032108832,6.3245744705200195,37700,0.0,0.0,AGI
2007-02-13 00:00:00-05:00,6.3685526847839355,6.412534571387647,6.254200534610525,6.3685526847839355,27600,0.0,0.0,AGI
2007-02-14 00:00:00-05:00,6.65003776550293,6.65003776550293,6.482907135142208,6.65003776550293,31500,0.0,0.0,AGI
2007-02-15 00:00:00-05:00,0.0,6.773186683654785,6.641241820804261,6.773186683654785,8200,0.0,0.0,AGI
2007-02-16 00:00:00-05:00,6.667630672454834,6.746797926275496,6.570870742167636,6.667630672454834,13100,0.0,0.0,AGI
2007-02-20 00:00:00-05:00,6.5444817543029785,6.606056329936397,6.465314502694652,6.5444817543029785,29300,0.0,0.0,AGI
2007-02-21 00:00:00-05:00,0.0,6.825965580183931,6.544482320778377,6.658834934234619,26500,0.0,0.0,AGI
2007-02-22 00:00:00-05:00,0.0,6.905130164027469,6.562072855141753,6.817166805267334,47600,0.0,0.0,AGI
2007-02-23 00:00:00-05:00,0.0,7.142632813224872,6.9139280365551885,7.0546698570251465,21600,0.0,0.0,AGI
2007-02-26 00:00:00-05:00,7.204207420349121,7.204207420349121,7.186615163554757,7.204207420349121,6500,0.0,0.0,AGI
2007-02-27 00:00:00-05:00,0.0,7.125042069530029,6.8435587882995605,6.8435587882995605,6200,0.0,0.0,AGI
2007-02-28 00:00:00-05:00,7.001891613006592,7.001891613006592,6.641241552809214,7.001891613006592,3200,0.0,0.0,AGI
2007-03-01 00:00:00-05:00,6.623648166656494,6.773185683774697,6.623648166656494,6.623648166656494,12600,0.0,0.0,AGI
2007-03-02 00:00:00-05:00,6.518092632293701,6.5268891801396105,6.482907279795036,6.518092632293701,4600,0.0,0.0,AGI
2007-03-05 00:00:00-05:00,0.0,6.26299740174722,6.210219383239746,6.210219383239746,2000,0.0,0.0,AGI
2007-03-06 00:00:00-05:00,0.0,6.4301282349376905,6.262997627258301,6.262997627258301,3000,0.0,0.0,AGI
2007-03-07 00:00:00-05:00,6.201423168182373,6.201423168182373,6.201423168182373,6.201423168182373,400,0.0,0.0,AGI
2007-03-08 00:00:00-05:00,5.831977367401123,6.02549679049074,5.831977367401123,5.831977367401123,12200,0.0,0.0,AGI
2007-03-09 00:00:00-05:00,5.7264204025268555,5.831976434601596,5.62966049673715,5.7264204025268555,8900,0.0,0.0,AGI
2007-03-12 00:00:00-04:00,5.691234588623047,5.840772509124895,5.62966044684632,5.691234588623047,21600,0.0,0.0,AGI
2007-03-13 00:00:00-04:00,5.779201030731201,5.787997160992039,5.717626441135035,5.779201030731201,5900,0.0,0.0,AGI
2007-03-14 00:00:00-04:00,5.673643112182617,5.673643112182617,5.647254308558961,5.673643112182617,8600,0.0,0.0,AGI
2007-03-15 00:00:00-04:00,0.0,5.884755611419678,5.620865059737462,5.884755611419678,78000,0.0,0.0,AGI
2007-03-16 00:00:00-04:00,5.84077262878418,5.858365301001147,5.7528092676993445,5.84077262878418,13000,0.0,0.0,AGI
2007-03-19 00:00:00-04:00,5.612068176269531,5.7352168880708705,5.612068176269531,5.612068176269531,7800,0.0,0.0,AGI
2007-03-20 00:00:00-04:00,0.0,5.735217148212708,5.515308514585775,5.559290409088135,39700,0.0,0.0,AGI
2007-03-21 00:00:00-04:00,5.559290409088135,5.59447575691305,5.436141272258501,5.559290409088135,21500,0.0,0.0,AGI
2007-03-22 00:00:00-04:00,5.471327304840088,5.6032725854181695,5.453734628725843,5.471327304840088,9200,0.0,0.0,AGI
2007-03-23 00:00:00-04:00,0.0,5.44493748043133,5.348177570207035,5.392159461975098,14400,0.0,0.0,AGI
2007-03-26 00:00:00-04:00,0.0,5.585678836857369,5.497715473175049,5.497715473175049,20100,0.0,0.0,AGI
2007-03-27 00:00:00-04:00,0.0,5.664847041702875,5.532901763916016,5.532901763916016,14500,0.0,0.0,AGI
2007-03-28 00:00:00-04:00,5.62966251373291,5.6736439998005475,5.594477157101786,5.62966251373291,18400,0.0,0.0,AGI
2007-03-29 00:00:00-04:00,0.0,5.603272914886475,5.532902206291748,5.603272914886475,4400,0.0,0.0,AGI
2007-03-30 00:00:00-04:00,5.620865821838379,5.664847726229492,5.55049511036662,5.620865821838379,9900,0.0,0.0,AGI
2007-04-02 00:00:00-04:00,0.0,5.708829817254589,5.550495699633627,5.664848327636719,18400,0.0,0.0,AGI
2007-04-03 00:00:00-04:00,0.0,5.823180920521057,5.691235647330739,5.805588245391846,29800,0.0,0.0,AGI
2007-04-04 00:00:00-04:00,0.0,5.805588245391846,5.752810220004211,5.805588245391846,5800,0.0,0.0,AGI
2007-04-05 00:00:00-04:00,5.717624664306641,5.823180711289191,5.717624664306641,5.717624664306641,2200,0.0,0.0,AGI
2007-04-09 00:00:00-04:00,5.717624664306641,5.787995362295008,5.717624664306641,5.717624664306641,14500,0.0,0.0,AGI
2007-04-10 00:00:00-04:00,5.8583664894104,5.875959165196161,5.770403110481598,5.8583664894104,15900,0.0,0.0,AGI
2007-04-11 00:00:00-04:00,5.919941425323486,5.928737554031432,5.7616073335979365,5.919941425323486,13000,0.0,0.0,AGI
2007-04-12 00:00:00-04:00,0.0,5.7000318003877934,5.559290409088135,5.559290409088135,5200,0.0,0.0,AGI
2007-04-13 00:00:00-04:00,5.480124473571777,5.638458576540834,5.480124473571777,5.480124473571777,13400,0.0,0.0,AGI
2007-04-16 00:00:00-04:00,5.831977367401123,5.85836616991939,5.585679500390066,5.831977367401123,6700,0.0,0.0,AGI
2007-04-17 00:00:00-04:00,5.831977367401123,5.831977367401123,5.70003209648243,5.831977367401123,7500,0.0,0.0,AGI
2007-04-18 00:00:00-04:00,0.0,5.97271764550856,5.787994384765625,5.787994384765625,12600,0.0,0.0,AGI
2007-04-19 00:00:00-04:00,0.0,5.6736432713745755,5.647254467010498,5.647254467010498,3000,0.0,0.0,AGI
2007-04-20 00:00:00-04:00,0.0,5.840774784728836,5.708829484676786,5.823182106018066,15000,0.0,0.0,AGI
2007-04-23 00:00:00-04:00,0.0,5.840772509124895,5.62966044684632,5.691234588623047,5100,0.0,0.0,AGI
2007-04-24 00:00:00-04:00,0.0,5.691235343475066,5.532901275765634,5.568086624145508,3400,0.0,0.0,AGI
2007-04-25 00:00:00-04:00,0.0,5.708826541900635,5.629659738232211,5.708826541900635,3900,0.0,0.0,AGI
2007-04-26 00:00:00-04:00,5.673643112182617,5.673643112182617,5.6208650854928335,5.673643112182617,2900,0.0,0.0,AGI
2007-04-27 00:00:00-04:00,5.462530136108398,5.638456863743772,5.453733590005428,5.462530136108398,145200,0.0,0.0,AGI
2007-04-30 00:00:00-04:00,5.3217902183532715,5.52410622052478,5.312993669829827,5.3217902183532715,90300,0.0,0.0,AGI
2007-05-01 00:00:00-04:00,5.374567031860352,5.392159705473543,5.277807117266585,5.374567031860352,4000,0.0,0.0,AGI
2007-05-02 00:00:00-04:00,0.0,5.453735035973886,5.321790164985538,5.427346229553223,33400,0.0,0.0,AGI
2007-05-03 00:00:00-04:00,0.0,5.44493890698117,5.3921608746973275,5.427346229553223,9800,0.0,0.0,AGI
2007-05-04 00:00:00-04:00,0.0,5.427344653027243,5.356973963756612,5.418548107147217,7600,0.0,0.0,AGI
2007-05-07 00:00:00-04:00,0.0,5.568086390645785,5.198639828707548,5.5504937171936035,103500,0.0,0.0,AGI
2007-05-08 00:00:00-04:00,0.0,5.436143988477895,5.295402526855469,5.295402526855469,121600,0.0,0.0,AGI
2007-05-09 00:00:00-04:00,0.0,5.427344807612585,5.321788770700121,5.392159461975098,800,0.0,0.0,AGI
2007-05-10 00:00:00-04:00,5.251418590545654,5.312993166043611,5.216233238673245,5.251418590545654,11200,0.0,0.0,AGI
2007-05-11 00:00:00-04:00,0.0,5.409753106519235,5.277807826956818,5.356975078582764,2600,0.0,0.0,AGI
2007-05-14 00:00:00-04:00,0.0,5.4009568947446205,5.348178863525391,5.348178863525391,11100,0.0,0.0,AGI
2007-05-15 00:00:00-04:00,0.0,5.471327713401833,5.37456819726938,5.427346229553223,9200,0.0,0.0,AGI
2007-05-16 00:00:00-04:00,5.427346229553223,5.427346229553223,5.3921608746973275,5.427346229553223,22000,0.0,0.0,AGI
2007-05-17 00:00:00-04:00,5.356975078582764,5.436141910766229,5.356975078582764,5.356975078582764,4500,0.0,0.0,AGI
2007-05-18 00:00:00-04:00,5.576885223388672,5.5856813539996075,5.4977179506772895,5.576885223388672,9900,0.0,0.0,AGI
2007-05-21 00:00:00-04:00,5.576885223388672,5.576885223388672,5.576885223388672,5.576885223388672,0,0.0,0.0,AGI
2007-05-22 00:00:00-04:00,5.480124473571777,5.488920602904348,5.444939117356431,5.480124473571777,6600,0.0,0.0,AGI
2007-05-23 00:00:00-04:00,5.418548107147217,5.418548107147217,5.348177417876587,5.418548107147217,9400,0.0,0.0,AGI
2007-05-24 00:00:00-04:00,5.392159461975098,5.392159461975098,5.348177570207035,5.392159461975098,4200,0.0,0.0,AGI
2007-05-25 00:00:00-04:00,0.0,5.233826193796195,5.163455486297607,5.163455486297607,12800,0.0,0.0,AGI
2007-05-29 00:00:00-04:00,0.0,5.2866034507751465,5.269010358428429,5.2866034507751465,27300,0.0,0.0,AGI
2007-05-30 00:00:00-04:00,5.110677242279053,5.145862594559194,5.1018811139302604,5.110677242279053,14200,0.0,0.0,AGI
2007-05-31 00:00:00-04:00,0.0,5.339382648468018,5.154659332463123,5.339382648468018,5000,0.0,0.0,AGI
2007-06-01 00:00:00-04:00,5.418548107147217,5.480122669980215,5.409751980709585,5.418548107147217,4200,0.0,0.0,AGI
2007-06-04 00:00:00-04:00,0.0,5.4273446606577425,5.365770097738174,5.383362770080566,5000,0.0,0.0,AGI
2007-06-05 00:00:00-04:00,5.312993049621582,5.356974948219571,5.286604246016765,5.312993049621582,11500,0.0,0.0,AGI
2007-06-06 00:00:00-04:00,5.242621898651123,5.242621898651123,5.163454655728434,5.242621898651123,27100,0.0,0.0,AGI
2007-06-07 00:00:00-04:00,0.0,5.049102231081824,4.881972031870848,5.005120754241943,9900,0.0,0.0,AGI
2007-06-08 00:00:00-04:00,0.0,4.952342952688513,4.6620635986328125,4.6620635986328125,7100,0.0,0.0,AGI
2007-06-11 00:00:00-04:00,4.76762056350708,4.881973185304568,4.697249848383256,4.76762056350708,17400,0.0,0.0,AGI
2007-06-12 00:00:00-04:00,0.0,4.635675263631356,4.512526512145996,4.512526512145996,5700,0.0,0.0,AGI
2007-06-13 00:00:00-04:00,0.0,4.6796555519104,4.43335771467621,4.6796555519104,278300,0.0,0.0,AGI
2007-06-14 00:00:00-04:00,0.0,4.7324347496032715,4.706045524255239,4.7324347496032715,15400,0.0,0.0,AGI
2007-06-15 00:00:00-04:00,4.574100494384766,4.706045789681784,4.5653043650676475,4.574100494384766,42900,0.0,0.0,AGI
2007-06-18 00:00:00-04:00,4.503729820251465,4.591693211380881,4.503729820251465,4.503729820251465,3400,0.0,0.0,AGI
2007-06-19 00:00:00-04:00,4.4861369132995605,4.4861369132995605,4.450951558641722,4.4861369132995605,10500,0.0,0.0,AGI
2007-06-20 00:00:00-04:00,0.0,4.459747791290283,4.459747791290283,4.459747791290283,400,0.0,0.0,AGI
2007-06-21 00:00:00-04:00,4.336597442626953,4.354190113855855,4.336597442626953,4.336597442626953,700,0.0,0.0,AGI
2007-06-22 00:00:00-04:00,0.0,4.362987041473389,4.362987041473389,4.362987041473389,500,0.0,0.0,AGI
2007-06-25 00:00:00-04:00,4.362987041473389,4.459746951431573,4.345394368703029,4.362987041473389,83900,0.0,0.0,AGI
2007-06-26 00:00:00-04:00,4.41576623916626,4.41576623916626,4.231042916019577,4.41576623916626,56200,0.0,0.0,AGI
2007-06-27 00:00:00-04:00,0.0,4.292618132552624,4.195858182422738,4.2838215827941895,16900,0.0,0.0,AGI
2007-06-28 00:00:00-04:00,0.0,4.530119190929619,4.406970439444259,4.512526512145996,30000,0.0,0.0,AGI
2007-06-29 00:00:00-04:00,4.5916924476623535,4.644470893004102,4.538914421763069,4.5916924476623535,12000,0.0,0.0,AGI
2007-07-02 00:00:00-04:00,4.5916924476623535,4.5916924476623535,4.5916924476623535,4.5916924476623535,0,0.0,0.0,AGI
2007-07-03 00:00:00-04:00,0.0,4.6444700835892085,4.565302848815918,4.565302848815918,15500,0.0,0.0,AGI
2007-07-05 00:00:00-04:00,5.0666961669921875,5.0666961669921875,4.591693034324466,5.0666961669921875,11100,0.0,0.0,AGI
2007-07-06 00:00:00-04:00,0.0,5.295400520372491,5.110677212265341,5.1810479164123535,51000,0.0,0.0,AGI
2007-07-09 00:00:00-04:00,5.21623420715332,5.21623420715332,5.154660039665582,5.21623420715332,10600,0.0,0.0,AGI
2007-07-10 00:00:00-04:00,5.154658317565918,5.198639791157482,5.154658317565918,5.154658317565918,2000,0.0,0.0,AGI
2007-07-11 00:00:00-04:00,5.145862102508545,5.145862102508545,5.119473300542996,5.145862102508545,2100,0.0,0.0,AGI
2007-07-12 00:00:00-04:00,5.805588245391846,5.805588245391846,5.54169811845367,5.805588245391846,1500,0.0,0.0,AGI
2007-07-13 00:00:00-04:00,0.0,5.664847674237274,5.436142444610596,5.436142444610596,8500,0.0,0.0,AGI
2007-07-16 00:00:00-04:00,5.277808666229248,5.277808666229248,5.277808666229248,5.277808666229248,100,0.0,0.0,AGI
2007-07-17 00:00:00-04:00,5.277808666229248,5.277808666229248,5.277808666229248,5.277808666229248,0,0.0,0.0,AGI
2007-07-18 00:00:00-04:00,5.277808666229248,5.277808666229248,5.277808666229248,5.277808666229248,0,0.0,0.0,AGI
2007-07-19 00:00:00-04:00,5.937532424926758,5.937532424926758,5.74401303415046,5.937532424926758,4100,0.0,0.0,AGI
2007-07-20 00:00:00-04:00,0.0,5.9551262073254465,5.770402908325195,5.770402908325195,2000,0.0,0.0,AGI
2007-07-23 00:00:00-04:00,0.0,5.726421558314872,5.594476281869177,5.673643112182617,5200,0.0,0.0,AGI
2007-07-24 00:00:00-04:00,0.0,5.49771715167945,5.480124473571777,5.480124473571777,1000,0.0,0.0,AGI
2007-07-25 00:00:00-04:00,0.0,5.400958623072288,5.260217161449862,5.295402526855469,10600,0.0,0.0,AGI
2007-07-26 00:00:00-04:00,0.0,5.225030422210693,5.225030422210693,5.225030422210693,500,0.0,0.0,AGI
2007-07-27 00:00:00-04:00,5.225030422210693,5.225030422210693,5.225030422210693,5.225030422210693,0,0.0,0.0,AGI
2007-07-30 00:00:00-04:00,5.436142444610596,5.444938993185093,5.42734631547862,5.436142444610596,3700,0.0,0.0,AGI
2007-07-31 00:00:00-04:00,0.0,5.532901676870062,5.497716325939447,5.524105548858643,59700,0.0,0.0,AGI
2007-08-01 00:00:00-04:00,5.559290409088135,5.612068430825507,5.506512387350763,5.559290409088135,32800,0.0,0.0,AGI
2007-08-02 00:00:00-04:00,5.612068176269531,5.6472535224984854,5.612068176269531,5.612068176269531,46300,0.0,0.0,AGI
2007-08-03 00:00:00-04:00,5.5504937171936035,5.5504937171936035,5.5504937171936035,5.5504937171936035,1000,0.0,0.0,AGI
2007-08-06 00:00:00-04:00,5.5504937171936035,5.5504937171936035,5.5504937171936035,5.5504937171936035,0,0.0,0.0,AGI
2007-08-07 00:00:00-04:00,0.0,5.673643112182617,5.4097529787336995,5.673643112182617,10000,0.0,0.0,AGI
2007-08-08 00:00:00-04:00,0.0,5.8055894683905604,5.752811431884766,5.752811431884766,7100,0.0,0.0,AGI
2007-08-09 00:00:00-04:00,0.0,5.471327304840088,5.471327304840088,5.471327304840088,17700,0.0,0.0,AGI
2007-08-10 00:00:00-04:00,5.541699409484863,5.594477447168021,5.4537355939037075,5.541699409484863,41600,0.0,0.0,AGI
2007-08-13 00:00:00-04:00,5.462530136108398,5.480122808871936,5.462530136108398,5.462530136108398,8000,0.0,0.0,AGI
2007-08-14 00:00:00-04:00,0.0,5.321789988245049,5.286604634557685,5.304197311401367,6300,0.0,0.0,AGI
2007-08-15 00:00:00-04:00,0.0,5.198640622979405,5.110677242279053,5.110677242279053,5700,0.0,0.0,AGI
2007-08-16 00:00:00-04:00,4.609286308288574,5.066696822595223,4.424563379858869,4.609286308288574,8900,0.0,0.0,AGI
2007-08-17 00:00:00-04:00,0.0,4.688451794576785,4.582895755767822,4.582895755767822,26500,0.0,0.0,AGI
2007-08-20 00:00:00-04:00,0.0,4.7148429279383794,4.50373034517923,4.653268337249756,7600,0.0,0.0,AGI
2007-08-21 00:00:00-04:00,0.0,4.574100678167402,4.512526512145996,4.512526512145996,4000,0.0,0.0,AGI
2007-08-22 00:00:00-04:00,4.424562454223633,4.424562454223633,4.424562454223633,4.424562454223633,400,0.0,0.0,AGI
2007-08-23 00:00:00-04:00,0.0,4.8731760113538645,4.697249246101647,4.8643798828125,4100,0.0,0.0,AGI
2007-08-24 00:00:00-04:00,0.0,4.917157518544249,4.873175621032715,4.873175621032715,4400,0.0,0.0,AGI
2007-08-27 00:00:00-04:00,4.8467864990234375,4.864379172981461,4.8467864990234375,4.8467864990234375,5000,0.0,0.0,AGI
2007-08-28 00:00:00-04:00,0.0,4.837991013795594,4.530118942260742,4.530118942260742,5600,0.0,0.0,AGI
2007-08-29 00:00:00-04:00,4.644472122192383,4.723638972272073,4.62687944223661,4.644472122192383,4600,0.0,0.0,AGI
2007-08-30 00:00:00-04:00,4.468544006347656,4.512525907131134,4.468544006347656,4.468544006347656,14000,0.0,0.0,AGI
2007-08-31 00:00:00-04:00,4.670859336853027,4.714841231439663,4.670859336853027,4.670859336853027,4600,0.0,0.0,AGI
2007-09-04 00:00:00-04:00,4.943546772003174,4.943546772003174,4.662063944493669,4.943546772003174,97700,0.0,0.0,AGI
2007-09-05 00:00:00-04:00,4.706045627593994,4.776416337477323,4.706045627593994,4.706045627593994,2800,0.0,0.0,AGI
2007-09-06 00:00:00-04:00,0.0,5.1282703286872025,4.917158198117121,5.0666961669921875,27800,0.0,0.0,AGI
2007-09-07 00:00:00-04:00,0.0,5.2866046438626375,5.163455486297607,5.163455486297607,200,0.0,0.0,AGI
2007-09-10 00:00:00-04:00,5.163455486297607,5.163455486297607,5.163455486297607,5.163455486297607,0,0.0,0.0,AGI
2007-09-11 00:00:00-04:00,0.0,4.890769755575093,4.8028063537458365,4.837991714477539,8000,0.0,0.0,AGI
2007-09-12 00:00:00-04:00,0.0,4.91715669631958,4.91715669631958,4.91715669631958,2200,0.0,0.0,AGI
2007-09-13 00:00:00-04:00,4.91715669631958,4.925952822685562,4.91715669631958,4.91715669631958,1700,0.0,0.0,AGI
2007-09-14 00:00:00-04:00,4.802807331085205,5.013919538435352,4.802807331085205,4.802807331085205,1900,0.0,0.0,AGI
2007-09-17 00:00:00-04:00,4.837991714477539,4.908362435940944,4.8028063537458365,4.837991714477539,2500,0.0,0.0,AGI
2007-09-18 00:00:00-04:00,5.295402526855469,5.295402526855469,5.295402526855469,5.295402526855469,500,0.0,0.0,AGI
2007-09-19 00:00:00-04:00,5.365771293640137,5.365771293640137,5.207437207269735,5.365771293640137,2500,0.0,0.0,AGI
2007-09-20 00:00:00-04:00,5.497715473175049,5.5592900374738745,5.462530127702121,5.497715473175049,14500,0.0,0.0,AGI
2007-09-21 00:00:00-04:00,0.0,5.418548107147217,5.348177417876587,5.418548107147217,2600,0.0,0.0,AGI
2007-09-24 00:00:00-04:00,0.0,5.242622389807522,5.128269788082138,5.207437038421631,8800,0.0,0.0,AGI
2007-09-25 00:00:00-04:00,4.934751033782959,4.987529068116583,4.934751033782959,4.934751033782959,7700,0.0,0.0,AGI
2007-09-26 00:00:00-04:00,4.837991714477539,4.934751666211014,4.837991714477539,4.837991714477539,1900,0.0,0.0,AGI
2007-09-27 00:00:00-04:00,4.961138725280762,4.978731399434712,4.925953376972862,4.961138725280762,4700,0.0,0.0,AGI
2007-09-28 00:00:00-04:00,5.532901763916016,5.5768836629924605,5.427345709463518,5.532901763916016,4400,0.0,0.0,AGI
2007-10-01 00:00:00-04:00,5.620865821838379,5.620865821838379,5.5153097546307395,5.620865821838379,10700,0.0,0.0,AGI
2007-10-02 00:00:00-04:00,5.58568000793457,5.58568000793457,5.4097532436856435,5.58568000793457,21600,0.0,0.0,AGI
2007-10-03 00:00:00-04:00,0.0,5.787994384765625,5.638456467074452,5.787994384765625,18300,0.0,0.0,AGI
2007-10-04 00:00:00-04:00,0.0,5.990312099456787,5.717625399946295,5.990312099456787,6100,0.0,0.0,AGI
2007-10-05 00:00:00-04:00,6.23660945892334,6.23660945892334,6.025496936450999,6.23660945892334,7600,0.0,0.0,AGI
2007-10-08 00:00:00-04:00,6.23660945892334,6.23660945892334,6.23660945892334,6.23660945892334,0,0.0,0.0,AGI
2007-10-09 00:00:00-04:00,0.0,6.262998611738004,6.095867977787377,6.192627906799316,17500,0.0,0.0,AGI
2007-10-10 00:00:00-04:00,6.131052494049072,6.201423608832407,6.131052494049072,6.131052494049072,1300,0.0,0.0,AGI
2007-10-11 00:00:00-04:00,6.201423168182373,8.963474861263903,6.201423168182373,6.201423168182373,8600,0.0,0.0,AGI
2007-10-12 00:00:00-04:00,0.0,6.069477558135986,6.069477558135986,6.069477558135986,700,0.0,0.0,AGI
2007-10-15 00:00:00-04:00,0.0,6.41253662109375,6.333369367678954,6.41253662109375,1900,0.0,0.0,AGI
2007-10-16 00:00:00-04:00,0.0,6.3509612307033825,6.280590534210205,6.280590534210205,700,0.0,0.0,AGI
2007-10-17 00:00:00-04:00,6.254201412200928,6.491702710414005,6.254201412200928,6.254201412200928,2800,0.0,0.0,AGI
2007-10-18 00:00:00-04:00,6.254201412200928,6.254201412200928,6.254201412200928,6.254201412200928,0,0.0,0.0,AGI
2007-10-19 00:00:00-04:00,0.0,6.359758377075195,6.359758377075195,6.359758377075195,300,0.0,0.0,AGI
2007-10-22 00:00:00-04:00,0.0,5.981514314369835,5.928735879261189,5.937532424926758,9600,0.0,0.0,AGI
2007-10-23 00:00:00-04:00,0.0,5.981514930725098,5.972718384153103,5.981514930725098,2600,0.0,0.0,AGI
2007-10-24 00:00:00-04:00,5.981514930725098,5.981514930725098,5.981514930725098,5.981514930725098,0,0.0,0.0,AGI
2007-10-25 00:00:00-04:00,0.0,6.377352509924214,6.315777920898034,6.3245744705200195,11900,0.0,0.0,AGI
2007-10-26 00:00:00-04:00,6.3245744705200195,6.3245744705200195,6.3245744705200195,6.3245744705200195,0,0.0,0.0,AGI
2007-10-29 00:00:00-04:00,0.0,6.526889324188232,6.438925941000217,6.526889324188232,8000,0.0,0.0,AGI
2007-10-30 00:00:00-04:00,0.0,6.535683881943262,6.482905864715576,6.482905864715576,5200,0.0,0.0,AGI
2007-10-31 00:00:00-04:00,6.694020748138428,6.694020748138428,6.570871577769593,6.694020748138428,800,0.0,0.0,AGI
2007-11-01 00:00:00-04:00,6.438925266265869,6.738000737765034,6.386147241883664,6.438925266265869,3100,0.0,0.0,AGI
2007-11-02 00:00:00-04:00,0.0,6.394944190979004,6.359758836871369,6.394944190979004,700,0.0,0.0,AGI
2007-11-05 00:00:00-05:00,0.0,6.359759665085852,6.201425550982067,6.350963115692139,11100,0.0,0.0,AGI
2007-11-06 00:00:00-05:00,6.227814674377441,6.263000034841743,6.219018543982657,6.227814674377441,2800,0.0,0.0,AGI
2007-11-07 00:00:00-05:00,0.0,6.1926278071106005,6.078275203704834,6.078275203704834,6100,0.0,0.0,AGI
2007-11-08 00:00:00-05:00,0.0,6.175034999847412,6.175034999847412,6.175034999847412,100,0.0,0.0,AGI
2007-11-09 00:00:00-05:00,5.568086624145508,5.673642669285129,5.568086624145508,5.568086624145508,2700,0.0,0.0,AGI
2007-11-12 00:00:00-05:00,5.1810479164123535,5.3217897441488615,5.137066436041712,5.1810479164123535,15300,0.0,0.0,AGI
2007-11-13 00:00:00-05:00,5.480124473571777,5.480124473571777,5.2250304312892535,5.480124473571777,2000,0.0,0.0,AGI
2007-11-14 00:00:00-05:00,5.647254467010498,5.6648471430673775,5.647254467010498,5.647254467010498,1600,0.0,0.0,AGI
2007-11-15 00:00:00-05:00,5.647254467010498,5.647254467010498,5.647254467010498,5.647254467010498,0,0.0,0.0,AGI
2007-11-16 00:00:00-05:00,5.312993049621582,5.312993049621582,5.312993049621582,5.312993049621582,2500,0.0,0.0,AGI
2007-11-19 00:00:00-05:00,0.0,5.356976090814451,4.873176780816399,4.925954818725586,12600,0.0,0.0,AGI
2007-11-20 00:00:00-05:00,0.0,4.978730987800429,4.600488315041838,4.6796555519104,10100,0.0,0.0,AGI
2007-11-21 00:00:00-05:00,4.644472122192383,4.890769641573204,4.58289753262589,4.644472122192383,5500,0.0,0.0,AGI
2007-11-23 00:00:00-05:00,0.0,4.8203959465026855,4.750025270113821,4.8203959465026855,2400,0.0,0.0,AGI
2007-11-26 00:00:00-05:00,4.91715669631958,5.0930834180631255,4.91715669631958,4.91715669631958,4100,0.0,0.0,AGI
2007-11-27 00:00:00-05:00,0.0,4.881971093234684,4.688451290130615,4.688451290130615,5600,0.0,0.0,AGI
2007-11-28 00:00:00-05:00,4.688451290130615,4.688451290130615,4.688451290130615,4.688451290130615,0,0.0,0.0,AGI
2007-11-29 00:00:00-05:00,0.0,4.644472087378955,4.609286308288574,4.609286308288574,3000,0.0,0.0,AGI
2007-11-30 00:00:00-05:00,0.0,4.433358204664819,4.336598284402634,4.398172855377197,8800,0.0,0.0,AGI
2007-12-03 00:00:00-05:00,4.582895755767822,4.582895755767822,4.459747043824032,4.582895755767822,5200,0.0,0.0,AGI
2007-12-04 00:00:00-05:00,0.0,4.582895755767822,4.530117736363341,4.582895755767822,9600,0.0,0.0,AGI
2007-12-05 00:00:00-05:00,0.0,4.547710602827424,4.239838600158691,4.239838600158691,19700,0.0,0.0,AGI
2007-12-06 00:00:00-05:00,0.0,4.618082046508789,4.178264708746047,4.618082046508789,39900,0.0,0.0,AGI
2007-12-07 00:00:00-05:00,0.0,4.697248935699463,4.450951061179646,4.697248935699463,20900,0.0,0.0,AGI
2007-12-10 00:00:00-05:00,5.093084812164307,5.093084812164307,4.837990786089532,5.093084812164307,10100,0.0,0.0,AGI
2007-12-11 00:00:00-05:00,4.72363805770874,5.101881232688477,4.72363805770874,4.72363805770874,18600,0.0,0.0,AGI
2007-12-12 00:00:00-05:00,4.8643798828125,4.8731760113538645,4.829194110319563,4.8643798828125,2700,0.0,0.0,AGI
2007-12-13 00:00:00-05:00,0.0,4.899563789367676,4.714840530667336,4.899563789367676,8700,0.0,0.0,AGI
2007-12-14 00:00:00-05:00,4.688451290130615,4.776414646340479,4.688451290130615,4.688451290130615,2100,0.0,0.0,AGI
2007-12-17 00:00:00-05:00,4.530118942260742,4.758823753893694,4.530118942260742,4.530118942260742,7400,0.0,0.0,AGI
2007-12-18 00:00:00-05:00,0.0,4.521322303980788,4.41576623916626,4.41576623916626,13400,0.0,0.0,AGI
2007-12-19 00:00:00-05:00,0.0,4.4861377988104945,4.3717851638793945,4.3717851638793945,3400,0.0,0.0,AGI
2007-12-20 00:00:00-05:00,0.0,4.530118942260742,4.477340908806984,4.530118942260742,1700,0.0,0.0,AGI
2007-12-21 00:00:00-05:00,0.0,4.758824348449707,4.6708609483701755,4.758824348449707,5100,0.0,0.0,AGI
2007-12-24 00:00:00-05:00,0.0,4.899563789367676,4.820396558655425,4.899563789367676,1000,0.0,0.0,AGI
2007-12-26 00:00:00-05:00,4.899563789367676,4.899563789367676,4.899563789367676,4.899563789367676,0,0.0,0.0,AGI
2007-12-27 00:00:00-05:00,0.0,4.899565209876002,4.776416055410129,4.794008731842041,12300,0.0,0.0,AGI
2007-12-28 00:00:00-05:00,0.0,5.075491058587171,4.873175106396317,5.013916492462158,12700,0.0,0.0,AGI
2007-12-31 00:00:00-05:00,4.8643798828125,5.066695872573797,4.73243459915209,4.8643798828125,3800,0.0,0.0,AGI
2008-01-02 00:00:00-05:00,0.0,5.251418590545654,5.075491831183607,5.251418590545654,31300,0.0,0.0,AGI
2008-01-03 00:00:00-05:00,0.0,5.506513237590279,5.225029992085784,5.444938659667969,16100,0.0,0.0,AGI
2008-01-04 00:00:00-05:00,0.0,5.198640125882088,5.119473300542996,5.145862102508545,3500,0.0,0.0,AGI
2008-01-07 00:00:00-05:00,5.101881504058838,5.2162336979922905,5.101881504058838,5.101881504058838,2000,0.0,0.0,AGI
2008-01-08 00:00:00-05:00,5.814385414123535,5.814385414123535,5.541698710754565,5.814385414123535,1200,0.0,0.0,AGI
2008-01-09 00:00:00-05:00,0.0,5.761606270792992,5.365770485332543,5.374567031860352,6500,0.0,0.0,AGI
2008-01-10 00:00:00-05:00,5.717624664306641,5.717624664306641,5.339381952897943,5.717624664306641,11000,0.0,0.0,AGI
2008-01-11 00:00:00-05:00,0.0,5.638457775115967,5.638457775115967,5.638457775115967,39700,0.0,0.0,AGI
2008-01-14 00:00:00-05:00,5.972718238830566,6.007903585377594,5.7616061595484,5.972718238830566,19500,0.0,0.0,AGI
2008-01-15 00:00:00-05:00,0.0,5.90234816832374,5.787995570262634,5.805588245391846,64400,0.0,0.0,AGI
2008-01-16 00:00:00-05:00,5.541699409484863,5.61207012639574,5.462532143238847,5.541699409484863,4000,0.0,0.0,AGI
2008-01-17 00:00:00-05:00,5.40975284576416,5.40975284576416,5.400956298477509,5.40975284576416,1900,0.0,0.0,AGI
2008-01-18 00:00:00-05:00,5.462530136108398,5.700031428137355,5.392159445054249,5.462530136108398,8900,0.0,0.0,AGI
2008-01-22 00:00:00-05:00,5.304197311401367,5.304197311401367,4.820398069036362,5.304197311401367,1200,0.0,0.0,AGI
2008-01-23 00:00:00-05:00,5.400956153869629,5.409752700920756,5.383363479209823,5.400956153869629,6000,0.0,0.0,AGI
2008-01-24 00:00:00-05:00,5.735217571258545,5.76160679379499,5.629661519997689,5.735217571258545,9400,0.0,0.0,AGI
2008-01-25 00:00:00-05:00,5.972718238830566,5.972718238830566,5.972718238830566,5.972718238830566,500,0.0,0.0,AGI
2008-01-28 00:00:00-05:00,0.0,6.025496959686279,6.025496959686279,6.025496959686279,1000,0.0,0.0,AGI
2008-01-29 00:00:00-05:00,0.0,6.051886081695557,5.752810186783565,6.051886081695557,13300,0.0,0.0,AGI
2008-01-30 00:00:00-05:00,5.831977367401123,5.831977367401123,5.831977367401123,5.831977367401123,12000,0.0,0.0,AGI
2008-01-31 00:00:00-05:00,0.0,6.104664325714111,6.016700947421323,6.104664325714111,700,0.0,0.0,AGI
2008-02-01 00:00:00-05:00,6.025496959686279,6.157442234309986,6.025496959686279,6.025496959686279,2500,0.0,0.0,AGI
2008-02-04 00:00:00-05:00,5.981514930725098,5.981514930725098,5.981514930725098,5.981514930725098,10000,0.0,0.0,AGI
2008-02-05 00:00:00-05:00,5.937532424926758,5.955125096815512,5.937532424926758,5.937532424926758,7300,0.0,0.0,AGI
2008-02-06 00:00:00-05:00,6.025496959686279,6.025496959686279,6.025496959686279,6.025496959686279,400,0.0,0.0,AGI
2008-02-07 00:00:00-05:00,6.025496959686279,6.025496959686279,6.025496959686279,6.025496959686279,0,0.0,0.0,AGI
2008-02-08 00:00:00-05:00,0.0,6.095868110656738,5.981515922360123,6.095868110656738,15400,0.0,0.0,AGI
2008-02-11 00:00:00-05:00,0.0,6.157443673869122,5.999109558968954,6.060683727264404,3500,0.0,0.0,AGI
2008-02-12 00:00:00-05:00,0.0,6.148645167884299,6.131052494049072,6.131052494049072,2500,0.0,0.0,AGI
2008-02-13 00:00:00-05:00,0.0,6.192627906799316,5.990311920379346,6.192627906799316,92100,0.0,0.0,AGI
2008-02-14 00:00:00-05:00,0.0,6.306980133056641,6.131052961838978,6.306980133056641,24400,0.0,0.0,AGI
2008-02-15 00:00:00-05:00,6.421334266662598,6.597261060498877,6.324574320331363,6.421334266662598,15500,0.0,0.0,AGI
2008-02-19 00:00:00-05:00,6.465316295623779,6.465316295623779,6.3949455722092905,6.465316295623779,298200,0.0,0.0,AGI
2008-02-20 00:00:00-05:00,6.491702556610107,6.491702556610107,6.386146519781262,6.491702556610107,1800,0.0,0.0,AGI
2008-02-21 00:00:00-05:00,6.535686016082764,6.570871372390521,6.4301299471594895,6.535686016082764,12800,0.0,0.0,AGI
2008-02-22 00:00:00-05:00,0.0,6.544482000825836,6.298184108456894,6.526889324188232,11100,0.0,0.0,AGI
2008-02-25 00:00:00-05:00,0.0,6.773186683654785,6.509296538511248,6.773186683654785,11900,0.0,0.0,AGI
2008-02-26 00:00:00-05:00,0.0,6.9491142138557525,6.843558150522452,6.8699469566345215,17800,0.0,0.0,AGI
2008-02-27 00:00:00-05:00,0.0,7.17781925201416,6.966707118457284,7.17781925201416,6900,0.0,0.0,AGI
2008-02-28 00:00:00-05:00,6.9842987060546875,7.063465534059879,6.922724133657353,6.9842987060546875,4900,0.0,0.0,AGI
2008-02-29 00:00:00-05:00,0.0,6.694020748138428,6.694020748138428,6.694020748138428,11600,0.0,0.0,AGI
2008-03-03 00:00:00-05:00,0.0,6.957910991179628,6.764391523700434,6.8435587882995605,16600,0.0,0.0,AGI
2008-03-04 00:00:00-05:00,0.0,7.028281105801629,6.7028163649609995,6.76439094543457,39700,0.0,0.0,AGI
2008-03-05 00:00:00-05:00,0.0,7.0546698570251465,6.984298737068937,7.0546698570251465,200,0.0,0.0,AGI
2008-03-06 00:00:00-05:00,0.0,7.142632484436035,7.116243682679336,7.142632484436035,5000,0.0,0.0,AGI
2008-03-07 00:00:00-05:00,0.0,7.406523974156395,7.213004112243652,7.213004112243652,9500,0.0,0.0,AGI
2008-03-10 00:00:00-04:00,0.0,7.019484817350294,6.85235417652737,6.896336078643799,5900,0.0,0.0,AGI
2008-03-11 00:00:00-04:00,0.0,6.781983231547481,6.764390555204578,6.773186683654785,41600,0.0,0.0,AGI
2008-03-12 00:00:00-04:00,6.245406150817871,6.861150679144563,6.06947938240596,6.245406150817871,19600,0.0,0.0,AGI
2008-03-13 00:00:00-04:00,0.0,6.456518173217773,6.254202196090058,6.456518173217773,49000,0.0,0.0,AGI
2008-03-14 00:00:00-04:00,6.262997627258301,6.42133210792426,6.262997627258301,6.262997627258301,20400,0.0,0.0,AGI
2008-03-17 00:00:00-04:00,0.0,6.236610684884987,5.823182106018066,5.823182106018066,58000,0.0,0.0,AGI
2008-03-18 00:00:00-04:00,0.0,5.603272334293676,5.488919734954834,5.488919734954834,26000,0.0,0.0,AGI
2008-03-19 00:00:00-04:00,0.0,5.427345375580561,5.163454836241032,5.400956153869629,35500,0.0,0.0,AGI
2008-03-20 00:00:00-04:00,4.72363805770874,5.031510107047658,4.72363805770874,4.72363805770874,98100,0.0,0.0,AGI
2008-03-24 00:00:00-04:00,0.0,4.890768542925582,4.802805162906548,4.855583190917969,6300,0.0,0.0,AGI
2008-03-25 00:00:00-04:00,5.198639869689941,5.198639869689941,5.013916587264595,5.198639869689941,23900,0.0,0.0,AGI
2008-03-26 00:00:00-04:00,5.383362770080566,5.40975198831535,5.163454156079474,5.383362770080566,6600,0.0,0.0,AGI
2008-03-27 00:00:00-04:00,0.0,5.31299415248877,5.21623420715332,5.21623420715332,2700,0.0,0.0,AGI
2008-03-28 00:00:00-04:00,5.269010066986084,5.269010066986084,5.269010066986084,5.269010066986084,500,0.0,0.0,AGI
2008-03-31 00:00:00-04:00,0.0,5.049102727890878,4.969935894012451,4.969935894012451,12600,0.0,0.0,AGI
2008-04-01 00:00:00-04:00,4.794008731842041,4.794008731842041,4.794008731842041,4.794008731842041,100,0.0,0.0,AGI
2008-04-02 00:00:00-04:00,0.0,4.987527847290039,4.987527847290039,4.987527847290039,1000,0.0,0.0,AGI
2008-04-03 00:00:00-04:00,0.0,5.119473457336426,5.0666954323464575,5.119473457336426,600,0.0,0.0,AGI
2008-04-04 00:00:00-04:00,5.022713661193848,5.022713661193848,5.013917113753514,5.022713661193848,10000,0.0,0.0,AGI
2008-04-07 00:00:00-04:00,5.022713661193848,5.022713661193848,5.022713661193848,5.022713661193848,0,0.0,0.0,AGI
2008-04-08 00:00:00-04:00,0.0,5.119473451487579,4.978731632232666,4.978731632232666,2200,0.0,0.0,AGI
2008-04-09 00:00:00-04:00,0.0,5.251419052962971,4.969936213197529,5.101881504058838,14500,0.0,0.0,AGI
2008-04-10 00:00:00-04:00,5.225030422210693,5.225030422210693,5.066696319516744,5.225030422210693,5700,0.0,0.0,AGI
2008-04-11 00:00:00-04:00,5.260213851928711,5.260213851928711,5.260213851928711,5.260213851928711,500,0.0,0.0,AGI
2008-04-14 00:00:00-04:00,0.0,5.471327514663656,5.277808069985553,5.339382648468018,4900,0.0,0.0,AGI
2008-04-15 00:00:00-04:00,5.480124473571777,5.49771715167945,5.38336453425831,5.480124473571777,6200,0.0,0.0,AGI
2008-04-16 00:00:00-04:00,5.875958442687988,5.937533010088176,5.875958442687988,5.875958442687988,3600,0.0,0.0,AGI
2008-04-17 00:00:00-04:00,5.875958442687988,5.875958442687988,5.875958442687988,5.875958442687988,0,0.0,0.0,AGI
2008-04-18 00:00:00-04:00,5.708826541900635,5.7879937650113895,5.594474398947948,5.708826541900635,11000,0.0,0.0,AGI
2008-04-21 00:00:00-04:00,0.0,5.682438850402832,5.682438850402832,5.682438850402832,400,0.0,0.0,AGI
2008-04-22 00:00:00-04:00,5.62966251373291,5.62966251373291,5.62966251373291,5.62966251373291,1300,0.0,0.0,AGI
2008-04-23 00:00:00-04:00,5.462530136108398,5.488918935532503,5.462530136108398,5.462530136108398,1900,0.0,0.0,AGI
2008-04-24 00:00:00-04:00,5.383362770080566,5.383362770080566,5.374566643630567,5.383362770080566,1300,0.0,0.0,AGI
2008-04-25 00:00:00-04:00,5.383362770080566,5.383362770080566,5.383362770080566,5.383362770080566,0,0.0,0.0,AGI
2008-04-28 00:00:00-04:00,5.488919734954834,5.532901632990532,5.471327059629048,5.488919734954834,5000,0.0,0.0,AGI
2008-04-29 00:00:00-04:00,5.444938659667969,5.480124012925718,5.444938659667969,5.444938659667969,500,0.0,0.0,AGI
2008-04-30 00:00:00-04:00,5.233824729919434,5.365769979296055,5.225028603663597,5.233824729919434,1800,0.0,0.0,AGI
2008-05-01 00:00:00-04:00,0.0,5.189843654632568,5.093083741801937,5.189843654632568,2500,0.0,0.0,AGI
2008-05-02 00:00:00-04:00,0.0,5.1810481091880485,5.084288597106934,5.084288597106934,3000,0.0,0.0,AGI
2008-05-05 00:00:00-04:00,0.0,5.189843664216136,5.154658317565918,5.154658317565918,5200,0.0,0.0,AGI
2008-05-06 00:00:00-04:00,0.0,5.365772060111226,5.269012117119776,5.277808666229248,7100,0.0,0.0,AGI
2008-05-07 00:00:00-04:00,5.277808666229248,5.277808666229248,5.277808666229248,5.277808666229248,0,0.0,0.0,AGI
2008-05-08 00:00:00-04:00,0.0,5.277808666229248,5.269012117119776,5.277808666229248,8500,0.0,0.0,AGI
2008-05-09 00:00:00-04:00,5.242621898651123,5.260214572695895,5.242621898651123,5.242621898651123,3000,0.0,0.0,AGI
2008-05-12 00:00:00-04:00,5.172252178192139,5.172252178192139,5.172252178192139,5.172252178192139,1000,0.0,0.0,AGI
2008-05-13 00:00:00-04:00,0.0,4.961138725280762,4.934749923771055,4.961138725280762,1000,0.0,0.0,AGI
2008-05-14 00:00:00-04:00,5.233824729919434,5.277806619525769,5.233824729919434,5.233824729919434,15100,0.0,0.0,AGI
2008-05-15 00:00:00-04:00,5.480124473571777,5.480124473571777,5.339383048710394,5.480124473571777,12300,0.0,0.0,AGI
2008-05-16 00:00:00-04:00,0.0,5.700031523460577,5.515308246633054,5.682438850402832,22200,0.0,0.0,AGI
2008-05-19 00:00:00-04:00,5.682438850402832,5.682438850402832,5.682438850402832,5.682438850402832,0,0.0,0.0,AGI
2008-05-20 00:00:00-04:00,0.0,5.955125096815512,5.937532424926758,5.937532424926758,3100,0.0,0.0,AGI
2008-05-21 00:00:00-04:00,0.0,6.482908976477401,5.937535450572519,6.465316295623779,18600,0.0,0.0,AGI
2008-05-22 00:00:00-04:00,6.192627906799316,6.412536569453958,6.069479173156613,6.192627906799316,10000,0.0,0.0,AGI
2008-05-23 00:00:00-04:00,6.192627906799316,6.192627906799316,6.192627906799316,6.192627906799316,0,0.0,0.0,AGI
2008-05-27 00:00:00-04:00,0.0,5.902349472045898,5.752811490696136,5.902349472045898,11900,0.0,0.0,AGI
2008-05-28 00:00:00-04:00,5.849569797515869,5.858365924839829,5.849569797515869,5.849569797515869,1000,0.0,0.0,AGI
2008-05-29 00:00:00-04:00,5.831977367401123,5.831977367401123,5.831977367401123,5.831977367401123,10000,0.0,0.0,AGI
2008-05-30 00:00:00-04:00,5.867162704467773,5.867162704467773,5.858366157352252,5.867162704467773,10800,0.0,0.0,AGI
2008-06-02 00:00:00-04:00,6.025496959686279,6.025496959686279,5.981515481106687,6.025496959686279,1800,0.0,0.0,AGI
2008-06-03 00:00:00-04:00,6.025496959686279,6.025496959686279,6.025496959686279,6.025496959686279,0,0.0,0.0,AGI
2008-06-04 00:00:00-04:00,5.875958442687988,5.875958442687988,5.875958442687988,5.875958442687988,38400,0.0,0.0,AGI
2008-06-05 00:00:00-04:00,0.0,5.647254467010498,5.647254467010498,5.647254467010498,500,0.0,0.0,AGI
2008-06-06 00:00:00-04:00,5.612068176269531,5.691234995563471,5.612068176269531,5.612068176269531,14000,0.0,0.0,AGI
2008-06-09 00:00:00-04:00,0.0,5.6296623704936115,5.620865821838379,5.620865821838379,6000,0.0,0.0,AGI
2008-06-10 00:00:00-04:00,0.0,5.532901763916016,5.532901763916016,5.532901763916016,700,0.0,0.0,AGI
2008-06-11 00:00:00-04:00,0.0,5.488920027483783,5.365771293640137,5.365771293640137,600,0.0,0.0,AGI
2008-06-12 00:00:00-04:00,5.348178863525391,5.348178863525391,5.260215478160007,5.348178863525391,5100,0.0,0.0,AGI
2008-06-13 00:00:00-04:00,0.0,5.436142444610596,5.312993700665281,5.436142444610596,6600,0.0,0.0,AGI
2008-06-16 00:00:00-04:00,0.0,5.532901763916016,5.409753033721435,5.532901763916016,7400,0.0,0.0,AGI
2008-06-17 00:00:00-04:00,5.480124473571777,5.480124473571777,5.392161083033412,5.480124473571777,10800,0.0,0.0,AGI
2008-06-18 00:00:00-04:00,5.480124473571777,5.480124473571777,5.480124473571777,5.480124473571777,0,0.0,0.0,AGI
2008-06-19 00:00:00-04:00,5.480124473571777,5.480124473571777,5.480124473571777,5.480124473571777,0,0.0,0.0,AGI
2008-06-20 00:00:00-04:00,0.0,5.436142444610596,5.365771733784701,5.436142444610596,10700,0.0,0.0,AGI
2008-06-23 00:00:00-04:00,0.0,5.295402526855469,5.2778098441526655,5.295402526855469,2400,0.0,0.0,AGI
2008-06-24 00:00:00-04:00,5.453735828399658,5.453735828399658,5.453735828399658,5.453735828399658,400,0.0,0.0,AGI
2008-06-25 00:00:00-04:00,5.383362770080566,5.383362770080566,5.383362770080566,5.383362770080566,1000,0.0,0.0,AGI
2008-06-26 00:00:00-04:00,5.576885223388672,5.576885223388672,5.576885223388672,5.576885223388672,600,0.0,0.0,AGI
2008-06-27 00:00:00-04:00,5.480124473571777,5.796793098952422,5.480124473571777,5.480124473571777,6800,0.0,0.0,AGI
2008-06-30 00:00:00-04:00,5.2866034507751465,5.52410474470453,5.2866034507751465,5.2866034507751465,18700,0.0,0.0,AGI
2008-07-01 00:00:00-04:00,5.2866034507751465,5.2866034507751465,5.2866034507751465,5.2866034507751465,0,0.0,0.0,AGI
2008-07-02 00:00:00-04:00,5.2866034507751465,5.2866034507751465,5.2866034507751465,5.2866034507751465,0,0.0,0.0,AGI
2008-07-03 00:00:00-04:00,5.277808666229248,5.304197894115115,5.277808666229248,5.277808666229248,6700,0.0,0.0,AGI
2008-07-07 00:00:00-04:00,0.0,5.33058500289917,5.242621637064348,5.33058500289917,2600,0.0,0.0,AGI
2008-07-08 00:00:00-04:00,5.137065887451172,5.137065887451172,5.137065887451172,5.137065887451172,1000,0.0,0.0,AGI
2008-07-09 00:00:00-04:00,5.225030422210693,5.251419229605086,5.225030422210693,5.225030422210693,2000,0.0,0.0,AGI
2008-07-10 00:00:00-04:00,5.383362770080566,5.383362770080566,5.330584753053391,5.383362770080566,3300,0.0,0.0,AGI
2008-07-11 00:00:00-04:00,5.849569797515869,5.858365924839829,5.770402554388054,5.849569797515869,3000,0.0,0.0,AGI
2008-07-14 00:00:00-04:00,6.051886081695557,6.051886081695557,5.9375334842948,6.051886081695557,3400,0.0,0.0,AGI
2008-07-15 00:00:00-04:00,0.0,6.18383241651442,6.069479799467735,6.1662397384643555,3800,0.0,0.0,AGI
2008-07-16 00:00:00-04:00,0.0,6.08707038850341,5.700031184786977,5.7264204025268555,2800,0.0,0.0,AGI
2008-07-17 00:00:00-04:00,6.016700744628906,6.0694787698257,6.016700744628906,6.016700744628906,3200,0.0,0.0,AGI
2008-07-18 00:00:00-04:00,6.016700744628906,6.016700744628906,6.016700744628906,6.016700744628906,0,0.0,0.0,AGI
2008-07-21 00:00:00-04:00,6.043089866638184,6.043089866638184,5.893551910962358,6.043089866638184,8100,0.0,0.0,AGI
2008-07-22 00:00:00-04:00,5.981514930725098,5.999107604426659,5.981514930725098,5.981514930725098,1000,0.0,0.0,AGI
2008-07-23 00:00:00-04:00,6.051886081695557,6.069478756723176,5.8847554592119415,6.051886081695557,1500,0.0,0.0,AGI
2008-07-24 00:00:00-04:00,0.0,6.148644924163818,5.875958280805375,6.148644924163818,400,0.0,0.0,AGI
2008-07-25 00:00:00-04:00,0.0,5.893552780151367,5.8583674229728695,5.893552780151367,1200,0.0,0.0,AGI
2008-07-28 00:00:00-04:00,5.893552780151367,5.893552780151367,5.893552780151367,5.893552780151367,0,0.0,0.0,AGI
2008-07-29 00:00:00-04:00,5.893552780151367,5.893552780151367,5.893552780151367,5.893552780151367,0,0.0,0.0,AGI
2008-07-30 00:00:00-04:00,6.430129051208496,6.430129051208496,6.104664340989547,6.430129051208496,10200,0.0,0.0,AGI
2008-07-31 00:00:00-04:00,6.333368301391602,6.333368301391602,6.333368301391602,6.333368301391602,200,0.0,0.0,AGI
2008-08-01 00:00:00-04:00,0.0,6.342164778309027,6.254201412200928,6.254201412200928,2500,0.0,0.0,AGI
2008-08-04 00:00:00-04:00,6.254201412200928,6.254201412200928,6.254201412200928,6.254201412200928,0,0.0,0.0,AGI
2008-08-05 00:00:00-04:00,0.0,5.884754701875699,5.462530136108398,5.462530136108398,2300,0.0,0.0,AGI
2008-08-06 00:00:00-04:00,5.682438850402832,5.682438850402832,5.682438850402832,5.682438850402832,300,0.0,0.0,AGI
2008-08-07 00:00:00-04:00,0.0,5.550494686852434,5.5153093338012695,5.5153093338012695,1600,0.0,0.0,AGI
2008-08-08 00:00:00-04:00,0.0,5.365771119658143,5.189844362728685,5.207437038421631,4300,0.0,0.0,AGI
2008-08-11 00:00:00-04:00,5.110677242279053,5.128269918419123,4.881972452458137,5.110677242279053,5100,0.0,0.0,AGI
2008-08-12 00:00:00-04:00,0.0,4.917157751630953,4.802805148234308,4.890768527984619,4100,0.0,0.0,AGI
2008-08-13 00:00:00-04:00,0.0,5.1810479164123535,5.040306508118328,5.1810479164123535,9000,0.0,0.0,AGI
2008-08-14 00:00:00-04:00,0.0,5.057898998260498,5.057898998260498,5.057898998260498,1500,0.0,0.0,AGI
2008-08-15 00:00:00-04:00,0.0,4.987529068116583,4.934751033782959,4.934751033782959,26900,0.0,0.0,AGI
2008-08-18 00:00:00-04:00,0.0,4.890768527984619,4.890768527984619,4.890768527984619,100,0.0,0.0,AGI
2008-08-19 00:00:00-04:00,4.8467864990234375,4.8467864990234375,4.802804604407163,4.8467864990234375,1500,0.0,0.0,AGI
2008-08-20 00:00:00-04:00,0.0,4.952342041588855,4.635673522949219,4.635673522949219,8200,0.0,0.0,AGI
2008-08-21 00:00:00-04:00,5.110677242279053,5.110677242279053,5.110677242279053,5.110677242279053,100,0.0,0.0,AGI
2008-08-22 00:00:00-04:00,5.110677242279053,5.110677242279053,5.110677242279053,5.110677242279053,0,0.0,0.0,AGI
2008-08-25 00:00:00-04:00,0.0,4.961138725280762,4.961138725280762,4.961138725280762,100,0.0,0.0,AGI
2008-08-26 00:00:00-04:00,4.978731632232666,5.031509657162337,4.978731632232666,4.978731632232666,7900,0.0,0.0,AGI
2008-08-27 00:00:00-04:00,5.093084812164307,5.093084812164307,5.093084812164307,5.093084812164307,1000,0.0,0.0,AGI
2008-08-28 00:00:00-04:00,5.145862102508545,5.145862102508545,5.093084079135002,5.145862102508545,700,0.0,0.0,AGI
2008-08-29 00:00:00-04:00,5.005120754241943,5.005120754241943,5.005120754241943,5.005120754241943,200,0.0,0.0,AGI
2008-09-02 00:00:00-04:00,0.0,4.741230647270333,4.714841842651367,4.714841842651367,2000,0.0,0.0,AGI
2008-09-03 00:00:00-04:00,0.0,4.477338790893555,4.4069681129092855,4.477338790893555,6100,0.0,0.0,AGI
2008-09-04 00:00:00-04:00,0.0,4.380581378936768,4.3453960200250314,4.380581378936768,6800,0.0,0.0,AGI
2008-09-05 00:00:00-04:00,0.0,4.644472122192383,4.556508302970943,4.644472122192383,800,0.0,0.0,AGI
2008-09-08 00:00:00-04:00,0.0,5.040307092582891,4.477340974683812,4.574100494384766,8500,0.0,0.0,AGI
2008-09-09 00:00:00-04:00,0.0,4.398172052176227,3.6856682300567627,3.6856682300567627,16100,0.0,0.0,AGI
2008-09-10 00:00:00-04:00,0.0,4.099097660939293,3.8088182704528655,4.055116176605225,26800,0.0,0.0,AGI
2008-09-11 00:00:00-04:00,0.0,4.635673522949219,3.9935403593023304,4.635673522949219,4800,0.0,0.0,AGI
2008-09-12 00:00:00-04:00,4.785212993621826,4.785212993621826,4.574100439778387,4.785212993621826,8600,0.0,0.0,AGI
2008-09-15 00:00:00-04:00,4.76762056350708,4.811602050738196,4.653267941709593,4.76762056350708,7000,0.0,0.0,AGI
2008-09-16 00:00:00-04:00,4.450951099395752,4.5037291259369105,4.371783849862779,4.450951099395752,5100,0.0,0.0,AGI
2008-09-17 00:00:00-04:00,5.110677242279053,5.128269918419123,5.08428843779019,5.110677242279053,2900,0.0,0.0,AGI
2008-09-18 00:00:00-04:00,0.0,5.233825148140472,4.908360481262207,4.908360481262207,5400,0.0,0.0,AGI
2008-09-19 00:00:00-04:00,5.2866034507751465,5.2866034507751465,5.128268975193952,5.2866034507751465,3900,0.0,0.0,AGI
2008-09-22 00:00:00-04:00,6.131052494049072,6.333368452875387,5.779199017344552,6.131052494049072,8200,0.0,0.0,AGI
2008-09-23 00:00:00-04:00,0.0,6.289388921356642,5.761608123779297,5.761608123779297,1700,0.0,0.0,AGI
2008-09-24 00:00:00-04:00,5.831977367401123,5.893551519572047,5.814384692574794,5.831977367401123,2900,0.0,0.0,AGI
2008-09-25 00:00:00-04:00,0.0,5.884755638384222,5.673643112182617,5.673643112182617,7000,0.0,0.0,AGI
2008-09-26 00:00:00-04:00,0.0,5.761606107463792,5.612068176269531,5.612068176269531,1600,0.0,0.0,AGI
2008-09-29 00:00:00-04:00,5.524105548858643,5.524105548858643,5.480123650474139,5.524105548858643,6000,0.0,0.0,AGI
2008-09-30 00:00:00-04:00,0.0,5.295399577506098,5.2866034507751465,5.2866034507751465,1700,0.0,0.0,AGI
2008-10-01 00:00:00-04:00,5.40975284576416,5.524105443835853,5.40975284576416,5.40975284576416,2600,0.0,0.0,AGI
2008-10-02 00:00:00-04:00,0.0,4.9259544165557685,4.785212993621826,4.785212993621826,3000,0.0,0.0,AGI
2008-10-03 00:00:00-04:00,0.0,4.750026116992002,4.565302848815918,4.565302848815918,3900,0.0,0.0,AGI
2008-10-06 00:00:00-04:00,4.187061786651611,4.494933878154217,3.7736332019528542,4.187061786651611,12600,0.0,0.0,AGI
2008-10-07 00:00:00-04:00,0.0,4.406970198972544,3.9671528339385986,3.9671528339385986,13800,0.0,0.0,AGI
2008-10-08 00:00:00-04:00,0.0,4.336596977087528,4.0287250539110095,4.090299606323242,68500,0.0,0.0,AGI
2008-10-09 00:00:00-04:00,0.0,4.090301316056625,4.00233793258667,4.00233793258667,4800,0.0,0.0,AGI
2008-10-10 00:00:00-04:00,2.9555718898773193,3.7648359237278552,2.8324231747314212,2.9555718898773193,10000,0.0,0.0,AGI
2008-10-13 00:00:00-04:00,2.9555718898773193,2.9555718898773193,2.9555718898773193,2.9555718898773193,0,0.0,0.0,AGI
2008-10-14 00:00:00-04:00,3.430575132369995,3.5625204104308557,3.2458518269732854,3.430575132369995,66500,0.0,0.0,AGI
2008-10-15 00:00:00-04:00,3.641688108444214,3.641688108444214,3.465761308787035,3.641688108444214,96100,0.0,0.0,AGI
2008-10-16 00:00:00-04:00,3.0259430408477783,3.113906415985876,2.9819613532787295,3.0259430408477783,84600,0.0,0.0,AGI
2008-10-17 00:00:00-04:00,0.0,3.131499188867102,2.5861258265265192,3.087517499923706,20600,0.0,0.0,AGI
2008-10-20 00:00:00-04:00,0.0,3.2018698362578513,2.973164862933806,3.1402952671051025,25100,0.0,0.0,AGI
2008-10-21 00:00:00-04:00,3.316222667694092,3.395389711982894,3.316222667694092,3.316222667694092,3900,0.0,0.0,AGI
2008-10-22 00:00:00-04:00,2.9643688201904297,2.9995543841409313,2.9115907888465578,2.9643688201904297,7300,0.0,0.0,AGI
2008-10-23 00:00:00-04:00,3.087517499923706,3.087517499923706,2.550940475371802,3.087517499923706,27000,0.0,0.0,AGI
2008-10-24 00:00:00-04:00,0.0,2.8324241638183594,2.5245518490016963,2.8324241638183594,500,0.0,0.0,AGI
2008-10-27 00:00:00-04:00,2.832424203826061,2.832424203826061,2.726867914199829,2.726867914199829,30100,0.0,0.0,AGI
2008-10-28 00:00:00-04:00,2.8060344159001605,2.8939977917473128,2.7532563903918694,2.8852014541625977,11500,0.0,0.0,AGI
2008-10-29 00:00:00-04:00,3.3602032719974977,3.53613018989563,3.342610601179802,3.53613018989563,14000,0.0,0.0,AGI
2008-10-30 00:00:00-04:00,3.4569643778009347,3.4657607162799704,3.439371700842864,3.4481680393218994,3000,0.0,0.0,AGI
2008-10-31 00:00:00-04:00,3.3602040131339717,3.773632287979126,3.3602040131339717,3.773632287979126,2800,0.0,0.0,AGI
2008-11-03 00:00:00-05:00,3.8967807517254296,4.019929885864258,3.8967807517254296,4.019929885864258,1800,0.0,0.0,AGI
2008-11-04 00:00:00-05:00,4.178264141082764,4.178264141082764,4.178264141082764,4.178264141082764,1500,0.0,0.0,AGI
2008-11-05 00:00:00-05:00,4.222245216369629,4.222245216369629,4.222245216369629,4.222245216369629,300,0.0,0.0,AGI
2008-11-06 00:00:00-05:00,4.222245216369629,4.222245216369629,4.222245216369629,4.222245216369629,0,0.0,0.0,AGI
2008-11-07 00:00:00-05:00,4.116690118460212,4.327802658081055,4.116690118460212,4.327802658081055,1300,0.0,0.0,AGI
2008-11-10 00:00:00-05:00,4.231043542571318,4.2838215827941895,4.187062052106882,4.2838215827941895,2900,0.0,0.0,AGI
2008-11-11 00:00:00-05:00,3.8967810927488498,3.958355665206909,3.8967810927488498,3.958355665206909,500,0.0,0.0,AGI
2008-11-12 00:00:00-05:00,3.641687241713391,3.641687241713391,3.430575132369995,3.430575132369995,1000,0.0,0.0,AGI
2008-11-13 00:00:00-05:00,3.518537998199463,3.518537998199463,3.518537998199463,3.518537998199463,400,0.0,0.0,AGI
2008-11-14 00:00:00-05:00,3.9231695071957864,3.9231695071957864,3.6680755615234375,3.6680755615234375,1800,0.0,0.0,AGI
2008-11-17 00:00:00-05:00,3.5185382619073073,3.782428799327334,3.360203981399536,3.360203981399536,5900,0.0,0.0,AGI
2008-11-18 00:00:00-05:00,3.492149032910316,3.518538043066772,3.2194623849057318,3.254647731781006,33300,0.0,0.0,AGI
2008-11-19 00:00:00-05:00,3.2546482656093754,3.3602043235485333,3.061128616333008,3.061128616333008,11800,0.0,0.0,AGI
2008-11-20 00:00:00-05:00,3.0699257120470502,3.0875183927115137,2.788442611694336,2.788442611694336,9000,0.0,0.0,AGI
2008-11-21 00:00:00-05:00,3.1051098832969886,3.351407527923584,3.1051098832969886,3.351407527923584,2800,0.0,0.0,AGI
2008-11-24 00:00:00-05:00,3.6416886559512025,4.107895374298096,3.632892524367184,4.107895374298096,105400,0.0,0.0,AGI
2008-11-25 00:00:00-05:00,4.02872744540243,4.02872744540243,3.861596777737987,3.9319674968719482,36400,0.0,0.0,AGI
2008-11-26 00:00:00-05:00,3.8967805838952354,4.362987041473389,3.879187911124875,4.362987041473389,158200,0.0,0.0,AGI
2008-11-28 00:00:00-05:00,4.178265237450869,4.187061786651611,4.151876009291193,4.187061786651611,1200,0.0,0.0,AGI
2008-12-01 00:00:00-05:00,4.292616504087899,4.292616504087899,4.125485897064209,4.125485897064209,4500,0.0,0.0,AGI
2008-12-02 00:00:00-05:00,4.169466972351074,4.169466972351074,4.169466972351074,4.169466972351074,500,0.0,0.0,AGI
2008-12-03 00:00:00-05:00,4.046318938681696,4.046318938681696,3.9847447872161865,3.9847447872161865,1000,0.0,0.0,AGI
2008-12-04 00:00:00-05:00,3.500945806503296,3.500945806503296,3.500945806503296,3.500945806503296,300,0.0,0.0,AGI
2008-12-05 00:00:00-05:00,3.166684611580801,3.2722408771514893,3.166684611580801,3.2722408771514893,700,0.0,0.0,AGI
2008-12-08 00:00:00-05:00,3.852801266721963,4.107895374298096,3.852801266721963,4.107895374298096,2300,0.0,0.0,AGI
2008-12-09 00:00:00-05:00,4.231044292449951,4.231044292449951,4.090302826911665,4.231044292449951,50400,0.0,0.0,AGI
2008-12-10 00:00:00-05:00,4.327803401103181,4.750028133392334,4.327803401103181,4.750028133392334,78900,0.0,0.0,AGI
2008-12-11 00:00:00-05:00,5.005122997849929,5.0139191293839,4.881974220275879,4.881974220275879,55000,0.0,0.0,AGI
2008-12-12 00:00:00-05:00,4.978732856634773,4.978732856634773,4.899566009492273,4.925954818725586,55100,0.0,0.0,AGI
2008-12-15 00:00:00-05:00,5.295399195197073,5.295399195197073,5.2250285086603485,5.260213851928711,51200,0.0,0.0,AGI
2008-12-16 00:00:00-05:00,5.3041970914759995,5.471327304840088,5.3041970914759995,5.471327304840088,13000,0.0,0.0,AGI
2008-12-17 00:00:00-05:00,5.972718238830566,5.972718238830566,5.972718238830566,5.972718238830566,200,0.0,0.0,AGI
2008-12-18 00:00:00-05:00,5.761605992530938,5.761605992530938,5.462530136108398,5.462530136108398,24300,0.0,0.0,AGI
2008-12-19 00:00:00-05:00,5.40975284576416,5.550494246810882,5.40975284576416,5.40975284576416,49500,0.0,0.0,AGI
2008-12-22 00:00:00-05:00,5.770403218224741,5.7791997660031065,5.453734628725843,5.471327304840088,10800,0.0,0.0,AGI
2008-12-23 00:00:00-05:00,5.717626366843706,5.717626366843706,5.63845909831194,5.664848327636719,5700,0.0,0.0,AGI
2008-12-24 00:00:00-05:00,6.043090292113273,6.060682969346575,5.963923454284668,5.963923454284668,2900,0.0,0.0,AGI
2008-12-26 00:00:00-05:00,5.963923454284668,5.963923454284668,5.963923454284668,5.963923454284668,0,0.0,0.0,AGI
2008-12-29 00:00:00-05:00,6.579667395623038,6.579667395623038,6.271795342800861,6.315776824951172,3200,0.0,0.0,AGI
2008-12-30 00:00:00-05:00,6.131052494049072,6.131052494049072,6.131052494049072,6.131052494049072,200,0.0,0.0,AGI
2008-12-31 00:00:00-05:00,6.0958692751886945,6.16624041454716,5.999109745025635,5.999109745025635,6900,0.0,0.0,AGI
2009-01-02 00:00:00-05:00,6.315775528694944,6.315775528694944,6.060681558474387,6.148644924163818,13300,0.0,0.0,AGI
2009-01-05 00:00:00-05:00,5.893550847030504,5.893550847030504,5.392159461975098,5.392159461975098,6500,0.0,0.0,AGI
2009-01-06 00:00:00-05:00,5.38336255336798,5.38336255336798,5.260213851928711,5.260213851928711,700,0.0,0.0,AGI
2009-01-07 00:00:00-05:00,5.700033988039918,5.700033988039918,5.576885223388672,5.576885223388672,1100,0.0,0.0,AGI
2009-01-08 00:00:00-05:00,5.638457775115967,5.638457775115967,5.638457775115967,5.638457775115967,1500,0.0,0.0,AGI
2009-01-09 00:00:00-05:00,5.6384586431694235,5.884756559029832,5.62966251373291,5.62966251373291,3100,0.0,0.0,AGI
2009-01-12 00:00:00-05:00,5.427345145023488,5.568086536323148,5.225029185309014,5.559290409088135,32000,0.0,0.0,AGI
2009-01-13 00:00:00-05:00,5.664846870417974,5.752810246468687,5.664846870417974,5.735217571258545,1300,0.0,0.0,AGI
2009-01-14 00:00:00-05:00,5.5856813539996075,5.5856813539996075,5.576885223388672,5.576885223388672,1500,0.0,0.0,AGI
2009-01-15 00:00:00-05:00,5.559291964696851,5.752811431884766,5.436142793407448,5.752811431884766,15000,0.0,0.0,AGI
2009-01-16 00:00:00-05:00,5.717623698662102,5.787994384765625,5.717623698662102,5.787994384765625,1500,0.0,0.0,AGI
2009-01-20 00:00:00-05:00,6.069477558135986,6.069477558135986,6.069477558135986,6.069477558135986,100,0.0,0.0,AGI
2009-01-21 00:00:00-05:00,5.80558984095629,5.902349790480958,5.779201030731201,5.779201030731201,2900,0.0,0.0,AGI
2009-01-22 00:00:00-05:00,5.7879955834946255,5.7879955834946255,5.744014105292281,5.770402908325195,700,0.0,0.0,AGI
2009-01-23 00:00:00-05:00,5.7616061595484,5.972718238830566,5.7616061595484,5.972718238830566,10400,0.0,0.0,AGI
2009-01-26 00:00:00-05:00,6.3333691536810965,6.359758377075195,6.3333691536810965,6.359758377075195,1500,0.0,0.0,AGI
2009-01-27 00:00:00-05:00,5.726423218757909,5.726423218757909,5.524107181395281,5.576885223388672,6200,0.0,0.0,AGI
2009-01-28 00:00:00-05:00,5.779201030731201,5.779201030731201,5.779201030731201,5.779201030731201,200,0.0,0.0,AGI
2009-01-29 00:00:00-05:00,5.744014105292281,5.770402908325195,5.717624882816904,5.770402908325195,8900,0.0,0.0,AGI
2009-01-30 00:00:00-05:00,5.744014751518437,5.744014751518437,5.603272914886475,5.603272914886475,3000,0.0,0.0,AGI
2009-02-02 00:00:00-05:00,5.5504932202930695,5.6560492515563965,5.5504932202930695,5.6560492515563965,2400,0.0,0.0,AGI
2009-02-03 00:00:00-05:00,5.708826541900635,5.708826541900635,5.708826541900635,5.708826541900635,1000,0.0,0.0,AGI
2009-02-04 00:00:00-05:00,5.840773121670174,5.981514930725098,5.840773121670174,5.981514930725098,3800,0.0,0.0,AGI
2009-02-05 00:00:00-05:00,6.043089733522422,6.043089733522422,5.638457775115967,5.638457775115967,1700,0.0,0.0,AGI
2009-02-06 00:00:00-05:00,5.541699409484863,5.559292088712582,5.4889209523591465,5.541699409484863,19900,0.0,0.0,AGI
2009-02-09 00:00:00-05:00,5.2866034507751465,5.2866034507751465,5.269010358428429,5.2866034507751465,3500,0.0,0.0,AGI
2009-02-10 00:00:00-05:00,5.471327304840088,5.471327304840088,5.471327304840088,5.471327304840088,1000,0.0,0.0,AGI
2009-02-11 00:00:00-05:00,5.471327304840088,5.471327304840088,5.471327304840088,5.471327304840088,0,0.0,0.0,AGI
2009-02-12 00:00:00-05:00,5.691234588623047,5.691234588623047,5.691234588623047,5.691234588623047,200,0.0,0.0,AGI
2009-02-13 00:00:00-05:00,5.691234588623047,5.691234588623047,5.691234588623047,5.691234588623047,0,0.0,0.0,AGI
2009-02-17 00:00:00-05:00,5.761606909441394,5.770403037501789,5.673643112182617,5.673643112182617,3400,0.0,0.0,AGI
2009-02-18 00:00:00-05:00,5.5768834814614605,5.770402908325195,5.5768834814614605,5.770402908325195,6000,0.0,0.0,AGI
2009-02-19 00:00:00-05:00,5.532901763916016,5.532901763916016,5.532901763916016,5.532901763916016,200,0.0,0.0,AGI
2009-02-20 00:00:00-05:00,5.717626441135035,5.911145920741795,5.717626441135035,5.779201030731201,57000,0.0,0.0,AGI
2009-02-23 00:00:00-05:00,5.656050677235714,5.867163212418344,5.638458000924036,5.796792507171631,1600,0.0,0.0,AGI
2009-02-24 00:00:00-05:00,5.682441007372381,5.682441007372381,5.664848327636719,5.664848327636719,1500,0.0,0.0,AGI
2009-02-25 00:00:00-05:00,5.849570042227452,6.02549679049074,5.831977367401123,5.831977367401123,6700,0.0,0.0,AGI
2009-02-26 00:00:00-05:00,5.7000337611707845,5.981517060041375,5.67364453150312,5.779201030731201,24000,0.0,0.0,AGI
2009-02-27 00:00:00-05:00,5.770402554388054,5.849569797515869,5.726421078883385,5.849569797515869,800,0.0,0.0,AGI
2009-03-02 00:00:00-05:00,5.86716418491895,5.86716418491895,5.524106730257143,5.541699409484863,9700,0.0,0.0,AGI
2009-03-03 00:00:00-05:00,5.3393822202880745,5.594476222991943,5.3393822202880745,5.594476222991943,2500,0.0,0.0,AGI
2009-03-04 00:00:00-05:00,5.5416984287395525,5.550494557075433,5.471327304840088,5.471327304840088,10100,0.0,0.0,AGI
2009-03-05 00:00:00-05:00,5.787994384765625,5.787994384765625,5.787994384765625,5.787994384765625,200,0.0,0.0,AGI
2009-03-06 00:00:00-05:00,5.7176244743002504,5.7176244743002504,5.559290409088135,5.559290409088135,8000,0.0,0.0,AGI
2009-03-09 00:00:00-04:00,5.418548107147217,5.488918796417846,5.418548107147217,5.418548107147217,1800,0.0,0.0,AGI
2009-03-10 00:00:00-04:00,5.418549454242374,5.418549454242374,5.084288597106934,5.084288597106934,500,0.0,0.0,AGI
2009-03-11 00:00:00-04:00,5.418549076624329,5.524105548858643,5.3569749222169865,5.524105548858643,1800,0.0,0.0,AGI
2009-03-12 00:00:00-04:00,5.524105548858643,5.524105548858643,5.524105548858643,5.524105548858643,0,0.0,0.0,AGI
2009-03-13 00:00:00-04:00,5.559290409088135,5.59447575691305,5.559290409088135,5.559290409088135,5800,0.0,0.0,AGI
2009-03-16 00:00:00-04:00,5.374566643630567,5.383362770080566,5.365770097738174,5.383362770080566,1000,0.0,0.0,AGI
2009-03-17 00:00:00-04:00,5.356975411783182,5.356975411783182,5.348178863525391,5.348178863525391,1500,0.0,0.0,AGI
2009-03-18 00:00:00-04:00,5.260215490208707,5.744014739990234,5.22503013598196,5.744014739990234,17600,0.0,0.0,AGI
2009-03-19 00:00:00-04:00,5.981515970797739,5.990312099456787,5.867163362132613,5.990312099456787,3900,0.0,0.0,AGI
2009-03-20 00:00:00-04:00,5.955125842057998,5.955125842057998,5.849569797515869,5.849569797515869,2800,0.0,0.0,AGI
2009-03-23 00:00:00-04:00,6.051887453395661,6.051887453395661,5.902349472045898,5.902349472045898,3700,0.0,0.0,AGI
2009-03-24 00:00:00-04:00,5.902349472045898,5.902349472045898,5.902349472045898,5.902349472045898,0,0.0,0.0,AGI
2009-03-25 00:00:00-04:00,6.210220351002128,6.210220351002128,6.175034999847412,6.175034999847412,5100,0.0,0.0,AGI
2009-03-26 00:00:00-04:00,6.377350807189941,6.377350807189941,6.324572781877326,6.377350807189941,7800,0.0,0.0,AGI
2009-03-27 00:00:00-04:00,6.280591303683423,6.280591303683423,6.157442569732666,6.157442569732666,5500,0.0,0.0,AGI
2009-03-30 00:00:00-04:00,6.025497175850438,6.2278131590135315,6.025497175850438,6.078275203704834,8200,0.0,0.0,AGI
2009-03-31 00:00:00-04:00,6.280590534210205,6.280590534210205,6.280590534210205,6.280590534210205,500,0.0,0.0,AGI
2009-04-01 00:00:00-04:00,6.315775267106703,6.482905864715576,6.192626560242101,6.482905864715576,46000,0.0,0.0,AGI
2009-04-02 00:00:00-04:00,6.315777687373849,6.562075614929199,6.315777687373849,6.562075614929199,5900,0.0,0.0,AGI
2009-04-03 00:00:00-04:00,6.509295463562012,6.509295463562012,6.509295463562012,6.509295463562012,2600,0.0,0.0,AGI
2009-04-06 00:00:00-04:00,5.95512509291154,5.972717764788761,5.603271235924733,5.6560492515563965,7200,0.0,0.0,AGI
2009-04-07 00:00:00-04:00,5.831977467806893,5.831977467806893,5.805588245391846,5.805588245391846,1500,0.0,0.0,AGI
2009-04-08 00:00:00-04:00,5.805588145440403,5.831977367401123,5.805588145440403,5.831977367401123,2400,0.0,0.0,AGI
2009-04-09 00:00:00-04:00,5.787996848726368,5.902349472045898,5.73521881168102,5.902349472045898,24200,0.0,0.0,AGI
2009-04-13 00:00:00-04:00,6.078274650901071,6.078274650901071,6.034293174743652,6.034293174743652,5000,0.0,0.0,AGI
2009-04-14 00:00:00-04:00,5.981514314369835,6.016699658147344,5.937532424926758,5.937532424926758,8000,0.0,0.0,AGI
2009-04-15 00:00:00-04:00,6.104664325714111,6.104664325714111,6.104664325714111,6.104664325714111,1000,0.0,0.0,AGI
2009-04-16 00:00:00-04:00,6.104664325714111,6.104664325714111,6.104664325714111,6.104664325714111,0,0.0,0.0,AGI
2009-04-17 00:00:00-04:00,5.497716689554593,5.506513237590279,5.400956758374533,5.444938659667969,6400,0.0,0.0,AGI
2009-04-20 00:00:00-04:00,5.5153093338012695,5.5153093338012695,5.5153093338012695,5.5153093338012695,5000,0.0,0.0,AGI
2009-04-21 00:00:00-04:00,5.5153093338012695,5.5153093338012695,5.5153093338012695,5.5153093338012695,0,0.0,0.0,AGI
2009-04-22 00:00:00-04:00,5.312995209558272,5.312995209558272,5.295402526855469,5.295402526855469,2800,0.0,0.0,AGI
2009-04-23 00:00:00-04:00,5.532901188498233,5.559290409088135,5.532901188498233,5.559290409088135,5500,0.0,0.0,AGI
2009-04-24 00:00:00-04:00,5.744014306524196,5.8583664894104,5.7352177589100775,5.8583664894104,2000,0.0,0.0,AGI
2009-04-27 00:00:00-04:00,5.8583664894104,5.8583664894104,5.8583664894104,5.8583664894104,0,0.0,0.0,AGI
2009-04-28 00:00:00-04:00,5.8583664894104,5.8583664894104,5.8583664894104,5.8583664894104,0,0.0,0.0,AGI
2009-04-29 00:00:00-04:00,5.911143779754639,5.911143779754639,5.911143779754639,5.911143779754639,500,0.0,0.0,AGI
2009-04-30 00:00:00-04:00,5.911143779754639,5.911143779754639,5.911143779754639,5.911143779754639,0,0.0,0.0,AGI
2009-05-01 00:00:00-04:00,5.708829525075329,5.752811431884766,5.682440716543706,5.752811431884766,3100,0.0,0.0,AGI
2009-05-04 00:00:00-04:00,5.902348172917118,5.9463300704956055,5.884755497774215,5.9463300704956055,2400,0.0,0.0,AGI
2009-05-05 00:00:00-04:00,5.9463300704956055,5.9463300704956055,5.9463300704956055,5.9463300704956055,0,0.0,0.0,AGI
2009-05-06 00:00:00-04:00,5.937534188659425,5.937534188659425,5.875959609036988,5.928737640380859,2700,0.0,0.0,AGI
2009-05-07 00:00:00-04:00,5.928737640380859,5.928737640380859,5.928737640380859,5.928737640380859,0,0.0,0.0,AGI
2009-05-08 00:00:00-04:00,6.412536569453958,6.412536569453958,6.192627906799316,6.192627906799316,1500,0.0,0.0,AGI
2009-05-11 00:00:00-04:00,6.192627906799316,6.192627906799316,6.192627906799316,6.192627906799316,0,0.0,0.0,AGI
2009-05-12 00:00:00-04:00,6.148644669497831,6.482905864715576,6.139848543014415,6.482905864715576,20700,0.0,0.0,AGI
2009-05-13 00:00:00-04:00,6.614852428436279,6.755593835602218,6.597259752540537,6.614852428436279,13200,0.0,0.0,AGI
2009-05-14 00:00:00-04:00,6.465314815358103,6.588463553137948,6.377351431229643,6.570870876312256,3200,0.0,0.0,AGI
2009-05-15 00:00:00-04:00,6.68522241468736,6.68522241468736,6.579666370639188,6.597259044647217,6900,0.0,0.0,AGI
2009-05-18 00:00:00-04:00,6.597259044647217,6.597259044647217,6.597259044647217,6.597259044647217,0,0.0,0.0,AGI
2009-05-19 00:00:00-04:00,6.790780332271776,6.8435587882995605,6.781984202562179,6.8435587882995605,5500,0.0,0.0,AGI
2009-05-20 00:00:00-04:00,6.940315168256707,7.705597400665283,6.940315168256707,7.705597400665283,12100,0.0,0.0,AGI
2009-05-21 00:00:00-04:00,7.5032839461452125,7.8023598859414065,7.5032839461452125,7.7847676277160645,2400,0.0,0.0,AGI
2009-05-22 00:00:00-04:00,7.72319221496582,7.72319221496582,7.72319221496582,7.72319221496582,600,0.0,0.0,AGI
2009-05-26 00:00:00-04:00,7.5912484339801,7.600044983323321,7.476895809173584,7.476895809173584,1100,0.0,0.0,AGI
2009-05-27 00:00:00-04:00,7.037075907256531,7.415319005714712,7.037075907256531,7.38892936706543,6700,0.0,0.0,AGI
2009-05-28 00:00:00-04:00,7.371337741373919,7.767173127095567,7.371337741373919,7.714395523071289,6600,0.0,0.0,AGI
2009-05-29 00:00:00-04:00,7.907912584084996,7.907912584084996,7.775967767490639,7.899116039276123,5900,0.0,0.0,AGI
2009-06-01 00:00:00-04:00,8.066251440417892,8.101436799984873,7.767175464655985,7.8639349937438965,104500,0.0,0.0,AGI
2009-06-02 00:00:00-04:00,7.916712123735603,7.978286282921457,7.828748320140095,7.943100929260254,12400,0.0,0.0,AGI
2009-06-03 00:00:00-04:00,7.863933172504969,7.863933172504969,7.4856908544798255,7.652821063995361,33800,0.0,0.0,AGI
2009-06-04 00:00:00-04:00,7.731989697145125,7.819953510864131,7.714397437732384,7.758378505706787,18000,0.0,0.0,AGI
2009-06-05 00:00:00-04:00,7.450505762712818,7.644024782814985,7.265782451608039,7.459301471710205,13900,0.0,0.0,AGI
2009-06-08 00:00:00-04:00,7.2218006903438425,7.494487807760721,7.2218006903438425,7.468098163604736,3900,0.0,0.0,AGI
2009-06-09 00:00:00-04:00,7.8287453585745075,7.925505673702743,7.8287453585745075,7.899116039276123,12500,0.0,0.0,AGI
2009-06-10 00:00:00-04:00,7.978286984593525,8.075047344835436,7.775971392969668,7.811156749725342,15400,0.0,0.0,AGI
2009-06-11 00:00:00-04:00,8.066248572299392,8.092637372870268,8.013470132272795,8.039859771728516,7800,0.0,0.0,AGI
2009-06-12 00:00:00-04:00,7.749581277188173,7.749581277188173,7.600043326493565,7.60883903503418,600,0.0,0.0,AGI
2009-06-15 00:00:00-04:00,7.468098132493862,7.468098132493862,7.160226501921535,7.213004112243652,6600,0.0,0.0,AGI
2009-06-16 00:00:00-04:00,7.318561910946121,7.415322284338993,7.221802376438439,7.2305989265441895,3000,0.0,0.0,AGI
2009-06-17 00:00:00-04:00,7.283372069722969,7.344947043705941,7.116241914934154,7.3273539543151855,5600,0.0,0.0,AGI
2009-06-18 00:00:00-04:00,7.415317240393773,7.459298283235963,7.362538814544678,7.362538814544678,1900,0.0,0.0,AGI
2009-06-19 00:00:00-04:00,7.371338337944647,7.441709041595459,7.327356438441651,7.441709041595459,3400,0.0,0.0,AGI
2009-06-22 00:00:00-04:00,7.283374018094749,7.283374018094749,7.010687351226807,7.010687351226807,30000,0.0,0.0,AGI
2009-06-23 00:00:00-04:00,7.045875247072525,7.283376216888428,6.975504107767077,7.283376216888428,19500,0.0,0.0,AGI
2009-06-24 00:00:00-04:00,7.459301358380976,7.494487549375854,7.292171145580138,7.300967693328857,8900,0.0,0.0,AGI
2009-06-25 00:00:00-04:00,7.406521802975545,7.406521802975545,7.344947662688197,7.371336460113525,3500,0.0,0.0,AGI
2009-06-26 00:00:00-04:00,7.494487073046058,7.494487073046058,7.265781879425049,7.265781879425049,16200,0.0,0.0,AGI
2009-06-29 00:00:00-04:00,7.256986075560944,7.3977274894714355,7.256986075560944,7.3977274894714355,800,0.0,0.0,AGI
2009-06-30 00:00:00-04:00,7.344951225932305,7.344951225932305,7.23059859643385,7.283376216888428,9700,0.0,0.0,AGI
2009-07-01 00:00:00-04:00,7.76717321940432,7.775969766474539,7.045873137344386,7.547264575958252,2700,0.0,0.0,AGI
2009-07-02 00:00:00-04:00,7.40652386218597,7.459301471710205,7.265782451608039,7.459301471710205,7100,0.0,0.0,AGI
2009-07-06 00:00:00-04:00,7.44170821602258,7.44170821602258,7.107446991321226,7.133835792541504,12000,0.0,0.0,AGI
2009-07-07 00:00:00-04:00,7.142633896421348,7.17781925201416,7.116245089448,7.17781925201416,2900,0.0,0.0,AGI
2009-07-08 00:00:00-04:00,7.072261998640673,7.0810585457842405,6.773186106838657,6.799575328826904,6600,0.0,0.0,AGI
2009-07-09 00:00:00-04:00,6.817168924967872,6.8699469566345215,6.694020184412355,6.8699469566345215,3700,0.0,0.0,AGI
2009-07-10 00:00:00-04:00,6.685223250640876,6.685223250640876,6.553277969360352,6.553277969360352,49300,0.0,0.0,AGI
2009-07-13 00:00:00-04:00,6.641242053030521,6.896336078643799,6.56207479699795,6.896336078643799,84900,0.0,0.0,AGI
2009-07-14 00:00:00-04:00,7.0282807193018275,7.089855715831774,6.966706561656862,7.0634660720825195,5100,0.0,0.0,AGI
2009-07-15 00:00:00-04:00,7.353745242589465,7.57365390121949,7.353745242589465,7.441709041595459,8800,0.0,0.0,AGI
2009-07-16 00:00:00-04:00,7.582450771625686,7.582450771625686,7.450505906385741,7.468098163604736,2600,0.0,0.0,AGI
2009-07-17 00:00:00-04:00,7.608838696018238,7.969489574432373,7.608838696018238,7.969489574432373,6500,0.0,0.0,AGI
2009-07-20 00:00:00-04:00,8.101438184491206,8.312550377971396,8.101438184491206,8.294958114624023,10300,0.0,0.0,AGI
2009-07-21 00:00:00-04:00,8.391715886762617,8.391715886762617,8.092639923095703,8.092639923095703,13000,0.0,0.0,AGI
2009-07-22 00:00:00-04:00,7.978286220968607,8.075046571949304,7.934305158397376,8.00467586517334,9700,0.0,0.0,AGI
2009-07-23 00:00:00-04:00,7.925507877668881,8.022267380819812,7.916711330413818,7.916711330413818,2900,0.0,0.0,AGI
2009-07-24 00:00:00-04:00,7.9518947931535005,7.9518947931535005,7.626430171930033,7.705597400665283,9000,0.0,0.0,AGI
2009-07-27 00:00:00-04:00,7.8727313018822205,7.8727313018822205,7.468099259830363,7.476895809173584,11400,0.0,0.0,AGI
2009-07-28 00:00:00-04:00,7.424117449967315,7.556063175201416,7.424117449967315,7.556063175201416,1000,0.0,0.0,AGI
2009-07-29 00:00:00-04:00,7.547264575958252,7.547264575958252,7.547264575958252,7.547264575958252,500,0.0,0.0,AGI
2009-07-30 00:00:00-04:00,7.67920952176064,7.696802616119385,7.635228463633601,7.696802616119385,6500,0.0,0.0,AGI
2009-07-31 00:00:00-04:00,7.767174193698352,7.872730255126953,7.767174193698352,7.872730255126953,5400,0.0,0.0,AGI
2009-08-03 00:00:00-04:00,7.872730255126953,7.872730255126953,7.872730255126953,7.872730255126953,100,0.0,0.0,AGI
2009-08-04 00:00:00-04:00,8.127825381181394,8.277363364853604,7.872731321779113,8.171807289123535,5300,0.0,0.0,AGI
2009-08-05 00:00:00-04:00,7.7407820596965085,8.180599212646484,7.7407820596965085,8.180599212646484,4500,0.0,0.0,AGI
2009-08-06 00:00:00-04:00,8.303751774379876,8.312548323321924,8.189399993673575,8.28615951538086,3700,0.0,0.0,AGI
2009-08-07 00:00:00-04:00,8.303748277455279,8.312544822692871,8.189396544905469,8.312544822692871,5800,0.0,0.0,AGI
2009-08-10 00:00:00-04:00,8.198193275192333,8.268563968112751,7.995877742767334,7.995877742767334,8900,0.0,0.0,AGI
2009-08-11 00:00:00-04:00,7.872727687284124,7.899116484312804,7.846338890255443,7.890320777893066,5900,0.0,0.0,AGI
2009-08-12 00:00:00-04:00,7.916712570611016,7.934305667877197,7.916712570611016,7.934305667877197,600,0.0,0.0,AGI
2009-08-13 00:00:00-04:00,7.995877742767334,7.995877742767334,7.995877742767334,7.995877742767334,100,0.0,0.0,AGI
2009-08-14 00:00:00-04:00,8.048654398949884,8.048654398949884,7.863931141979653,7.890320777893066,1000,0.0,0.0,AGI
2009-08-17 00:00:00-04:00,7.925507616938182,7.925507616938182,7.714395523071289,7.714395523071289,800,0.0,0.0,AGI
2009-08-18 00:00:00-04:00,7.74078535542959,7.943100929260254,7.74078535542959,7.943100929260254,4800,0.0,0.0,AGI
2009-08-19 00:00:00-04:00,8.09263890714867,8.154213905334473,8.09263890714867,8.154213905334473,2600,0.0,0.0,AGI
2009-08-20 00:00:00-04:00,7.995877588325209,8.03985948027216,7.995877588325209,8.022266387939453,3800,0.0,0.0,AGI
2009-08-21 00:00:00-04:00,8.171806370559171,8.206991725180798,8.066250306694291,8.101435661315918,1900,0.0,0.0,AGI
2009-08-24 00:00:00-04:00,8.224582773367029,8.224582773367029,7.890321568276361,7.951895713806152,5200,0.0,0.0,AGI
2009-08-25 00:00:00-04:00,8.057449340820312,8.057449340820312,8.057449340820312,8.057449340820312,1100,0.0,0.0,AGI
2009-08-26 00:00:00-04:00,7.943101501749887,7.943101501749887,7.76717472076416,7.76717472076416,5000,0.0,0.0,AGI
2009-08-27 00:00:00-04:00,7.696802488584592,7.978285282581091,7.679209394517363,7.969489574432373,8600,0.0,0.0,AGI
2009-08-28 00:00:00-04:00,8.163007130813554,8.163007130813554,8.048654556274414,8.048654556274414,5200,0.0,0.0,AGI
2009-08-31 00:00:00-04:00,7.855138530699556,7.855138530699556,7.723192815796462,7.76717472076416,11400,0.0,0.0,AGI
2009-09-01 00:00:00-04:00,7.828748037479779,7.846341133117676,7.758377332698139,7.846341133117676,6500,0.0,0.0,AGI
2009-09-02 00:00:00-04:00,7.855134021011496,8.294951140416224,7.855134021011496,8.206987380981445,19800,0.0,0.0,AGI
2009-09-03 00:00:00-04:00,8.400512843041412,8.664403461350307,8.206992944430201,8.629218101501465,7400,0.0,0.0,AGI
2009-09-04 00:00:00-04:00,8.708382750516897,8.81393964735472,8.58523443568107,8.717179298400879,14000,0.0,0.0,AGI
2009-09-08 00:00:00-04:00,9.025049514039914,9.06023485792198,8.558842658996582,8.558842658996582,2500,0.0,0.0,AGI
2009-09-09 00:00:00-04:00,8.611620985508036,8.638009783365137,8.338933944702148,8.338933944702148,4900,0.0,0.0,AGI
2009-09-10 00:00:00-04:00,8.46208462550969,8.541251872554128,8.37412167014858,8.453288078308105,11000,0.0,0.0,AGI
2009-09-11 00:00:00-04:00,8.681993945749932,8.717179298400879,8.479678377728225,8.717179298400879,3400,0.0,0.0,AGI
2009-09-14 00:00:00-04:00,8.409306422280078,8.409306422280078,8.215786592026467,8.25976848602295,3200,0.0,0.0,AGI
2009-09-15 00:00:00-04:00,8.31254526517045,8.497268530569116,8.303748719464615,8.488471984863281,9500,0.0,0.0,AGI
2009-09-16 00:00:00-04:00,8.59402972679826,8.690789222717285,8.58523318020066,8.690789222717285,27600,0.0,0.0,AGI
2009-09-17 00:00:00-04:00,8.594029622617086,8.594029622617086,8.541251182556152,8.541251182556152,2500,0.0,0.0,AGI
2009-09-18 00:00:00-04:00,8.444493789368206,8.444493789368206,8.409308433532715,8.409308433532715,1100,0.0,0.0,AGI
2009-09-21 00:00:00-04:00,8.365328592814379,8.488476949177809,8.171808668533654,8.426902770996094,28400,0.0,0.0,AGI
2009-09-22 00:00:00-04:00,8.778749279727801,8.787545823427227,8.541248472035363,8.620415687561035,11700,0.0,0.0,AGI
2009-09-23 00:00:00-04:00,8.60283005043819,8.60283005043819,8.356532485746188,8.462088584899902,8100,0.0,0.0,AGI
2009-09-24 00:00:00-04:00,8.462082334471335,8.488471130046628,7.793560028076172,7.793560028076172,17700,0.0,0.0,AGI
2009-09-25 00:00:00-04:00,7.688007200630315,7.846341717626534,7.52967352251913,7.635229587554932,16000,0.0,0.0,AGI
2009-09-28 00:00:00-04:00,7.688005973542151,7.688005973542151,7.547264575958252,7.547264575958252,3600,0.0,0.0,AGI
2009-09-29 00:00:00-04:00,7.538465646273871,7.626429411404352,7.538465646273871,7.582447528839111,4000,0.0,0.0,AGI
2009-09-30 00:00:00-04:00,7.740782742449314,7.740782742449314,7.371336234274628,7.705597400665283,9400,0.0,0.0,AGI
2009-10-01 00:00:00-04:00,7.547264341956189,7.547264341956189,7.3537445068359375,7.3537445068359375,3200,0.0,0.0,AGI
2009-10-02 00:00:00-04:00,7.34494923213919,7.43291218864758,7.34494923213919,7.380134582519531,2900,0.0,0.0,AGI
2009-10-05 00:00:00-04:00,7.424113689900506,7.661615371704102,7.3801326426492055,7.661615371704102,3300,0.0,0.0,AGI
2009-10-06 00:00:00-04:00,7.987082769036851,8.189399180181494,7.978286220968607,8.00467586517334,29100,0.0,0.0,AGI
2009-10-07 00:00:00-04:00,8.180599212646484,8.189395757037799,8.127820785183243,8.180599212646484,4800,0.0,0.0,AGI
2009-10-08 00:00:00-04:00,8.444489007995418,8.62921223126046,8.444489007995418,8.620415687561035,10600,0.0,0.0,AGI
2009-10-09 00:00:00-04:00,8.646810435643975,8.646810435643975,8.479680184659506,8.567643165588379,2700,0.0,0.0,AGI
2009-10-12 00:00:00-04:00,8.646808624267578,8.646808624267578,8.444493055516599,8.646808624267578,800,0.0,0.0,AGI
2009-10-13 00:00:00-04:00,8.611621534218703,8.629214626500929,8.49726895103867,8.585232734680176,22000,0.0,0.0,AGI
2009-10-14 00:00:00-04:00,8.611624575065129,8.611624575065129,8.523660760362766,8.602828025817871,18900,0.0,0.0,AGI
2009-10-15 00:00:00-04:00,8.435693939365,8.435693939365,8.286156025864818,8.312544822692871,28100,0.0,0.0,AGI
2009-10-16 00:00:00-04:00,8.206994281231301,8.303753826855067,8.136623550071237,8.294958114624023,11300,0.0,0.0,AGI
2009-10-19 00:00:00-04:00,8.338936598349342,8.444493501137964,8.338936598349342,8.391715049743652,2800,0.0,0.0,AGI
2009-10-20 00:00:00-04:00,8.356527834529984,8.365324380951325,8.224582993749236,8.250971794128418,5100,0.0,0.0,AGI
2009-10-21 00:00:00-04:00,8.365324829058073,8.365324829058073,8.356528282165527,8.356528282165527,1000,0.0,0.0,AGI
2009-10-22 00:00:00-04:00,7.99587837664832,8.031063725897882,7.969489574432373,7.969489574432373,1300,0.0,0.0,AGI
2009-10-23 00:00:00-04:00,7.995878577939544,8.004675125194606,7.916711330413818,7.916711330413818,2400,0.0,0.0,AGI
2009-10-26 00:00:00-04:00,7.916710298824549,7.916710298824549,7.617634442202942,7.626430988311768,6900,0.0,0.0,AGI
2009-10-27 00:00:00-04:00,7.60883722102654,7.7583751360701125,7.476892396639732,7.749579429626465,5000,0.0,0.0,AGI
2009-10-28 00:00:00-04:00,7.600045642133796,7.600045642133796,7.221802376438439,7.2305989265441895,20500,0.0,0.0,AGI
2009-10-29 00:00:00-04:00,7.327357164460049,7.608840006953531,7.318560615910867,7.573654651641846,6800,0.0,0.0,AGI
2009-10-30 00:00:00-04:00,7.49448613263314,7.49448613263314,7.010686583972151,7.0898542404174805,4900,0.0,0.0,AGI
2009-11-02 00:00:00-05:00,7.18661434553694,7.344948833088633,7.107447101761093,7.248188495635986,4600,0.0,0.0,AGI
2009-11-03 00:00:00-05:00,7.098652344421498,7.688007709006824,7.098652344421498,7.644025802612305,5200,0.0,0.0,AGI
2009-11-04 00:00:00-05:00,8.04865571009725,8.374121228304016,7.758376378840291,7.88152551651001,13400,0.0,0.0,AGI
2009-11-05 00:00:00-05:00,7.828749413836971,8.171807289123535,7.828749413836971,8.171807289123535,4500,0.0,0.0,AGI
2009-11-06 00:00:00-05:00,8.294953914827657,8.523658255860525,8.268564274839937,8.479677200317383,10300,0.0,0.0,AGI
2009-11-09 00:00:00-05:00,8.796347903420397,8.954682434125198,8.796347903420397,8.81394100189209,13800,0.0,0.0,AGI
2009-11-10 00:00:00-05:00,8.822732800420761,8.822732800420761,8.629213836345203,8.673194885253906,4900,0.0,0.0,AGI
2009-11-11 00:00:00-05:00,8.928291994691245,8.937088543147048,8.708383316606387,8.83153247833252,12000,0.0,0.0,AGI
2009-11-12 00:00:00-05:00,8.76995515305561,8.805140495300293,8.708380174963867,8.805140495300293,8300,0.0,0.0,AGI
2009-11-13 00:00:00-05:00,8.796347760621446,9.32412896181277,8.796347760621446,9.315332412719727,13900,0.0,0.0,AGI
2009-11-16 00:00:00-05:00,9.51764571034585,9.81672159621145,9.447275012363932,9.790332794189453,15000,0.0,0.0,AGI
2009-11-17 00:00:00-05:00,9.667183994321654,9.772740045018383,9.62320209681012,9.74635124206543,11200,0.0,0.0,AGI
2009-11-18 00:00:00-05:00,9.939872629951717,10.370893446890596,9.939872629951717,10.150984764099121,17300,0.0,0.0,AGI
2009-11-19 00:00:00-05:00,10.054223306747438,10.0894086556533,9.825518119416891,9.860703468322754,7900,0.0,0.0,AGI
2009-11-20 00:00:00-05:00,9.579221406514176,9.913482666015625,9.570424858896649,9.913482666015625,13200,0.0,0.0,AGI
2009-11-23 00:00:00-05:00,10.186168230108716,10.450058768279982,10.045426833453346,10.080612182617188,14000,0.0,0.0,AGI
2009-11-24 00:00:00-05:00,10.045425295653532,10.045425295653532,9.790331343545404,9.89588737487793,36000,0.0,0.0,AGI
2009-11-25 00:00:00-05:00,10.221354911347333,10.326910972595215,9.869501373854398,10.326910972595215,9700,0.0,0.0,AGI
2009-11-27 00:00:00-05:00,9.456071628650287,10.010241508483887,9.420886279401403,10.010241508483887,23500,0.0,0.0,AGI
2009-11-30 00:00:00-05:00,9.939871008931231,10.063019314324674,9.931074461721725,9.957463264465332,28800,0.0,0.0,AGI
2009-12-01 00:00:00-05:00,10.186172690645488,10.757935074654561,10.186172690645488,10.722749710083008,38700,0.0,0.0,AGI
2009-12-02 00:00:00-05:00,10.916267680230039,11.118584119457863,10.916267680230039,10.933860778808594,18400,0.0,0.0,AGI
2009-12-03 00:00:00-05:00,11.21534262979004,11.21534262979004,10.942655498701416,11.004230499267578,4500,0.0,0.0,AGI
2009-12-04 00:00:00-05:00,10.661173604060055,10.669970153333676,10.098207033825044,10.282930374145508,12100,0.0,0.0,AGI
2009-12-07 00:00:00-05:00,9.931075429717044,10.3181143169265,9.895890076334366,10.168577194213867,19000,0.0,0.0,AGI
2009-12-08 00:00:00-05:00,10.089411437206353,10.089411437206353,9.843113088078361,9.851909637451172,4000,0.0,0.0,AGI
2009-12-09 00:00:00-05:00,10.098205819936618,10.61719042030237,9.966260952233634,10.186169624328613,13100,0.0,0.0,AGI
2009-12-10 00:00:00-05:00,10.555617929108521,10.599599838256836,10.54682137950183,10.599599838256836,1500,0.0,0.0,AGI
2009-12-11 00:00:00-05:00,10.379688693813193,10.379688693813193,9.816722234470276,9.843111038208008,5500,0.0,0.0,AGI
2009-12-14 00:00:00-05:00,10.001444866741382,10.318113006982639,9.939870715860136,10.29172420501709,2900,0.0,0.0,AGI
2009-12-15 00:00:00-05:00,10.291722740298296,10.599595128657874,10.291722740298296,10.467649459838867,4100,0.0,0.0,AGI
2009-12-16 00:00:00-05:00,10.661169819122602,11.347284480062845,10.634781019555426,11.285710334777832,8400,0.0,0.0,AGI
2009-12-17 00:00:00-05:00,10.88108054524023,11.083396951432809,10.731542587280273,10.731542587280273,4100,0.0,0.0,AGI
2009-12-18 00:00:00-05:00,10.766726304230575,10.801911651412317,10.353298684566344,10.397279739379883,11200,0.0,0.0,AGI
2009-12-21 00:00:00-05:00,10.335709716789392,10.335709716789392,10.115800999410894,10.124597549438477,31700,0.0,0.0,AGI
2009-12-22 00:00:00-05:00,9.966258857724888,10.379687309265137,9.913481257289439,10.379687309265137,17000,0.0,0.0,AGI
2009-12-23 00:00:00-05:00,10.467651713591984,10.784320715830667,10.467651713591984,10.705153465270996,8600,0.0,0.0,AGI
2009-12-24 00:00:00-05:00,10.784319137409504,10.872282083801911,10.652373459493651,10.66117000579834,5900,0.0,0.0,AGI
2009-12-28 00:00:00-05:00,10.66117000579834,10.66117000579834,10.66117000579834,10.66117000579834,0,0.0,0.0,AGI
2009-12-29 00:00:00-05:00,10.74913568298614,10.74913568298614,10.546819276793562,10.731542587280273,2300,0.0,0.0,AGI
2009-12-30 00:00:00-05:00,10.599595114894996,10.599595114894996,10.50283479010974,10.538020133972168,18800,0.0,0.0,AGI
2009-12-31 00:00:00-05:00,10.573209158143744,10.582004867309516,10.529227256774902,10.529227256774902,18200,0.0,0.0,AGI
2010-01-04 00:00:00-05:00,10.969045245770578,10.969045245770578,10.845896082382742,10.872284889221191,18900,0.0,0.0,AGI
2010-01-05 00:00:00-05:00,10.863488434112526,10.995433298136165,10.722746183232994,10.740339279174805,18800,0.0,0.0,AGI
2010-01-06 00:00:00-05:00,10.969043053207834,11.136173248291016,10.95144995957546,11.136173248291016,18900,0.0,0.0,AGI
2010-01-07 00:00:00-05:00,11.206545719858966,11.206545719858966,10.96904479040243,11.127378463745117,7800,0.0,0.0,AGI
2010-01-08 00:00:00-05:00,11.039416198468176,11.259324884338518,11.039416198468176,11.250528335571289,700,0.0,0.0,AGI
2010-01-11 00:00:00-05:00,11.875070352286995,11.875070352286995,11.619976281978458,11.707940101623535,21100,0.0,0.0,AGI
2010-01-12 00:00:00-05:00,11.46163651189636,12.007009763724902,11.373673571276463,11.452840805053711,43400,0.0,0.0,AGI
2010-01-13 00:00:00-05:00,11.575992866613758,11.901457614755234,11.567196318016274,11.883865356445312,8200,0.0,0.0,AGI
2010-01-14 00:00:00-05:00,11.84867950858916,11.919050216674805,11.804697606314381,11.919050216674805,9300,0.0,0.0,AGI
2010-01-15 00:00:00-05:00,11.778307587858283,11.778307587858283,11.47043514251709,11.47043514251709,15400,0.0,0.0,AGI
2010-01-19 00:00:00-05:00,11.663958191800997,11.707940101623535,11.619976281978458,11.707940101623535,22600,0.0,0.0,AGI
2010-01-20 00:00:00-05:00,11.47043869873769,11.47043869873769,11.12738079661676,11.153770446777344,56600,0.0,0.0,AGI
2010-01-21 00:00:00-05:00,11.004230386680954,11.004230386680954,10.019039615437455,10.344504356384277,9800,0.0,0.0,AGI
2010-01-22 00:00:00-05:00,10.16857522975367,10.564410588558879,10.16857522975367,10.379687309265137,16100,0.0,0.0,AGI
2010-01-25 00:00:00-05:00,10.485243257773067,10.582002750319232,10.159778594970703,10.159778594970703,28600,0.0,0.0,AGI
2010-01-26 00:00:00-05:00,10.142186333658708,10.52042946632347,10.089408729356819,10.511632919311523,11400,0.0,0.0,AGI
2010-01-27 00:00:00-05:00,10.335707034602105,10.353300130091743,9.96626041816936,10.001445770263672,11900,0.0,0.0,AGI
2010-01-28 00:00:00-05:00,10.274132878158303,10.274132878158303,9.948668161564688,10.001445770263672,4500,0.0,0.0,AGI
2010-01-29 00:00:00-05:00,9.781537389302017,9.90468654459158,9.385701957215193,9.44727611541748,12600,0.0,0.0,AGI
2010-02-01 00:00:00-05:00,9.719960692070245,10.467649459838867,9.68477534816213,10.467649459838867,9500,0.0,0.0,AGI
2010-02-02 00:00:00-05:00,10.590798716025636,10.590798716025636,10.529224573133993,10.5468168258667,12400,0.0,0.0,AGI
2010-02-03 00:00:00-05:00,10.467652678486573,10.573209581552865,10.159781034345807,10.344504356384277,14900,0.0,0.0,AGI
2010-02-04 00:00:00-05:00,10.212559622586381,10.212559622586381,9.394499837312143,9.544037818908691,33900,0.0,0.0,AGI
2010-02-05 00:00:00-05:00,9.4648686134847,10.054223869828027,9.324127209979117,10.045427322387695,40200,0.0,0.0,AGI
2010-02-08 00:00:00-05:00,10.098205601941679,10.168577147267136,9.948668479919434,9.948668479919434,16200,0.0,0.0,AGI
2010-02-09 00:00:00-05:00,10.0718151885417,10.502835906388038,10.0718151885417,10.476447105407715,16300,0.0,0.0,AGI
2010-02-10 00:00:00-05:00,10.520428368619978,10.582002513509156,10.291723203481872,10.35329818725586,8800,0.0,0.0,AGI
2010-02-11 00:00:00-05:00,10.39727948885146,10.678763098407718,10.39727948885146,10.66117000579834,5000,0.0,0.0,AGI
2010-02-12 00:00:00-05:00,10.520431132203976,10.634783744812012,10.370893164861547,10.634783744812012,13000,0.0,0.0,AGI
2010-02-16 00:00:00-05:00,11.030618409693886,11.065803761922377,10.872283905223194,10.942654609680176,14000,0.0,0.0,AGI
2010-02-17 00:00:00-05:00,10.95145118923855,10.95145118923855,10.722745979647199,10.79311752319336,15000,0.0,0.0,AGI
2010-02-18 00:00:00-05:00,10.872282443234361,10.969042778015137,10.863486735523718,10.969042778015137,8200,0.0,0.0,AGI
2010-02-19 00:00:00-05:00,10.881080627441406,11.039415134450435,10.749135764190537,10.881080627441406,23500,0.0,0.0,AGI
2010-02-22 00:00:00-05:00,11.013025659446171,11.013025659446171,10.889876512723204,10.977839469909668,7300,0.0,0.0,AGI
2010-02-23 00:00:00-05:00,10.54681749582384,10.564410588558879,10.29172352335961,10.379687309265137,19400,0.0,0.0,AGI
2010-02-24 00:00:00-05:00,10.520431240029525,10.520431240029525,10.133392333984375,10.133392333984375,15100,0.0,0.0,AGI
2010-02-25 00:00:00-05:00,9.878294303360974,10.388483047485352,9.878294303360974,10.388483047485352,16800,0.0,0.0,AGI
2010-02-26 00:00:00-05:00,10.502837206534684,10.801913117617165,10.502837206534684,10.713950157165527,17800,0.0,0.0,AGI
2010-03-01 00:00:00-05:00,10.925059890852861,11.241727989542516,10.766725422065642,11.180153846740723,45800,0.0,0.0,AGI
2010-03-02 00:00:00-05:00,11.356082400693104,11.514416895029743,11.320897050716619,11.461638450622559,25000,0.0,0.0,AGI
2010-03-03 00:00:00-05:00,11.44404750992575,11.734326890304251,11.44404750992575,11.62877082824707,21300,0.0,0.0,AGI
2010-03-04 00:00:00-05:00,11.672755680980442,11.672755680980442,11.38247538834363,11.567198753356934,17000,0.0,0.0,AGI
2010-03-05 00:00:00-05:00,11.795898832121715,12.068585903659567,11.795898832121715,11.963029861450195,25000,0.0,0.0,AGI
2010-03-08 00:00:00-05:00,12.086181704496637,12.086181704496637,11.725531578063965,11.725531578063965,20100,0.0,0.0,AGI
2010-03-09 00:00:00-05:00,11.787102222305416,11.84867720909414,11.672750473022461,11.672750473022461,12800,0.0,0.0,AGI
2010-03-10 00:00:00-05:00,11.839882706796015,11.919049961418182,11.707937841682398,11.831086158752441,12800,0.0,0.0,AGI
2010-03-11 00:00:00-05:00,11.716731849679658,11.734324943212448,11.611175805137528,11.699139595031738,7900,0.0,0.0,AGI
2010-03-12 00:00:00-05:00,11.989418064109229,11.989418064109229,11.822287043119195,11.848676681518555,14800,0.0,0.0,AGI
2010-03-15 00:00:00-04:00,11.892661156172458,11.892661156172458,11.690344745595253,11.831086158752441,12700,0.0,0.0,AGI
2010-03-16 00:00:00-04:00,12.19173860504313,12.49961113521946,12.11257217394665,12.367666244506836,17900,0.0,0.0,AGI
2010-03-17 00:00:00-04:00,12.640353525149704,12.640353525149704,12.36766717349168,12.446833610534668,12200,0.0,0.0,AGI
2010-03-18 00:00:00-04:00,12.2445131679128,12.288495063781738,12.086178678338575,12.288495063781738,60700,0.0,0.0,AGI
2010-03-19 00:00:00-04:00,12.18293763780675,12.18293763780675,12.015806620202525,12.112566947937012,13700,0.0,0.0,AGI
2010-03-22 00:00:00-04:00,11.919049064191316,12.050993919372559,11.883863713550657,12.050993919372559,13100,0.0,0.0,AGI
2010-03-23 00:00:00-04:00,11.91904767747207,11.945436477661133,11.910251131114105,11.945436477661133,9400,0.0,0.0,AGI
2010-03-24 00:00:00-04:00,11.91025136742148,11.980622061911737,11.734324631195838,11.751916885375977,11700,0.0,0.0,AGI
2010-03-25 00:00:00-04:00,11.751916885375977,11.751916885375977,11.751916885375977,11.751916885375977,0,0.0,0.0,AGI
2010-03-26 00:00:00-04:00,11.672749332854032,11.927843284962162,11.655156241522894,11.875064849853516,24500,0.0,0.0,AGI
2010-03-29 00:00:00-04:00,12.138954685730786,12.138954685730786,12.033398660153876,12.042194366455078,16300,0.0,0.0,AGI
2010-03-30 00:00:00-04:00,11.989419524632714,11.989419524632714,11.813492774963379,11.813492774963379,5000,0.0,0.0,AGI
2010-03-31 00:00:00-04:00,11.813494395345472,11.822290104871707,11.79590129852295,11.79590129852295,3400,0.0,0.0,AGI
2010-04-01 00:00:00-04:00,11.989420081901105,12.112569231836071,11.892660574806817,12.077383041381836,13400,0.0,0.0,AGI
2010-04-05 00:00:00-04:00,12.253311013214873,12.288496365861258,12.244514465332031,12.244514465332031,3200,0.0,0.0,AGI
2010-04-06 00:00:00-04:00,12.191734923179643,12.235716819763184,12.13016077129363,12.235716819763184,23600,0.0,0.0,AGI
2010-04-07 00:00:00-04:00,12.165349358612866,12.552389144897461,12.165349358612866,12.552389144897461,6900,0.0,0.0,AGI
2010-04-08 00:00:00-04:00,12.464421911923111,12.517199516296387,12.297290874009649,12.517199516296387,13000,0.0,0.0,AGI
2010-04-09 00:00:00-04:00,12.49960766773817,12.63155252184834,12.49960766773817,12.613960266113281,4000,0.0,0.0,AGI
2010-04-12 00:00:00-04:00,12.631553280884038,12.631553280884038,12.385255813598633,12.385255813598633,20900,0.0,0.0,AGI
2010-04-13 00:00:00-04:00,12.385255617296188,12.614449158331196,12.349995137188968,12.402885437011719,15000,0.03,0.0,AGI
2010-04-14 00:00:00-04:00,12.596818520113294,12.720230621043882,12.526297559774719,12.71141529083252,14600,0.0,0.0,AGI
2010-04-15 00:00:00-04:00,12.79956667060014,12.896532779070936,12.684969902038574,12.684969902038574,10700,0.0,0.0,AGI
2010-04-16 00:00:00-04:00,12.517485501518129,12.596821812805842,12.244216918945312,12.244216918945312,3100,0.0,0.0,AGI
2010-04-19 00:00:00-04:00,12.129619544346273,12.191325187683105,12.129619544346273,12.191325187683105,2600,0.0,0.0,AGI
2010-04-20 00:00:00-04:00,12.552743239224982,12.588003720881607,12.429331973764896,12.51748275756836,5300,0.0,0.0,AGI
2010-04-21 00:00:00-04:00,12.482223510742188,12.482223510742188,12.482223510742188,12.482223510742188,1700,0.0,0.0,AGI
2010-04-22 00:00:00-04:00,12.49103936268085,12.49103936268085,12.473408699035645,12.473408699035645,2400,0.0,0.0,AGI
2010-04-23 00:00:00-04:00,12.349994036053198,12.543926239013672,12.332363377233474,12.543926239013672,10100,0.0,0.0,AGI
2010-04-26 00:00:00-04:00,12.632078088713328,12.684969225488553,12.632078088713328,12.64970874786377,9600,0.0,0.0,AGI
2010-04-27 00:00:00-04:00,12.455776337096756,12.57918843542808,12.367624718192078,12.376440048217773,11300,0.0,0.0,AGI
2010-04-28 00:00:00-04:00,12.70260121571594,12.8260133288404,12.676156063145072,12.799568176269531,3300,0.0,0.0,AGI
2010-04-29 00:00:00-04:00,12.92297597682795,13.108093676442753,12.89653083136184,12.931791305541992,5200,0.0,0.0,AGI
2010-04-30 00:00:00-04:00,13.099281311035156,13.28439905252711,13.081651490294888,13.099281311035156,11800,0.0,0.0,AGI
2010-05-03 00:00:00-04:00,13.47833093684252,13.47833093684252,12.975868900223327,13.011129379272461,15000,0.0,0.0,AGI
2010-05-04 00:00:00-04:00,12.817196171883698,12.817196171883698,12.543926831992508,12.596817970275879,2200,0.0,0.0,AGI
2010-05-05 00:00:00-04:00,12.111987915349696,12.729046821594238,12.085542761837061,12.729046821594238,11700,0.0,0.0,AGI
2010-05-06 00:00:00-04:00,12.896533021890319,12.931793502059607,12.693784630409796,12.71141529083252,23800,0.0,0.0,AGI
2010-05-07 00:00:00-04:00,12.429331571653394,12.632079124450684,12.429331571653394,12.632079124450684,11100,0.0,0.0,AGI
2010-05-10 00:00:00-04:00,12.72904703328206,12.834829330444336,12.72904703328206,12.834829330444336,2400,0.0,0.0,AGI
2010-05-11 00:00:00-04:00,12.922977059960006,13.28439716076779,12.922977059960006,13.222691535949707,112100,0.0,0.0,AGI
2010-05-12 00:00:00-04:00,13.451886831469926,13.70752553458044,13.416626349684895,13.67226505279541,11900,0.0,0.0,AGI
2010-05-13 00:00:00-04:00,13.672263067147233,13.92790173313087,13.575296125813942,13.610556602478027,20600,0.0,0.0,AGI
2010-05-14 00:00:00-04:00,13.645819664001465,13.645819664001465,13.178618049533652,13.645819664001465,16800,0.0,0.0,AGI
2010-05-17 00:00:00-04:00,13.8573827147807,13.8573827147807,13.108096430197076,13.196248054504395,5700,0.0,0.0,AGI
2010-05-18 00:00:00-04:00,13.134542427319618,13.134542427319618,13.09046745300293,13.09046745300293,7600,0.0,0.0,AGI
2010-05-19 00:00:00-04:00,12.78193271058158,12.826008508753253,12.314731267584063,12.614445686340332,11100,0.0,0.0,AGI
2010-05-20 00:00:00-04:00,12.314733828029288,12.446960409360566,12.191321735624289,12.323548316955566,14900,0.0,0.0,AGI
2010-05-21 00:00:00-04:00,12.076725591522328,12.526297336162365,12.076725591522328,12.31473445892334,23200,0.0,0.0,AGI
2010-05-24 00:00:00-04:00,12.3323641292359,12.3323641292359,11.900423049926758,11.900423049926758,1000,0.0,0.0,AGI
2010-05-25 00:00:00-04:00,12.147244105765967,12.446958541870117,12.147244105765967,12.446958541870117,28800,0.0,0.0,AGI
2010-05-26 00:00:00-04:00,12.852456122248867,12.852456122248867,12.508665839227824,12.605632781982422,3600,0.0,0.0,AGI
2010-05-27 00:00:00-04:00,12.737862725372453,12.737862725372453,12.658526420593262,12.658526420593262,4500,0.0,0.0,AGI
2010-05-28 00:00:00-04:00,12.781936251171095,12.781936251171095,12.71141529083252,12.71141529083252,3200,0.0,0.0,AGI
2010-06-01 00:00:00-04:00,12.817197271987762,12.878902904717807,12.51748275756836,12.51748275756836,4700,0.0,0.0,AGI
2010-06-02 00:00:00-04:00,12.499852644190142,12.746676010003116,12.491037313813491,12.737860679626465,5000,0.0,0.0,AGI
2010-06-03 00:00:00-04:00,12.720232330874207,12.729046821594238,12.588004881958488,12.729046821594238,11500,0.0,0.0,AGI
2010-06-04 00:00:00-04:00,12.729046821594238,12.729046821594238,12.729046821594238,12.729046821594238,0,0.0,0.0,AGI
2010-06-07 00:00:00-04:00,12.420514794756713,12.79075021739081,12.420514794756713,12.64089298248291,57600,0.0,0.0,AGI
2010-06-08 00:00:00-04:00,12.861272923418182,12.984684187335212,12.861272923418182,12.96705436706543,12000,0.0,0.0,AGI
2010-06-09 00:00:00-04:00,12.922979227581685,12.922979227581685,12.693785667419434,12.693785667419434,2300,0.0,0.0,AGI
2010-06-10 00:00:00-04:00,12.870087188615361,13.240322631073893,12.861271858872035,13.231507301330566,15000,0.0,0.0,AGI
2010-06-11 00:00:00-04:00,13.25795598443484,13.26677131652832,13.25795598443484,13.26677131652832,9200,0.0,0.0,AGI
2010-06-14 00:00:00-04:00,13.451889087109695,13.487149574807274,13.26677131652832,13.26677131652832,1800,0.0,0.0,AGI
2010-06-15 00:00:00-04:00,13.346104728068212,13.637003898620605,13.346104728068212,13.637003898620605,3100,0.0,0.0,AGI
2010-06-16 00:00:00-04:00,13.786863327026367,13.786863327026367,13.786863327026367,13.786863327026367,2500,0.0,0.0,AGI
2010-06-17 00:00:00-04:00,13.998426552384535,14.351032257080078,13.998426552384535,14.351032257080078,22600,0.0,0.0,AGI
2010-06-18 00:00:00-04:00,14.527328704091612,15.020977020263672,14.527328704091612,15.020977020263672,16000,0.0,0.0,AGI
2010-06-21 00:00:00-04:00,14.897567348262616,14.897567348262616,14.315768981481348,14.518516540527344,9600,0.0,0.0,AGI
2010-06-22 00:00:00-04:00,14.456812169865486,14.456812169865486,14.03368635369831,14.068946838378906,7200,0.0,0.0,AGI
2010-06-23 00:00:00-04:00,13.839751523327372,13.839751523327372,13.71634026283752,13.80449104309082,12500,0.0,0.0,AGI
2010-06-24 00:00:00-04:00,13.760416464538654,14.615484237670898,13.760416464538654,14.615484237670898,7800,0.0,0.0,AGI
2010-06-25 00:00:00-04:00,14.359846493404966,14.54496340238614,14.359846493404966,14.536148071289062,2000,0.0,0.0,AGI
2010-06-28 00:00:00-04:00,14.668376560847346,14.69482255753855,14.209991054335395,14.245250701904297,6100,0.0,0.0,AGI
2010-06-29 00:00:00-04:00,13.830937669057946,13.839753000226844,13.795677185058594,13.795677185058594,1300,0.0,0.0,AGI
2010-06-30 00:00:00-04:00,13.751601521237196,13.9279039323964,13.53122329711914,13.53122329711914,6200,0.0,0.0,AGI
2010-07-01 00:00:00-04:00,13.548853381149877,13.548853381149877,13.0552066203126,13.064021110534668,3200,0.0,0.0,AGI
2010-07-02 00:00:00-04:00,13.160985743275226,13.240322025987236,12.993497848510742,12.993497848510742,5300,0.0,0.0,AGI
2010-07-06 00:00:00-04:00,13.205061909953276,13.205061909953276,12.226582962399068,12.235398292541504,10900,0.0,0.0,AGI
2010-07-07 00:00:00-04:00,12.147248400258633,12.729046821594238,12.103172583953393,12.729046821594238,17500,0.0,0.0,AGI
2010-07-08 00:00:00-04:00,12.632078893323488,12.632078893323488,12.40288535382568,12.420516014099121,13400,0.0,0.0,AGI
2010-07-09 00:00:00-04:00,12.737858547525592,12.905346433942618,12.737858547525592,12.896531105041504,13100,0.0,0.0,AGI
2010-07-12 00:00:00-04:00,13.002313337273984,13.03757381439209,13.002313337273984,13.03757381439209,2300,0.0,0.0,AGI
2010-07-13 00:00:00-04:00,13.05520507083105,13.05520507083105,12.596818006639026,12.720230102539062,3900,0.0,0.0,AGI
2010-07-14 00:00:00-04:00,12.314733715135246,12.623262682305187,12.297103056092116,12.58800220489502,22000,0.0,0.0,AGI
2010-07-15 00:00:00-04:00,12.429330273142305,12.49985122680664,12.305918183891677,12.49985122680664,19800,0.0,0.0,AGI
2010-07-16 00:00:00-04:00,12.358812032157802,12.358812032157802,12.253029737766685,12.270660400390625,12400,0.0,0.0,AGI
2010-07-19 00:00:00-04:00,12.270660400390625,12.270660400390625,12.270660400390625,12.270660400390625,0,0.0,0.0,AGI
2010-07-20 00:00:00-04:00,12.015017753630286,12.041462898254395,11.997387096763552,12.041462898254395,8700,0.0,0.0,AGI
2010-07-21 00:00:00-04:00,12.129620350783293,12.147250175476074,12.0414687052902,12.147250175476074,5100,0.0,0.0,AGI
2010-07-22 00:00:00-04:00,12.288288748001003,12.288288748001003,12.244213778081752,12.279474258422852,4000,0.0,0.0,AGI
2010-07-23 00:00:00-04:00,12.279474258422852,12.279474258422852,12.279474258422852,12.279474258422852,0,0.0,0.0,AGI
2010-07-26 00:00:00-04:00,12.729044434100542,12.95823796335862,12.729044434100542,12.861271858215332,10600,0.0,0.0,AGI
2010-07-27 00:00:00-04:00,12.958238123810979,12.958238123810979,12.720230102539062,12.720230102539062,400,0.0,0.0,AGI
2010-07-28 00:00:00-04:00,12.49103936268085,12.49103936268085,12.473408699035645,12.473408699035645,2000,0.0,0.0,AGI
2010-07-29 00:00:00-04:00,12.658525766663868,12.755492730018672,12.649711276003105,12.74667739868164,2400,0.0,0.0,AGI
2010-07-30 00:00:00-04:00,13.055204479725155,13.222691535949707,13.055204479725155,13.222691535949707,10600,0.0,0.0,AGI
2010-08-02 00:00:00-04:00,13.293214599775602,13.61937427520752,13.037575889805927,13.61937427520752,1100,0.0,0.0,AGI
2010-08-03 00:00:00-04:00,13.531220354119348,13.531220354119348,13.469513893127441,13.469513893127441,2500,0.0,0.0,AGI
2010-08-04 00:00:00-04:00,13.610555941150913,13.901455910340092,13.610555941150913,13.76041316986084,5100,0.0,0.0,AGI
2010-08-05 00:00:00-04:00,13.42543891573822,13.495960709878597,13.275582520133641,13.363733291625977,10600,0.0,0.0,AGI
2010-08-06 00:00:00-04:00,13.310846265708639,13.310846265708639,13.249139785766602,13.249139785766602,800,0.0,0.0,AGI
2010-08-09 00:00:00-04:00,13.4871479823231,13.4871479823231,13.398996353149414,13.398996353149414,6900,0.0,0.0,AGI
2010-08-10 00:00:00-04:00,13.169802019779508,13.257953643798828,13.125727048446041,13.257953643798828,3000,0.0,0.0,AGI
2010-08-11 00:00:00-04:00,12.993502093159345,12.993502093159345,12.870090804781826,12.878905296325684,2900,0.0,0.0,AGI
2010-08-12 00:00:00-04:00,13.328476064608994,13.61055994724317,13.328476064608994,13.557669639587402,19800,0.0,0.0,AGI
2010-08-13 00:00:00-04:00,13.707525253295898,13.707525253295898,13.707525253295898,13.707525253295898,17100,0.0,0.0,AGI
2010-08-16 00:00:00-04:00,13.927905329077799,14.077762603759766,13.927905329077799,14.077762603759766,5000,0.0,0.0,AGI
2010-08-17 00:00:00-04:00,14.236430536263214,14.45680872314454,14.183540242190293,14.368657112121582,4400,0.0,0.0,AGI
2010-08-18 00:00:00-04:00,14.33339886208078,14.377473831176758,14.33339886208078,14.377473831176758,8100,0.0,0.0,AGI
2010-08-19 00:00:00-04:00,14.201173303241227,14.254063606262207,14.201173303241227,14.254063606262207,2400,0.0,0.0,AGI
2010-08-20 00:00:00-04:00,14.2276179630597,14.289323598323138,14.192358320631648,14.280509948730469,51600,0.0,0.0,AGI
2010-08-23 00:00:00-04:00,14.218802589438813,15.012165558594583,14.016055022366762,14.033685684204102,65400,0.0,0.0,AGI
2010-08-24 00:00:00-04:00,13.77804799545307,13.786863327026367,13.73397217826288,13.786863327026367,43000,0.0,0.0,AGI
2010-08-25 00:00:00-04:00,13.866195115048502,14.368657112121582,13.866195115048502,14.368657112121582,76500,0.0,0.0,AGI
2010-08-26 00:00:00-04:00,14.527328741868134,14.650741661908079,14.306950569152832,14.306950569152832,70900,0.0,0.0,AGI
2010-08-27 00:00:00-04:00,14.192354225656635,14.306950132173581,14.183538897255028,14.298134803771973,4400,0.0,0.0,AGI
2010-08-30 00:00:00-04:00,14.351032257080078,14.351032257080078,14.351032257080078,14.351032257080078,9500,0.0,0.0,AGI
2010-08-31 00:00:00-04:00,14.33340133574495,14.412737638891437,14.077762603759766,14.077762603759766,4100,0.0,0.0,AGI
2010-09-01 00:00:00-04:00,14.289321500594582,14.289321500594582,13.971978039919533,14.21880054473877,8300,0.0,0.0,AGI
2010-09-02 00:00:00-04:00,14.14827656795917,14.14827656795917,13.875008132534887,14.007235527038574,6800,0.0,0.0,AGI
2010-09-03 00:00:00-04:00,14.192358822310881,15.109131415428813,14.192358822310881,14.580224990844727,13900,0.0,0.0,AGI
2010-09-07 00:00:00-04:00,15.056237599039127,15.452919006347656,14.800599777603063,15.452919006347656,51300,0.0,0.0,AGI
2010-09-08 00:00:00-04:00,15.144393341879391,15.294250616490112,14.827048129444313,14.862309455871582,12700,0.0,0.0,AGI
2010-09-09 00:00:00-04:00,15.294253717782647,15.329513370007106,14.492076873779297,14.492076873779297,2600,0.0,0.0,AGI
2010-09-10 00:00:00-04:00,14.492072230170624,14.518516540527344,14.492072230170624,14.518516540527344,2900,0.0,0.0,AGI
2010-09-13 00:00:00-04:00,14.403920565313427,14.474441528320312,14.386289904223611,14.474441528320312,3700,0.0,0.0,AGI
2010-09-14 00:00:00-04:00,14.765341188853764,15.382400896152806,14.765341188853764,15.25017261505127,16200,0.0,0.0,AGI
2010-09-15 00:00:00-04:00,15.003351323032787,15.003351323032787,14.677190780639648,14.677190780639648,1900,0.0,0.0,AGI
2010-09-16 00:00:00-04:00,15.003350165182262,15.470550932458563,15.003350165182262,15.435291290283203,19200,0.0,0.0,AGI
2010-09-17 00:00:00-04:00,15.408846564673565,15.408846564673565,14.809417466230677,14.862309455871582,9700,0.0,0.0,AGI
2010-09-20 00:00:00-04:00,14.941640873394574,15.0474214553833,14.853489267502612,15.0474214553833,5700,0.0,0.0,AGI
2010-09-21 00:00:00-04:00,14.968085692809128,15.162019568709178,14.61548093847098,15.038606643676758,6900,0.0,0.0,AGI
2010-09-22 00:00:00-04:00,15.452921867260363,15.585148467059243,14.82704682889542,14.835862159729004,12200,0.0,0.0,AGI
2010-09-23 00:00:00-04:00,14.782969873608758,15.100313334298217,14.544961017077505,14.853490829467773,11800,0.0,0.0,AGI
2010-09-24 00:00:00-04:00,15.241352763477947,15.241352763477947,14.685998916625977,14.685998916625977,1900,0.0,0.0,AGI
2010-09-27 00:00:00-04:00,14.571404838662929,14.765337018091452,14.377470977882442,14.703631401062012,2500,0.0,0.0,AGI
2010-09-28 00:00:00-04:00,14.536146857875062,15.417659717768169,14.509700866791423,15.373584747314453,15800,0.0,0.0,AGI
2010-09-29 00:00:00-04:00,15.417658288009989,15.55870019800516,15.417658288009989,15.426473617553711,7000,0.0,0.0,AGI
2010-09-30 00:00:00-04:00,15.611596417646696,15.611596417646696,14.976907581839352,15.056243896484375,12700,0.0,0.0,AGI
2010-10-01 00:00:00-04:00,14.941646142379891,14.968090456526312,14.809417846237267,14.932830810546875,3100,0.0,0.0,AGI
2010-10-04 00:00:00-04:00,14.853487920525058,14.853487920525058,14.571404152332962,14.589033126831055,5300,0.0,0.0,AGI
2010-10-05 00:00:00-04:00,14.90637893311167,14.950453893532503,14.809412002563477,14.809412002563477,7000,0.0,0.0,AGI
2010-10-06 00:00:00-04:00,14.668365833792729,14.888743934330968,14.668365833792729,14.75651741027832,14200,0.0,0.0,AGI
2010-10-07 00:00:00-04:00,14.245244514714305,14.298134803771973,14.04249700553326,14.298134803771973,20000,0.0,0.0,AGI
2010-10-08 00:00:00-04:00,14.492069901909595,14.85348999044058,14.492069901909595,14.774153709411621,25000,0.0,0.0,AGI
2010-10-11 00:00:00-04:00,14.791787147521973,14.791787147521973,14.54496292889625,14.791787147521973,1000,0.0,0.0,AGI
2010-10-12 00:00:00-04:00,15.020977020263672,15.073867310799242,14.91519475784051,15.020977020263672,17300,0.0,0.0,AGI
2010-10-13 00:00:00-04:00,15.28155864104544,15.28155864104544,15.096060752868652,15.096060752868652,1100,0.035,0.0,AGI
2010-10-14 00:00:00-04:00,15.140224703387775,15.272725105285645,15.140224703387775,15.272725105285645,11700,0.0,0.0,AGI
2010-10-15 00:00:00-04:00,15.007729538669686,15.007729538669686,14.548398971557617,14.548398971557617,11300,0.0,0.0,AGI
2010-10-18 00:00:00-04:00,14.389397335224086,14.389397335224086,14.142065173908037,14.362896919250488,15200,0.0,0.0,AGI
2010-10-19 00:00:00-04:00,13.912406495164547,13.956573033471795,13.506075859069824,13.506075859069824,10300,0.0,0.0,AGI
2010-10-20 00:00:00-04:00,13.788734116231268,13.868233680725098,13.700401921998557,13.868233680725098,9600,0.0,0.0,AGI
2010-10-21 00:00:00-04:00,13.806405371972282,13.806405371972282,13.1969090821242,13.373575210571289,12900,0.0,0.0,AGI
2010-10-22 00:00:00-04:00,13.223409506835184,13.373575210571289,12.976077263971874,13.373575210571289,4700,0.0,0.0,AGI
2010-10-25 00:00:00-04:00,13.523740452599046,13.788737951409445,13.523740452599046,13.779905319213867,27400,0.0,0.0,AGI
2010-10-26 00:00:00-04:00,13.514908196154085,13.656240432900251,13.514908196154085,13.61207389831543,2100,0.0,0.0,AGI
2010-10-27 00:00:00-04:00,13.400074841380714,13.400074841380714,13.090909957885742,13.090909957885742,1100,0.0,0.0,AGI
2010-10-28 00:00:00-04:00,13.143909245970791,13.214575356776564,13.099742716115562,13.205741882324219,9400,0.0,0.0,AGI
2010-10-29 00:00:00-04:00,13.514904492997635,13.735736263006073,13.514904492997635,13.700403213500977,26400,0.0,0.0,AGI
2010-11-01 00:00:00-04:00,13.974235531789624,14.097901638607796,13.841736793518066,13.841736793518066,3200,0.0,0.0,AGI
2010-11-02 00:00:00-04:00,13.991898615618384,14.389396405476111,13.991898615618384,14.256896018981934,25000,0.0,0.0,AGI
2010-11-03 00:00:00-04:00,13.841736552844683,14.407065391540527,13.841736552844683,14.407065391540527,19700,0.0,0.0,AGI
2010-11-04 00:00:00-04:00,15.149064092069782,15.378729410955737,14.919398773183827,15.369895935058594,7600,0.0,0.0,AGI
2010-11-05 00:00:00-04:00,15.652553842718548,17.251376926728526,15.61722163880019,16.836212158203125,24400,0.0,0.0,AGI
2010-11-08 00:00:00-05:00,16.86271212838714,17.24254299812733,16.60654649630655,17.171876907348633,10400,0.0,0.0,AGI
2010-11-09 00:00:00-05:00,17.675377563071915,17.913876312626495,16.06772232055664,16.06772232055664,25200,0.0,0.0,AGI
2010-11-10 00:00:00-05:00,16.527051802273157,16.527051802273157,15.899890272458638,16.08538818359375,21400,0.0,0.0,AGI
2010-11-11 00:00:00-05:00,15.944061410060504,15.988228797912598,15.944061410060504,15.988228797912598,10000,0.0,0.0,AGI
2010-11-12 00:00:00-05:00,15.608392939330408,15.705559478239302,15.299228057649161,15.414061546325684,9400,0.0,0.0,AGI
2010-11-15 00:00:00-05:00,15.458224874061354,15.458224874061354,15.078393936157227,15.078393936157227,15200,0.0,0.0,AGI
2010-11-16 00:00:00-05:00,14.76039984248727,15.025399069734267,14.513069252166018,14.981231689453125,3400,0.0,0.0,AGI
2010-11-17 00:00:00-05:00,15.299224868337483,15.308058341379851,14.928227424621582,14.928227424621582,600,0.0,0.0,AGI
2010-11-18 00:00:00-05:00,15.157892901065448,15.679056024845327,15.157892901065448,15.564224243164062,11400,0.0,0.0,AGI
2010-11-19 00:00:00-05:00,15.202056694189269,15.202056694189269,15.193224906921387,15.193224906921387,7700,0.0,0.0,AGI
2010-11-22 00:00:00-05:00,15.458224296569824,15.458224296569824,15.458224296569824,15.458224296569824,7900,0.0,0.0,AGI
2010-11-23 00:00:00-05:00,15.723215641177957,16.3415450465956,15.723215641177957,16.103046417236328,2400,0.0,0.0,AGI
2010-11-24 00:00:00-05:00,16.244387704270792,16.244387704270792,16.11188895278796,16.20022201538086,11000,0.0,0.0,AGI
2010-11-26 00:00:00-05:00,15.864555020397782,15.873388494195096,15.811555862426758,15.811555862426758,4800,0.0,0.0,AGI
2010-11-29 00:00:00-05:00,16.18255451455557,16.800884246826172,16.120721878291103,16.800884246826172,20600,0.0,0.0,AGI
2010-11-30 00:00:00-05:00,16.80088632568481,17.004051208496094,16.80088632568481,17.004051208496094,17100,0.0,0.0,AGI
2010-12-01 00:00:00-05:00,17.322048762635678,17.666545867919922,17.277881387078015,17.666545867919922,20400,0.0,0.0,AGI
2010-12-02 00:00:00-05:00,17.913874283786765,17.913874283786765,17.401544630626642,17.428043365478516,20200,0.0,0.0,AGI
2010-12-03 00:00:00-05:00,17.481045030419203,17.92270860347906,17.445711135864258,17.445711135864258,7900,0.0,0.0,AGI
2010-12-06 00:00:00-05:00,17.719542608240488,18.532203674316406,17.719542608240488,18.532203674316406,6500,0.0,0.0,AGI
2010-12-07 00:00:00-05:00,18.973865999776955,18.98269947309235,17.869707107543945,17.869707107543945,37000,0.0,0.0,AGI
2010-12-08 00:00:00-05:00,17.68420648669732,17.68420648669732,17.065876928774337,17.171876907348633,6000,0.0,0.0,AGI
2010-12-09 00:00:00-05:00,17.269048998971005,17.269048998971005,16.456387770501006,16.615386962890625,5700,0.0,0.0,AGI
2010-12-10 00:00:00-05:00,16.21788847731798,16.235553741455078,16.21788847731798,16.235553741455078,9600,0.0,0.0,AGI
2010-12-13 00:00:00-05:00,16.35921645402373,16.862712574751303,16.3150490931101,16.836212158203125,11300,0.0,0.0,AGI
2010-12-14 00:00:00-05:00,16.694883495022577,17.14538056250766,16.694883495022577,16.871549606323242,5600,0.0,0.0,AGI
2010-12-15 00:00:00-05:00,16.818549408508844,16.818549408508844,16.65071678161621,16.65071678161621,7800,0.0,0.0,AGI
2010-12-16 00:00:00-05:00,16.827388665547176,16.827388665547176,15.899895438871743,15.9617280960083,40000,0.0,0.0,AGI
2010-12-17 00:00:00-05:00,15.908720620494256,16.58004939112934,15.908720620494256,16.22671890258789,28200,0.0,0.0,AGI
2010-12-20 00:00:00-05:00,16.217888079239096,16.562385151244847,16.076555860733507,16.421052932739258,21300,0.0,0.0,AGI
2010-12-21 00:00:00-05:00,16.55355078904701,16.562384262831394,16.37688636779785,16.37688636779785,8900,0.0,0.0,AGI
2010-12-22 00:00:00-05:00,16.041218188886337,16.041218188886337,15.820386438835794,15.917552947998047,29000,0.0,0.0,AGI
2010-12-23 00:00:00-05:00,15.979390127610705,16.57121945399677,15.979390127610705,16.438720703125,17000,0.0,0.0,AGI
2010-12-27 00:00:00-05:00,16.412221024702042,16.412221024702042,16.30622100830078,16.30622100830078,1000,0.0,0.0,AGI
2010-12-28 00:00:00-05:00,16.412220279025433,16.800884741753915,16.412220279025433,16.438720703125,3100,0.0,0.0,AGI
2010-12-29 00:00:00-05:00,16.61538278489033,17.295545076944023,16.562383629025028,17.065879821777344,13800,0.0,0.0,AGI
2010-12-30 00:00:00-05:00,17.13654526831685,17.13654526831685,16.641882567953257,16.72138214111328,11900,0.0,0.0,AGI
2010-12-31 00:00:00-05:00,16.836214347461954,17.127712228146,16.827380874130586,16.862714767456055,10500,0.0,0.0,AGI
2011-01-03 00:00:00-05:00,16.86271605769281,16.87154953170006,16.78321647644043,16.78321647644043,1900,0.0,0.0,AGI
2011-01-04 00:00:00-05:00,16.951052801791977,17.27788298711971,16.33272296522827,16.580055236816406,36600,0.0,0.0,AGI
2011-01-05 00:00:00-05:00,16.438718472031578,16.72138288481109,16.156054059252067,16.65071678161621,25700,0.0,0.0,AGI
2011-01-06 00:00:00-05:00,16.765551138843335,16.88921810201083,16.076556948225125,16.138389587402344,9200,0.0,0.0,AGI
2011-01-07 00:00:00-05:00,16.147227110032308,16.279725896457187,15.979394415326935,16.014726638793945,11300,0.0,0.0,AGI
2011-01-10 00:00:00-05:00,16.032388882968096,16.359220699292663,16.014721934018016,16.235553741455078,5500,0.0,0.0,AGI
2011-01-11 00:00:00-05:00,16.518213166299372,16.53587842326702,16.429880142211914,16.429880142211914,6000,0.0,0.0,AGI
2011-01-12 00:00:00-05:00,16.641886604730384,16.641886604730384,16.306221284452693,16.332721710205078,2900,0.0,0.0,AGI
2011-01-13 00:00:00-05:00,16.368054719010036,16.368054719010036,15.343395233154297,15.343395233154297,49500,0.0,0.0,AGI
2011-01-14 00:00:00-05:00,15.246226158611515,15.246226158611515,14.963561752280114,15.202058792114258,18300,0.0,0.0,AGI
2011-01-18 00:00:00-05:00,15.520054463260132,15.520054463260132,15.184390958790743,15.228556632995605,13400,0.0,0.0,AGI
2011-01-19 00:00:00-05:00,15.511224935097172,15.511224935097172,14.725064277648926,14.725064277648926,23200,0.0,0.0,AGI
2011-01-20 00:00:00-05:00,14.574897969039425,14.574897969039425,14.345232707955809,14.513065338134766,9700,0.0,0.0,AGI
2011-01-21 00:00:00-05:00,14.513062020101188,14.57489463686943,14.07139854625666,14.133231163024902,12500,0.0,0.0,AGI
2011-01-24 00:00:00-05:00,14.168568797999002,14.354066697378006,13.806403946012972,13.912403106689453,17100,0.0,0.0,AGI
2011-01-25 00:00:00-05:00,13.64740474574414,13.762237380091769,13.15274199729976,13.735737800598145,14800,0.0,0.0,AGI
2011-01-26 00:00:00-05:00,13.726906229952828,14.221569889391862,13.726906229952828,14.044903755187988,11900,0.0,0.0,AGI
2011-01-27 00:00:00-05:00,14.018400258915479,14.018400258915479,13.391238016296542,13.453070640563965,16000,0.0,0.0,AGI
2011-01-28 00:00:00-05:00,13.329408223385784,13.894737119414904,13.285241692781883,13.779905319213867,14200,0.0,0.0,AGI
2011-01-31 00:00:00-05:00,13.603239412988513,13.70040595034262,13.391241073608398,13.391241073608398,40500,0.0,0.0,AGI
2011-02-01 00:00:00-05:00,13.550237868102801,13.620903968811035,13.347072196761848,13.620903968811035,38100,0.0,0.0,AGI
2011-02-02 00:00:00-05:00,13.55907182485593,13.594404876470145,13.170407414693162,13.30290699005127,15100,0.0,0.0,AGI
2011-02-03 00:00:00-05:00,13.603237705778792,14.84872884633567,13.338240236014155,14.689729690551758,23700,0.0,0.0,AGI
2011-02-04 00:00:00-05:00,15.14022616383086,15.28155836699656,14.698562607734857,15.202058792114258,25800,0.0,0.0,AGI
2011-02-07 00:00:00-05:00,15.290387008867182,15.290387008867182,14.786890983581543,14.786890983581543,55300,0.0,0.0,AGI
2011-02-08 00:00:00-05:00,15.202056694189269,15.202056694189269,15.104891870929833,15.193224906921387,19200,0.0,0.0,AGI
2011-02-09 00:00:00-05:00,15.16673131700735,15.228563964587664,14.857566394292498,14.981231689453125,13400,0.0,0.0,AGI
2011-02-10 00:00:00-05:00,14.87523464062343,14.87523464062343,14.521903991699219,14.521903991699219,10500,0.0,0.0,AGI
2011-02-11 00:00:00-05:00,14.442398231159322,14.521897803894046,14.124399940220425,14.186232566833496,21500,0.0,0.0,AGI
2011-02-14 00:00:00-05:00,14.283398775005779,14.477730123678837,14.283398775005779,14.39823055267334,16900,0.0,0.0,AGI
2011-02-15 00:00:00-05:00,14.530730634197512,14.848727226257322,14.530730634197512,14.848727226257324,4700,0.0,0.0,AGI
2011-02-16 00:00:00-05:00,14.884065608788982,15.01656436920166,14.68973252102478,15.01656436920166,10700,0.0,0.0,AGI
2011-02-17 00:00:00-05:00,14.998896586398459,15.48472759404215,14.998896586398459,15.325728416442871,14700,0.0,0.0,AGI
2011-02-18 00:00:00-05:00,15.36105926294709,15.679057589824506,15.36105926294709,15.449392318725586,14100,0.0,0.0,AGI
2011-02-22 00:00:00-05:00,15.467055414860068,15.467055414860068,15.007724987055905,15.316889762878418,4500,0.0,0.0,AGI
2011-02-23 00:00:00-05:00,15.502389531201997,15.511223004151672,15.184392929077148,15.184392929077148,14200,0.0,0.0,AGI
2011-02-24 00:00:00-05:00,15.440557701253603,15.440557701253603,14.875228881835938,14.875228881835938,11700,0.0,0.0,AGI
2011-02-25 00:00:00-05:00,15.131389741539634,15.131389741539634,14.875225805030974,15.043058395385742,16300,0.0,0.0,AGI
2011-02-28 00:00:00-05:00,15.131397167763668,15.263897621648264,15.131397167763668,15.237397193908691,3000,0.0,0.0,AGI
2011-03-01 00:00:00-05:00,15.096054671894558,15.864548020224547,15.096054671894558,15.608384132385254,13400,0.0,0.0,AGI
2011-03-02 00:00:00-05:00,15.908725604072217,16.120723963607833,15.829226008644712,15.926392555236816,11500,0.0,0.0,AGI
2011-03-03 00:00:00-05:00,15.705564756054198,15.988229308072702,15.62606514019729,15.89106273651123,57200,0.0,0.0,AGI
2011-03-04 00:00:00-05:00,16.288554602299598,16.4298868243957,16.164887644355765,16.297388076782227,11500,0.0,0.0,AGI
2011-03-07 00:00:00-05:00,16.42105025008252,16.49171634779081,16.041219343095715,16.22671890258789,10900,0.0,0.0,AGI
2011-03-08 00:00:00-05:00,15.926388015148799,16.138386314250692,15.926388015148799,16.129552841186523,17200,0.0,0.0,AGI
2011-03-09 00:00:00-05:00,16.15605653711385,16.164888327156547,16.076556948225125,16.138389587402344,14100,0.0,0.0,AGI
2011-03-10 00:00:00-05:00,15.723224930891988,15.723224930891988,15.078396419993387,15.617226600646973,17700,0.0,0.0,AGI
2011-03-11 00:00:00-05:00,15.246227017901555,15.811555862426758,15.016561753609977,15.811555862426758,18300,0.0,0.0,AGI
2011-03-14 00:00:00-04:00,15.219724956611511,15.882220256711623,15.21089148376599,15.378724098205566,15800,0.0,0.0,AGI
2011-03-15 00:00:00-04:00,14.345233638072049,14.39823279873914,14.124401836344068,14.318733215332031,11000,0.0,0.0,AGI
2011-03-16 00:00:00-04:00,14.230399568498182,14.424730916432335,14.000734329223633,14.000734329223633,16900,0.0,0.0,AGI
2011-03-17 00:00:00-04:00,14.036066152899359,14.036066152899359,13.75340094369541,13.885900497436523,20100,0.0,0.0,AGI
2011-03-18 00:00:00-04:00,13.97423520131249,14.362899617888674,13.912402570568903,14.05373477935791,14300,0.0,0.0,AGI
2011-03-21 00:00:00-04:00,14.13323490203373,14.230401431125337,13.912403106689453,13.912403106689453,4700,0.0,0.0,AGI
2011-03-22 00:00:00-04:00,14.115567027692387,14.415898384435867,14.08906744986396,14.23923397064209,11500,0.0,0.0,AGI
2011-03-23 00:00:00-04:00,14.17740068034862,15.00772870804747,14.17740068034862,14.99006175994873,10500,0.0,0.0,AGI
2011-03-24 00:00:00-04:00,15.193224906921387,15.546555366075077,15.149057546519346,15.193224906921387,3800,0.0,0.0,AGI
2011-03-25 00:00:00-04:00,15.369893853871925,15.369893853871925,14.689731465209753,14.707398414611816,11300,0.0,0.0,AGI
2011-03-28 00:00:00-04:00,14.636730599944086,14.707396704522672,14.513065338134766,14.513065338134766,9300,0.0,0.0,AGI
2011-03-29 00:00:00-04:00,14.433565421274716,14.513064997662191,14.39823152740793,14.460065841674805,9000,0.0,0.0,AGI
2011-03-30 00:00:00-04:00,14.39823055267334,14.451231389885457,14.39823055267334,14.39823055267334,14700,0.0,0.0,AGI
2011-03-31 00:00:00-04:00,14.495398177679876,14.495398177679876,14.018401557583868,14.02723503112793,24100,0.0,0.0,AGI
2011-04-01 00:00:00-04:00,13.938899645007957,13.938899645007957,13.68273485199599,13.885900497436523,28000,0.0,0.0,AGI
2011-04-04 00:00:00-04:00,13.885900625015402,13.974232819248114,13.691568449853404,13.868233680725098,12000,0.0,0.0,AGI
2011-04-05 00:00:00-04:00,13.841737610051371,14.451233863830566,13.806404554934208,14.451233863830566,14300,0.0,0.0,AGI
2011-04-06 00:00:00-04:00,14.451233724003682,14.50423288496338,14.080235385253426,14.142068862915039,27100,0.0,0.0,AGI
2011-04-07 00:00:00-04:00,14.08023328507917,14.08023328507917,13.700403213500977,13.700403213500977,18700,0.0,0.0,AGI
2011-04-08 00:00:00-04:00,13.859401688430838,13.95656820759002,13.718069488642602,13.726902961730957,23900,0.0,0.0,AGI
2011-04-11 00:00:00-04:00,13.541401956370178,13.541401956370178,13.029072397292854,13.06440544128418,33600,0.0,0.0,AGI
2011-04-12 00:00:00-04:00,12.905409735856246,12.976075842531479,12.507912675206448,12.684577941894531,29600,0.0,0.0,AGI
2011-04-13 00:00:00-04:00,12.87072723656917,12.88845507085881,12.57820993996535,12.587074279785156,12700,0.05,0.0,AGI
2011-04-14 00:00:00-04:00,12.657984950248292,13.127784729003906,12.657984950248292,13.127784729003906,27000,0.0,0.0,AGI
2011-04-15 00:00:00-04:00,13.145513443911126,13.686225428326836,13.145513443911126,13.562128067016602,40100,0.0,0.0,AGI
2011-04-18 00:00:00-04:00,13.402573960168754,13.633041706440219,13.402573960168754,13.500079154968262,15000,0.0,0.0,AGI
2011-04-19 00:00:00-04:00,13.641904701980707,13.650768194925918,13.402572640113583,13.624176025390625,13400,0.0,0.0,AGI
2011-04-20 00:00:00-04:00,13.801456946873367,14.173750658130235,13.801456946873367,14.129429817199707,20700,0.0,0.0,AGI
2011-04-21 00:00:00-04:00,14.262394382262988,14.847427199339181,14.262394382262988,14.794242858886719,13900,0.0,0.0,AGI
2011-04-25 00:00:00-04:00,14.85629637166639,14.88288939589506,14.359905087632978,14.368767738342285,37400,0.0,0.0,AGI
2011-04-26 00:00:00-04:00,14.19148267080501,14.209211349487305,13.961014920034739,14.209211349487305,700,0.0,0.0,AGI
2011-04-27 00:00:00-04:00,13.872368931872177,14.288984298706055,13.828048939557624,14.288984298706055,9100,0.0,0.0,AGI
2011-04-28 00:00:00-04:00,14.2092088996226,14.63468697044023,14.2092088996226,14.324441909790039,11100,0.0,0.0,AGI
2011-04-29 00:00:00-04:00,14.253530305424443,15.104488221785463,14.253530305424443,14.89174747467041,28900,0.0,0.0,AGI
2011-05-02 00:00:00-04:00,14.554909532693657,14.7853772423326,14.501725196838379,14.501725196838379,17900,0.0,0.0,AGI
2011-05-03 00:00:00-04:00,14.44854034572372,14.519453362866301,14.005334411257504,14.12056827545166,22800,0.0,0.0,AGI
2011-05-04 00:00:00-04:00,14.067384135031846,14.457405758292031,13.836916389521328,13.925558090209961,13200,0.0,0.0,AGI
2011-05-05 00:00:00-04:00,13.606447946346949,13.739409636951716,13.305067212603005,13.340523719787598,20400,0.0,0.0,AGI
2011-05-06 00:00:00-04:00,13.925555944524467,14.076246305266439,13.748273415813257,13.863507270812988,19000,0.0,0.0,AGI
2011-05-09 00:00:00-04:00,13.854642530732558,14.280121432634294,13.854642530732558,14.20034408569336,59300,0.0,0.0,AGI
2011-05-10 00:00:00-04:00,14.182619252827338,14.182619252827338,13.907830632849816,13.978744506835938,17600,0.0,0.0,AGI
2011-05-11 00:00:00-04:00,13.916691839288427,13.916691839288427,12.897316648153685,13.048007011413574,23300,0.0,0.0,AGI
2011-05-12 00:00:00-04:00,13.039142673492453,13.251881711500605,12.65798459638217,13.048007011413574,23700,0.0,0.0,AGI
2011-05-13 00:00:00-04:00,12.968231736490498,12.994823909160356,12.533889253033143,12.6402587890625,20300,0.0,0.0,AGI
2011-05-16 00:00:00-04:00,12.5161590369018,12.826404112890195,12.489566867498455,12.498431205749512,21800,0.0,0.0,AGI
2011-05-17 00:00:00-04:00,12.4097900390625,12.4097900390625,12.081817118043546,12.188186645507812,27000,0.0,0.0,AGI
2011-05-18 00:00:00-04:00,12.480703285842612,12.870725739034498,12.480703285842612,12.693442344665527,6200,0.0,0.0,AGI
2011-05-19 00:00:00-04:00,12.968230311902394,13.003686820017206,12.852996449191798,12.977094650268555,13400,0.0,0.0,AGI
2011-05-20 00:00:00-04:00,13.074601173400879,13.127786363687322,13.048009000932618,13.074601173400879,9300,0.0,0.0,AGI
2011-05-23 00:00:00-04:00,13.110053062438965,13.110053062438965,13.110053062438965,13.110053062438965,700,0.0,0.0,AGI
2011-05-24 00:00:00-04:00,13.278474508948634,13.402572709673793,13.207561492919922,13.207561492919922,10900,0.0,0.0,AGI
2011-05-25 00:00:00-04:00,13.26074657133411,13.278474402524285,13.163241386413574,13.163241386413574,2300,0.0,0.0,AGI
2011-05-26 00:00:00-04:00,13.083463194112095,13.411436080932617,13.083463194112095,13.411436080932617,5000,0.0,0.0,AGI
2011-05-27 00:00:00-04:00,13.402572309865679,13.411436647942296,13.313931465148926,13.313931465148926,1600,0.0,0.0,AGI
2011-05-31 00:00:00-04:00,13.340524756982116,13.367116928100586,13.32279607933655,13.367116928100586,2000,0.0,0.0,AGI
2011-06-01 00:00:00-04:00,13.36711553907974,13.898963978282296,13.278473850762717,13.482349395751953,12700,0.0,0.0,AGI
2011-06-02 00:00:00-04:00,13.420300483394104,13.420300483394104,13.14551193075915,13.216424942016602,8100,0.0,0.0,AGI
2011-06-03 00:00:00-04:00,13.641904342906654,14.00533374993906,13.641904342906654,13.969877243041992,2600,0.0,0.0,AGI
2011-06-06 00:00:00-04:00,13.686226555227215,13.686226555227215,13.597585696328494,13.615313529968262,10600,0.0,0.0,AGI
2011-06-07 00:00:00-04:00,13.757136822937323,13.757136822937323,13.446891784667969,13.446891784667969,2900,0.0,0.0,AGI
2011-06-08 00:00:00-04:00,13.393712090117706,13.393712090117706,13.349392076806614,13.384848594665527,12300,0.0,0.0,AGI
2011-06-09 00:00:00-04:00,13.641903404750026,13.774865085132781,13.641903404750026,13.766000747680664,3100,0.0,0.0,AGI
2011-06-10 00:00:00-04:00,13.766000747680664,13.766000747680664,13.766000747680664,13.766000747680664,0,0.0,0.0,AGI
2011-06-13 00:00:00-04:00,13.535534577812125,13.579854576620846,13.482349395751953,13.482349395751953,1100,0.0,0.0,AGI
2011-06-14 00:00:00-04:00,13.54440131149144,13.57985782623291,13.54440131149144,13.57985782623291,1600,0.0,0.0,AGI
2011-06-15 00:00:00-04:00,13.641904935903447,13.695089275886005,13.579855412124006,13.686224937438965,3400,0.0,0.0,AGI
2011-06-16 00:00:00-04:00,13.765999571951154,13.765999571951154,13.721678733825684,13.721678733825684,7000,0.0,0.0,AGI
2011-06-17 00:00:00-04:00,13.739408967753137,13.757137643156838,13.411436080932617,13.411436080932617,8300,0.0,0.0,AGI
2011-06-20 00:00:00-04:00,13.420302391052246,13.420302391052246,13.393709374038249,13.420302391052246,9100,0.0,0.0,AGI
2011-06-21 00:00:00-04:00,13.739409330221264,14.21807343455187,13.739409330221264,14.147159576416016,11800,0.0,0.0,AGI
2011-06-22 00:00:00-04:00,13.996466826175217,14.687869005613578,13.996466826175217,14.679004669189453,12700,0.0,0.0,AGI
2011-06-23 00:00:00-04:00,14.235802918403015,14.528319358825684,14.14716205953702,14.528319358825684,12200,0.0,0.0,AGI
2011-06-24 00:00:00-04:00,14.173753444875365,14.173753444875365,14.093976084585089,14.102840423583984,8800,0.0,0.0,AGI
2011-06-27 00:00:00-04:00,13.961011916399002,14.182615280151367,13.961011916399002,14.182615280151367,7900,0.0,0.0,AGI
2011-06-28 00:00:00-04:00,14.076246412992756,14.111702919006348,14.076246412992756,14.111702919006348,6000,0.0,0.0,AGI
2011-06-29 00:00:00-04:00,14.616961068179528,14.971526194468016,14.616961068179528,14.723331451416016,22000,0.0,0.0,AGI
2011-06-30 00:00:00-04:00,14.723331451416016,14.723331451416016,14.723331451416016,14.723331451416016,0,0.0,0.0,AGI
2011-07-01 00:00:00-04:00,14.563773155212402,14.563773155212402,14.563773155212402,14.563773155212402,1400,0.0,0.0,AGI
2011-07-05 00:00:00-04:00,14.909475542411403,15.707247394023613,14.874019879808465,15.600878715515137,7500,0.0,0.0,AGI
2011-07-06 00:00:00-04:00,15.334953439435196,15.343817777646155,14.88288402557373,14.88288402557373,15000,0.0,0.0,AGI
2011-07-07 00:00:00-04:00,14.882886888231312,14.882886888231312,14.368765317304474,14.430815696716309,5000,0.0,0.0,AGI
2011-07-08 00:00:00-04:00,14.351036340293865,14.89174747467041,14.351036340293865,14.89174747467041,11400,0.0,0.0,AGI
2011-07-11 00:00:00-04:00,15.006982554864644,15.015846893770089,14.749921798706055,14.749921798706055,17100,0.0,0.0,AGI
2011-07-12 00:00:00-04:00,14.767651782843616,14.829700469970703,14.563777042083212,14.829700469970703,1800,0.0,0.0,AGI
2011-07-13 00:00:00-04:00,14.927202952424016,15.60974172928569,14.927202952424016,15.521100044250488,4500,0.0,0.0,AGI
2011-07-14 00:00:00-04:00,15.680653614296052,16.132724653915936,15.680653614296052,15.902256965637207,2400,0.0,0.0,AGI
2011-07-15 00:00:00-04:00,15.97317033501191,16.442968368530273,15.95544166073212,16.442968368530273,5100,0.0,0.0,AGI
2011-07-18 00:00:00-04:00,16.646847367853955,17.13437415257307,16.646847367853955,17.010276794433594,31600,0.0,0.0,AGI
2011-07-19 00:00:00-04:00,17.045729843461032,17.05459418063994,16.735484804997167,16.88617515563965,17800,0.0,0.0,AGI
2011-07-20 00:00:00-04:00,16.717760964831854,17.152103424072266,16.593661911691907,17.152103424072266,6400,0.0,0.0,AGI
2011-07-21 00:00:00-04:00,16.93049366132711,17.39142896385183,16.859580667915544,17.027997970581055,2800,0.0,0.0,AGI
2011-07-22 00:00:00-04:00,16.97482407180739,17.054601449721122,16.744356279023304,16.7620849609375,3300,0.0,0.0,AGI
2011-07-25 00:00:00-04:00,16.85959045703756,17.063465220133466,16.522752274731175,16.620258331298828,6000,0.0,0.0,AGI
2011-07-26 00:00:00-04:00,16.75322049628716,16.85959089628683,16.744356155395508,16.744356155395508,4800,0.0,0.0,AGI
2011-07-27 00:00:00-04:00,16.549341201782227,16.549341201782227,16.549341201782227,16.549341201782227,6600,0.0,0.0,AGI
2011-07-28 00:00:00-04:00,16.079544000762798,16.26569175720215,15.689523189489803,16.26569175720215,11600,0.0,0.0,AGI
2011-07-29 00:00:00-04:00,16.132725771357105,16.132725771357105,15.73383903503418,15.73383903503418,15500,0.0,0.0,AGI
2011-08-01 00:00:00-04:00,15.459048707524426,15.459048707524426,15.361542701721193,15.361542701721191,1400,0.0,0.0,AGI
2011-08-02 00:00:00-04:00,15.83134834269854,16.8418593634836,15.83134834269854,16.717761993408203,22200,0.0,0.0,AGI
2011-08-03 00:00:00-04:00,17.063458108590144,17.373703139613482,17.063458108590144,17.205284118652344,4900,0.0,0.0,AGI
2011-08-04 00:00:00-04:00,16.63798364054781,16.797538358702838,15.53883098189065,15.82248306274414,6800,0.0,0.0,AGI
2011-08-05 00:00:00-04:00,15.600880728322627,15.600880728322627,14.776515755374858,15.16653823852539,9300,0.0,0.0,AGI
2011-08-08 00:00:00-04:00,15.37041498829003,16.53161655973106,15.34382196639745,16.12386703491211,22000,0.0,0.0,AGI
2011-08-09 00:00:00-04:00,16.239092904271992,16.992544617879457,16.05294690539804,16.895038604736328,14400,0.0,0.0,AGI
2011-08-10 00:00:00-04:00,16.85958294858387,16.895038604736328,16.52274491628907,16.895038604736328,14100,0.0,0.0,AGI
2011-08-11 00:00:00-04:00,16.34546843097058,16.64684921186515,16.221369368384654,16.363195419311523,14800,0.0,0.0,AGI
2011-08-12 00:00:00-04:00,16.239099784334627,16.318877157851343,16.052953706595673,16.310012817382812,4300,0.0,0.0,AGI
2011-08-15 00:00:00-04:00,16.203638731762922,16.38092041015625,16.15931704413996,16.38092041015625,4100,0.0,0.0,AGI
2011-08-16 00:00:00-04:00,16.54934425081669,16.682305970924055,16.52275123051522,16.575937271118164,2400,0.0,0.0,AGI
2011-08-17 00:00:00-04:00,16.575938473796278,16.77094889805619,16.496161097803558,16.673442840576172,3900,0.0,0.0,AGI
2011-08-18 00:00:00-04:00,16.53161666666691,16.54048100735511,16.39865493774414,16.39865493774414,2700,0.0,0.0,AGI
2011-08-19 00:00:00-04:00,16.31887005145542,16.31887005145542,16.194772720336914,16.194772720336914,3300,0.0,0.0,AGI
2011-08-22 00:00:00-04:00,16.407516503106347,16.726625951103824,16.407516503106347,16.664575576782227,8500,0.0,0.0,AGI
2011-08-23 00:00:00-04:00,16.301138806429275,16.34546048247855,15.90225386618021,16.05294418334961,11200,0.0,0.0,AGI
2011-08-24 00:00:00-04:00,15.831344682882184,15.831344682882184,15.210854594547477,15.654061317443848,3900,0.0,0.0,AGI
2011-08-25 00:00:00-04:00,15.68065714128961,16.274554324095032,15.388140719352597,16.06181526184082,23100,0.0,0.0,AGI
2011-08-26 00:00:00-04:00,16.22136685248572,16.469563248462958,16.07954082355576,16.407514572143555,3500,0.0,0.0,AGI
2011-08-29 00:00:00-04:00,16.45183244035575,16.60252278790494,16.13272476196289,16.13272476196289,4300,0.0,0.0,AGI
2011-08-30 00:00:00-04:00,16.55821181140956,17.391441345214844,16.55821181140956,17.391441345214844,3600,0.0,0.0,AGI
2011-08-31 00:00:00-04:00,17.125508919033805,17.22301494716172,17.010275905455043,17.019140243530273,6700,0.0,0.0,AGI
2011-09-01 00:00:00-04:00,17.24074825112435,17.249610900878906,17.24074825112435,17.249610900878906,3100,0.0,0.0,AGI
2011-09-02 00:00:00-04:00,17.67508906901566,17.77259342312699,17.400299613765785,17.506669998168945,2900,0.0,0.0,AGI
2011-09-06 00:00:00-04:00,17.542129442851234,17.542129442851234,17.285068636212536,17.302797317504883,1800,0.0,0.0,AGI
2011-09-07 00:00:00-04:00,16.646845695556504,17.285062789916992,16.646845695556504,17.285062789916992,10600,0.0,0.0,AGI
2011-09-08 00:00:00-04:00,17.435758071088273,17.781458883462818,17.435758071088273,17.754867553710938,20700,0.0,0.0,AGI
2011-09-09 00:00:00-04:00,17.364838344593693,17.60417036427278,16.65570831298828,16.65570831298828,6300,0.0,0.0,AGI
2011-09-12 00:00:00-04:00,16.770941706011826,17.285061413767707,16.762077369069555,17.169828414916992,17600,0.0,0.0,AGI
2011-09-13 00:00:00-04:00,17.063463594213534,17.373708724975586,17.063463594213534,17.373708724975586,21900,0.0,0.0,AGI
2011-09-14 00:00:00-04:00,16.753221784773192,16.87732087610059,16.62912438414607,16.824134826660156,9100,0.0,0.0,AGI
2011-09-15 00:00:00-04:00,16.664577901174482,16.664577901174482,15.937718893308158,16.070680618286133,26500,0.0,0.0,AGI
2011-09-16 00:00:00-04:00,16.132727894270683,16.23023223876953,15.308362991191062,16.23023223876953,18700,0.0,0.0,AGI
2011-09-19 00:00:00-04:00,16.106136560467693,16.106136560467693,15.317228929855599,15.494510650634766,13600,0.0,0.0,AGI
2011-09-20 00:00:00-04:00,15.467914645200798,16.141587347435753,15.255173939474663,15.937712669372559,9700,0.0,0.0,AGI
2011-09-21 00:00:00-04:00,16.052951357042183,16.097271362197976,15.503374163331317,15.512238502502441,8000,0.0,0.0,AGI
2011-09-22 00:00:00-04:00,14.7676530886996,14.776517429173017,14.200348824001438,14.652420043945312,30400,0.0,0.0,AGI
2011-09-23 00:00:00-04:00,14.129431473310339,14.191480996025794,13.039143223515204,13.624176025390625,64500,0.0,0.0,AGI
2011-09-26 00:00:00-04:00,13.721679583852426,13.73054392109658,12.720033145055345,13.056869506835938,17300,0.0,0.0,AGI
2011-09-27 00:00:00-04:00,13.872371327556486,13.952148680059272,13.340523719787598,13.340523719787598,16400,0.0,0.0,AGI
2011-09-28 00:00:00-04:00,13.42916453459776,13.42916453459776,12.471837997436523,12.471837997436523,15800,0.0,0.0,AGI
2011-09-29 00:00:00-04:00,12.764354054623752,12.870724418471262,12.392060317206829,12.835267066955566,204500,0.0,0.0,AGI
2011-09-30 00:00:00-04:00,12.50729550533785,13.367116928100586,12.50729550533785,13.367116928100586,5500,0.0,0.0,AGI
2011-10-03 00:00:00-04:00,13.491212732952503,13.668495251086954,13.056869506835938,13.056869506835938,3600,0.0,0.0,AGI
2011-10-04 00:00:00-04:00,12.69344107047279,12.69344107047279,11.966582269783084,12.400924682617188,4900,0.0,0.0,AGI
2011-10-05 00:00:00-04:00,12.80867790847768,13.14551521887941,12.80867790847768,13.083466529846191,5400,0.0,0.0,AGI
2011-10-06 00:00:00-04:00,13.110056610145117,14.164888381958008,13.110056610145117,14.164888381958008,15700,0.0,0.0,AGI
2011-10-07 00:00:00-04:00,14.483995317334951,14.483995317334951,13.819185256958008,13.819185256958008,5500,0.0,0.0,AGI
2011-10-10 00:00:00-04:00,13.615312416110545,13.615312416110545,13.118921279907227,13.118921279907227,600,0.0,0.0,AGI
2011-10-11 00:00:00-04:00,13.668497765033559,14.297850608825684,13.65963342615905,14.297850608825684,10300,0.0,0.0,AGI
2011-10-12 00:00:00-04:00,14.75188965286624,14.769695600444418,14.573835271290307,14.742986679077148,9500,0.07,0.0,AGI
2011-10-13 00:00:00-04:00,14.591643068231315,14.823115348815918,14.591643068231315,14.823115348815918,1200,0.0,0.0,AGI
2011-10-14 00:00:00-04:00,15.13470798111579,15.170319873791298,15.13470798111579,15.143610954284668,1500,0.0,0.0,AGI
2011-10-17 00:00:00-04:00,15.392895449822092,15.392895449822092,15.15252016944672,15.188130378723145,8700,0.0,0.0,AGI
2011-10-18 00:00:00-04:00,14.912140820895878,15.366182327270508,14.82311277488872,15.366182327270508,9600,0.0,0.0,AGI
2011-10-19 00:00:00-04:00,15.010073617922346,15.010073617922346,14.04857349395752,14.04857349395752,3200,0.0,0.0,AGI
2011-10-20 00:00:00-04:00,13.888322907553516,14.244433403015137,13.647947686341126,14.244433403015137,11700,0.0,0.0,AGI
2011-10-21 00:00:00-04:00,14.636156627944334,14.83201698704992,14.41358734338708,14.529322624206543,7000,0.0,0.0,AGI
2011-10-24 00:00:00-04:00,14.60944648331279,15.668876664853595,14.60944648331279,15.366182327270508,4900,0.0,0.0,AGI
2011-10-25 00:00:00-04:00,15.134709949105739,16.292069442456924,15.02787595525593,16.105112075805664,5900,0.0,0.0,AGI
2011-10-26 00:00:00-04:00,16.532446558253085,16.59476568764424,16.40780829947078,16.443418502807617,5600,0.0,0.0,AGI
2011-10-27 00:00:00-04:00,16.5769535269081,16.78171676810131,16.559147584699616,16.77281379699707,13700,0.0,0.0,AGI
2011-10-28 00:00:00-04:00,16.425611088474618,16.977581869465865,16.425611088474618,16.924165725708008,9600,0.0,0.0,AGI
2011-10-31 00:00:00-04:00,16.309880344675197,16.372199485819582,16.2386582265003,16.363296508789062,5300,0.0,0.0,AGI
2011-11-01 00:00:00-04:00,15.490822901773646,16.069502740717425,15.410697818127847,15.980476379394531,8600,0.0,0.0,AGI
2011-11-02 00:00:00-04:00,16.398906700412827,16.43451690673828,15.918156179501205,16.43451690673828,4100,0.0,0.0,AGI
2011-11-03 00:00:00-04:00,16.62147259868595,16.630375572958087,15.89144568905794,15.900348663330078,3900,0.0,0.0,AGI
2011-11-04 00:00:00-04:00,15.481920020356428,15.722295272758396,14.894337202086515,15.018977165222168,13100,0.0,0.0,AGI
2011-11-07 00:00:00-05:00,15.045683457983484,15.045683457983484,14.698475913728673,14.903239250183105,13600,0.0,0.0,AGI
2011-11-08 00:00:00-05:00,14.938849128604552,15.214834531593652,14.938849128604552,15.152515411376953,11800,0.0,0.0,AGI
2011-11-09 00:00:00-05:00,14.94775804181881,14.94775804181881,14.28005000607973,14.431395530700684,5800,0.0,0.0,AGI
2011-11-10 00:00:00-05:00,14.636156462512822,14.636156462512822,14.110892821049212,14.15540599822998,12400,0.0,0.0,AGI
2011-11-11 00:00:00-05:00,14.645057363534404,14.742986679077148,14.582736547010773,14.742986679077148,6000,0.0,0.0,AGI
2011-11-14 00:00:00-05:00,14.636153638603972,14.796403762446158,14.511513710021973,14.511513710021973,10300,0.0,0.0,AGI
2011-11-15 00:00:00-05:00,14.689569366267195,14.849819485590158,14.67176342010498,14.67176342010498,8600,0.0,0.0,AGI
2011-11-16 00:00:00-05:00,14.653961938295392,14.885434214717124,14.547129624912442,14.58273983001709,9700,0.0,0.0,AGI
2011-11-17 00:00:00-05:00,14.23553230411512,14.262241231569838,13.799296677435441,13.888324737548828,8200,0.0,0.0,AGI
2011-11-18 00:00:00-05:00,13.790391505955473,13.923933574863414,13.630142211914062,13.630142211914062,5200,0.0,0.0,AGI
2011-11-21 00:00:00-05:00,13.505503142718103,13.505503142718103,12.909017441300765,13.1939058303833,14300,0.0,0.0,AGI
2011-11-22 00:00:00-05:00,13.487696540071443,13.639043701693627,13.487696540071443,13.585627555847168,12400,0.0,0.0,AGI
2011-11-23 00:00:00-05:00,13.57672524896108,13.57672524896108,13.042558670043945,13.042558670043945,9200,0.0,0.0,AGI
2011-11-25 00:00:00-05:00,13.256227493286133,13.363060652820131,13.256227493286133,13.256227493286133,9900,0.0,0.0,AGI
2011-11-28 00:00:00-05:00,13.585630705741586,13.941741257398373,13.585630705741586,13.7102689743042,12600,0.0,0.0,AGI
2011-11-29 00:00:00-05:00,13.781490693962684,14.288948427947004,13.781490693962684,14.039671897888184,10600,0.0,0.0,AGI
2011-11-30 00:00:00-05:00,14.894337322954605,15.29496274687564,14.83201818991556,14.956656455993652,14000,0.0,0.0,AGI
2011-12-01 00:00:00-05:00,15.054586738560563,15.375087061646122,14.96555868236247,14.992267608642578,5200,0.0,0.0,AGI
2011-12-02 00:00:00-05:00,15.161416053771973,15.161416053771973,15.161416053771973,15.161416053771973,1600,0.0,0.0,AGI
2011-12-05 00:00:00-05:00,15.081294806785152,15.17922413476929,15.036779932184327,15.045682907104492,6300,0.0,0.0,AGI
2011-12-06 00:00:00-05:00,14.814213191416988,14.92104721069336,14.814213191416988,14.92104721069336,8200,0.0,0.0,AGI
2011-12-07 00:00:00-05:00,15.063489330566739,15.063489330566739,14.689572862507429,14.69847583770752,10600,0.0,0.0,AGI
2011-12-08 00:00:00-05:00,14.556030829330865,14.556030829330865,14.262239456176758,14.262239456176758,4200,0.0,0.0,AGI
2011-12-09 00:00:00-05:00,14.110888795765634,14.164304932758798,14.021860768731441,14.084179878234863,11300,0.0,0.0,AGI
2011-12-12 00:00:00-05:00,13.995159195324522,14.547131011615232,13.354159310682098,14.538228034973145,24500,0.0,0.0,AGI
2011-12-13 00:00:00-05:00,14.386880234711217,14.404686187260866,13.977352665449335,14.004060745239258,4000,0.0,0.0,AGI
2011-12-14 00:00:00-05:00,13.639048324930958,14.057478904724121,13.380867935065947,14.057478904724121,11200,0.0,0.0,AGI
2011-12-15 00:00:00-05:00,13.781489050002106,13.826003074645996,13.674655900277408,13.826003074645996,8900,0.0,0.0,AGI
2011-12-16 00:00:00-05:00,14.253335834935516,14.778599432516721,14.253335834935516,14.50261402130127,1300,0.0,0.0,AGI
2011-12-19 00:00:00-05:00,14.582739465893704,14.582739465893704,14.2355319089652,14.253337860107422,2800,0.0,0.0,AGI
2011-12-20 00:00:00-05:00,14.680669309192204,15.277155039557861,14.226627780280838,15.179224014282227,23300,0.0,0.0,AGI
2011-12-21 00:00:00-05:00,15.170321357261482,15.303862571716309,14.965556350490832,15.303862571716309,17800,0.0,0.0,AGI
2011-12-22 00:00:00-05:00,15.14361405551478,15.161420005498977,14.778600571182976,14.912141799926758,5700,0.0,0.0,AGI
2011-12-23 00:00:00-05:00,14.689573972092308,14.95665645599365,14.689573972092308,14.956656455993652,9900,0.0,0.0,AGI
2011-12-27 00:00:00-05:00,14.502616025635634,14.556032180786133,14.502616025635634,14.556032180786133,9000,0.0,0.0,AGI
2011-12-28 00:00:00-05:00,15.134709251919343,15.134709251919343,14.315654330363314,14.47590446472168,18500,0.0,0.0,AGI
2011-12-29 00:00:00-05:00,14.137601741419713,14.929948738456678,14.137601741419713,14.72518539428711,16800,0.0,0.0,AGI
2011-12-30 00:00:00-05:00,15.018974196902786,15.544236080758685,15.018974196902786,15.152515411376953,1000,0.0,0.0,AGI
2012-01-03 00:00:00-05:00,15.606552966329117,16.051691367784468,15.606552966329117,16.024982452392578,2800,0.0,0.0,AGI
2012-01-04 00:00:00-05:00,16.122913900809117,16.381093297971194,16.114010928759626,16.16742706298828,1700,0.0,0.0,AGI
2012-01-05 00:00:00-05:00,15.677781504307928,15.838031666570604,15.642169602441138,15.820225715637207,1500,0.0,0.0,AGI
2012-01-06 00:00:00-05:00,16.060598162972695,16.060598162972695,15.713388972494393,15.722291946411133,2200,0.0,0.0,AGI
2012-01-09 00:00:00-05:00,15.36618352398203,15.36618352398203,15.027877262421443,15.134711265563965,1700,0.0,0.0,AGI
2012-01-10 00:00:00-05:00,15.455215673043826,15.455215673043826,15.170327186584473,15.170327186584473,400,0.0,0.0,AGI
2012-01-11 00:00:00-05:00,15.170326173302442,15.21483935956252,15.036783218383789,15.036783218383789,1000,0.0,0.0,AGI
2012-01-12 00:00:00-05:00,15.46411033233259,15.668873609574062,15.081290997796021,15.161416053771973,15400,0.0,0.0,AGI
2012-01-13 00:00:00-05:00,14.974458580510548,14.974458580510548,14.769695281982422,14.769695281982422,800,0.0,0.0,AGI
2012-01-17 00:00:00-05:00,15.170324357689813,15.34837877948945,15.010074189421834,15.018977165222168,10000,0.0,0.0,AGI
2012-01-18 00:00:00-05:00,14.90323976822376,15.535337448120117,14.894336792668152,15.535337448120117,2700,0.0,0.0,AGI
2012-01-19 00:00:00-05:00,15.597659625013458,15.855839174270182,15.570950693130643,15.642172813415527,5500,0.0,0.0,AGI
2012-01-20 00:00:00-05:00,15.713392392189,15.713392392189,15.579851150512695,15.579851150512695,700,0.0,0.0,AGI
2012-01-23 00:00:00-05:00,16.10511747368822,16.10511747368822,15.846936225891113,15.846936225891113,2000,0.0,0.0,AGI
2012-01-24 00:00:00-05:00,15.47301124052578,15.544233322143555,15.294956885515525,15.544233322143555,2000,0.0,0.0,AGI
2012-01-25 00:00:00-05:00,15.544236938701086,16.85294532775879,15.544236938701086,16.85294532775879,4500,0.0,0.0,AGI
2012-01-26 00:00:00-05:00,17.200156662244687,17.93908673175291,17.200156662244687,17.83225440979004,18600,0.0,0.0,AGI
2012-01-27 00:00:00-05:00,17.654194162943554,18.339707911769366,17.654194162943554,18.232873916625977,2800,0.0,0.0,AGI
2012-01-30 00:00:00-05:00,17.74322861041833,18.21507453918457,17.74322861041833,18.21507453918457,1900,0.0,0.0,AGI
2012-01-31 00:00:00-05:00,18.69582110426842,18.69582110426842,18.223973579379667,18.27739143371582,3200,0.0,0.0,AGI
2012-02-01 00:00:00-05:00,18.312999998317736,18.312999998317736,17.778833389282227,17.778833389282227,12200,0.0,0.0,AGI
2012-02-02 00:00:00-05:00,17.814449347058723,18.01921272277832,17.71651829864099,18.01921272277832,2800,0.0,0.0,AGI
2012-02-03 00:00:00-05:00,17.86786397277265,17.921280131825903,17.449434280395508,17.449434280395508,18200,0.0,0.0,AGI
2012-02-06 00:00:00-05:00,17.387109076768837,17.387109076768837,16.763914545732693,16.90635871887207,4400,0.0,0.0,AGI
2012-02-07 00:00:00-05:00,16.915262552818792,17.20905388712922,16.826234515558664,17.191247940063477,1200,0.0,0.0,AGI
2012-02-08 00:00:00-05:00,16.968680056225576,17.14673614501953,16.968680056225576,17.14673614501953,2000,0.0,0.0,AGI
2012-02-09 00:00:00-05:00,16.888554467682468,16.915263389602345,16.47012487934965,16.49683380126953,3500,0.0,0.0,AGI
2012-02-10 00:00:00-05:00,16.43451882559553,16.55025583032184,16.33658947321472,16.398908615112305,5600,0.0,0.0,AGI
2012-02-13 00:00:00-05:00,16.532447287267463,16.63928129812676,16.523544311523438,16.523544311523438,900,0.0,0.0,AGI
2012-02-14 00:00:00-05:00,16.550254100862485,16.62147621245566,16.398906901468344,16.470129013061523,2000,0.0,0.0,AGI
2012-02-15 00:00:00-05:00,16.559153981623606,16.559153981623606,16.550251007080078,16.550251007080078,300,0.0,0.0,AGI
2012-02-16 00:00:00-05:00,16.487930312476994,17.26247034521399,16.487930312476994,17.093318939208984,5300,0.0,0.0,AGI
2012-02-17 00:00:00-05:00,17.111126866305913,17.111126866305913,16.719406127929688,16.719406127929688,4900,0.0,0.0,AGI
2012-02-21 00:00:00-05:00,17.137836510960867,17.858960584793916,17.137836510960867,17.8144474029541,5300,0.0,0.0,AGI
2012-02-22 00:00:00-05:00,17.707615425094257,17.894574546068142,17.645296284126044,17.71651840209961,1800,0.0,0.0,AGI
2012-02-23 00:00:00-05:00,17.787735927273634,17.912375875097226,17.769929977860436,17.903472900390625,20400,0.0,0.0,AGI
2012-02-24 00:00:00-05:00,17.930182434277537,18.01921049473374,17.44053064887194,17.538461685180664,1700,0.0,0.0,AGI
2012-02-27 00:00:00-05:00,17.565170208744583,18.054823728293346,17.565170208744583,17.83225440979004,14900,0.0,0.0,AGI
2012-02-28 00:00:00-05:00,17.78773434947861,17.814443271229294,17.262470774862404,17.271373748779297,5800,0.0,0.0,AGI
2012-02-29 00:00:00-05:00,17.07551297667173,17.111123173352762,16.479027324164154,16.487930297851562,17300,0.0,0.0,AGI
2012-03-01 00:00:00-05:00,16.728311339568656,16.728311339568656,16.532449246131193,16.692699432373047,1200,0.0,0.0,AGI
2012-03-02 00:00:00-05:00,16.470122308073183,16.532441418088464,16.283164978027344,16.283164978027344,1100,0.0,0.0,AGI
2012-03-05 00:00:00-05:00,16.007183705080998,16.007183705080998,15.526434898376465,15.526434898376465,3700,0.0,0.0,AGI
2012-03-06 00:00:00-05:00,15.330568955623157,15.508625030517578,14.78750115352547,15.508625030517578,3100,0.0,0.0,AGI
2012-03-07 00:00:00-05:00,15.481920019377617,15.686685066634311,15.312768573389006,15.526434898376465,1600,0.0,0.0,AGI
2012-03-08 00:00:00-05:00,15.695588880089456,15.829131840591732,15.624366760253906,15.624366760253906,300,0.0,0.0,AGI
2012-03-09 00:00:00-05:00,15.205930179654915,15.677777572646711,15.197027206420898,15.197027206420898,3600,0.0,0.0,AGI
2012-03-12 00:00:00-04:00,14.716282331159618,15.214837074279785,14.62725427394235,15.214837074279785,31800,0.0,0.0,AGI
2012-03-13 00:00:00-04:00,15.33057288527261,15.33057288527261,15.259350776672363,15.259350776672363,200,0.0,0.0,AGI
2012-03-14 00:00:00-04:00,14.912143148381217,14.912143148381217,14.484810498531331,14.54712963104248,900,0.0,0.0,AGI
2012-03-15 00:00:00-04:00,14.5204220357859,14.814213471769383,14.5204220357859,14.6895751953125,2400,0.0,0.0,AGI
2012-03-16 00:00:00-04:00,14.235528328998507,14.600541745275248,14.19991728470405,14.511513710021973,2500,0.0,0.0,AGI
2012-03-19 00:00:00-04:00,15.179227401886738,15.455214589607737,15.09910230842828,15.188130378723145,5900,0.0,0.0,AGI
2012-03-20 00:00:00-04:00,14.556031705928294,14.929948175921515,14.556031705928294,14.903239250183105,1500,0.0,0.0,AGI
2012-03-21 00:00:00-04:00,14.903239250183105,14.903239250183105,14.903239250183105,14.903239250183105,0,0.0,0.0,AGI
2012-03-22 00:00:00-04:00,14.805309923423467,14.867630757314448,14.609449539687677,14.832018852233887,3700,0.0,0.0,AGI
2012-03-23 00:00:00-04:00,14.921043592185413,15.330570220947266,14.921043592185413,15.330570220947266,2900,0.0,0.0,AGI
2012-03-26 00:00:00-04:00,15.829123346683026,15.873636510918498,15.535332047751156,15.544233322143555,1500,0.0,0.0,AGI
2012-03-27 00:00:00-04:00,15.570947647094727,15.570947647094727,15.570947647094727,15.570947647094727,500,0.0,0.0,AGI
2012-03-28 00:00:00-04:00,15.829128040818164,15.829128040818164,14.96555813478367,15.134711265563965,1700,0.0,0.0,AGI
2012-03-29 00:00:00-04:00,15.063491952436515,15.321671485900879,14.77860348872307,15.321671485900879,4800,0.0,0.0,AGI
2012-03-30 00:00:00-04:00,15.82022275466368,16.256458282470703,15.749000662329241,16.256458282470703,1100,0.0,0.0,AGI
2012-04-02 00:00:00-04:00,16.763918040998064,16.763918040998064,16.665987014770508,16.665987014770508,300,0.0,0.0,AGI
2012-04-03 00:00:00-04:00,16.710502350342967,16.755015528182025,15.588752948496058,15.659975051879883,4100,0.0,0.0,AGI
2012-04-04 00:00:00-04:00,15.428506740662264,15.428506740662264,15.170327186584473,15.170327186584473,14200,0.0,0.0,AGI
2012-04-05 00:00:00-04:00,15.37508308113956,15.428499221801758,15.28605504799023,15.428499221801758,1100,0.0,0.0,AGI
2012-04-09 00:00:00-04:00,15.277157192534698,15.277157192534698,15.099101066589354,15.099101066589355,500,0.0,0.0,AGI
2012-04-10 00:00:00-04:00,15.259352581045192,15.882547378540039,15.13471430077391,15.882547378540039,3000,0.0,0.0,AGI
2012-04-11 00:00:00-04:00,15.83778498555565,15.83778498555565,15.712442398071289,15.712442398071289,4200,0.1,0.0,AGI
2012-04-12 00:00:00-04:00,16.07055892787062,16.4018173894513,15.819875510415214,16.392864227294922,3100,0.0,0.0,AGI
2012-04-13 00:00:00-04:00,16.482391386910546,16.482391386910546,16.097414016723633,16.097414016723633,2700,0.0,0.0,AGI
2012-04-16 00:00:00-04:00,16.12427428077261,16.12427428077261,15.596049729683003,15.640813827514648,1800,0.0,0.0,AGI
2012-04-17 00:00:00-04:00,15.703489916207406,16.26752554630589,15.703489916207406,15.819877624511719,70400,0.0,0.0,AGI
2012-04-18 00:00:00-04:00,16.025796851105895,16.025796851105895,15.757208754397666,15.766161918640137,2000,0.0,0.0,AGI
2012-04-19 00:00:00-04:00,15.998929864207478,16.258564647343835,15.998929864207478,16.195894241333008,2000,0.0,0.0,AGI
2012-04-20 00:00:00-04:00,16.249621466813544,16.249621466813544,15.784067153930662,15.784067153930664,1200,0.0,0.0,AGI
2012-04-23 00:00:00-04:00,15.425945894440972,15.470711708068848,15.425945894440972,15.470711708068848,1600,0.0,0.0,AGI
2012-04-24 00:00:00-04:00,15.622909981031166,15.622909981031166,15.327462480951034,15.390132904052734,1400,0.0,0.0,AGI
2012-04-25 00:00:00-04:00,15.399083590425821,15.927308082580566,15.166306550862656,15.927308082580566,3500,0.0,0.0,AGI
2012-04-26 00:00:00-04:00,16.339146026590015,16.49134635925293,16.339146026590015,16.49134635925293,400,0.0,0.0,AGI
2012-04-27 00:00:00-04:00,16.536108016967773,16.536108016967773,16.536108016967773,16.536108016967773,400,0.0,0.0,AGI
2012-04-30 00:00:00-04:00,15.927312933512265,16.348101340318877,15.927312933512265,16.285430908203125,1200,0.0,0.0,AGI
2012-05-01 00:00:00-04:00,16.742024536883417,17.42244753303195,16.706211901485894,17.404542922973633,2600,0.0,0.0,AGI
2012-05-02 00:00:00-04:00,17.001664478061077,17.28815881771651,17.001664478061077,17.261301040649414,1900,0.0,0.0,AGI
2012-05-03 00:00:00-04:00,17.279208311911443,17.485127644373833,16.992713928222656,16.992713928222656,7400,0.0,0.0,AGI
2012-05-04 00:00:00-04:00,17.2075828759794,17.2075828759794,17.18072509765625,17.18072509765625,400,0.0,0.0,AGI
2012-05-07 00:00:00-04:00,16.679354637668517,16.679354637668517,16.392860347042944,16.401813507080078,4500,0.0,0.0,AGI
2012-05-08 00:00:00-04:00,15.936260911517047,16.17799113205505,15.71243701271686,15.972073554992676,1900,0.0,0.0,AGI
2012-05-09 00:00:00-04:00,15.65872211600385,16.22275938229887,15.65872211600385,16.204853057861328,3900,0.0,0.0,AGI
2012-05-10 00:00:00-04:00,15.98997832849686,16.097412833239712,15.945212528486785,16.025789260864258,7900,0.0,0.0,AGI
2012-05-11 00:00:00-04:00,16.061603456040917,16.20485061466177,15.972073554992676,15.972073554992676,18600,0.0,0.0,AGI
2012-05-14 00:00:00-04:00,15.452803756849194,15.452803756849194,15.058873176574707,15.058873176574707,7600,0.0,0.0,AGI
2012-05-15 00:00:00-04:00,15.085733982120985,15.13049808731554,14.342638565459747,14.36949634552002,8000,0.0,0.0,AGI
2012-05-16 00:00:00-04:00,14.396353187135857,14.396353187135857,13.894988129016134,14.163576126098633,7000,0.0,0.0,AGI
2012-05-17 00:00:00-04:00,14.333684148511109,15.058873176574707,14.333684148511109,15.058873176574707,4200,0.0,0.0,AGI
2012-05-18 00:00:00-04:00,15.282698654346525,15.855687405712962,15.15735779189541,15.748252868652344,2900,0.0,0.0,AGI
2012-05-21 00:00:00-04:00,15.801967155076628,15.801967155076628,15.551285477482393,15.560236930847168,600,0.0,0.0,AGI
2012-05-22 00:00:00-04:00,16.11532286510756,16.11532286510756,15.569191932678223,15.569191932678223,33000,0.0,0.0,AGI
2012-05-23 00:00:00-04:00,15.60500421751336,15.60500421751336,15.014109196165265,15.416991233825684,6800,0.0,0.0,AGI
2012-05-24 00:00:00-04:00,16.571921741001145,16.78679247982602,15.963120460510254,15.963120460510254,1800,0.0,0.0,AGI
2012-05-25 00:00:00-04:00,16.24961544962991,16.24961544962991,16.151134090879317,16.17799186706543,4000,0.0,0.0,AGI
2012-05-29 00:00:00-04:00,16.33915161918871,16.33915161918871,16.10637445969698,16.142187118530273,1600,0.0,0.0,AGI
2012-05-30 00:00:00-04:00,15.981027441923331,16.42867525986157,15.945214796820636,16.17799186706543,3300,0.0,0.0,AGI
2012-05-31 00:00:00-04:00,15.989981331948332,16.115322180238405,15.88254509938471,16.106369018554688,8500,0.0,0.0,AGI
2012-06-01 00:00:00-04:00,16.312287581869846,17.189678694863034,16.312287581869846,16.7509822845459,55700,0.0,0.0,AGI
2012-06-04 00:00:00-04:00,16.509245297762497,16.5540093783171,16.45552635192871,16.45552635192871,2100,0.0,0.0,AGI
2012-06-05 00:00:00-04:00,16.67935562133789,16.67935562133789,16.67935562133789,16.67935562133789,400,0.0,0.0,AGI
2012-06-06 00:00:00-04:00,16.822609007059175,16.858419951310093,16.151137152852495,16.249618530273438,501800,0.0,0.0,AGI
2012-06-07 00:00:00-04:00,16.554017560407452,16.6614537975369,15.533380992062446,15.569191932678223,149300,0.0,0.0,AGI
2012-06-08 00:00:00-04:00,15.408033092106114,15.873587112289753,15.282692281918392,15.837776184082031,56800,0.0,0.0,AGI
2012-06-11 00:00:00-04:00,15.793017097688853,15.793017097688853,15.202122016322345,15.461758613586426,80200,0.0,0.0,AGI
2012-06-12 00:00:00-04:00,15.730345841873167,15.730345841873167,15.443851478964232,15.54233455657959,201900,0.0,0.0,AGI
2012-06-13 00:00:00-04:00,15.730343282037966,15.73929644287704,15.42594264407277,15.497566223144531,58900,0.0,0.0,AGI
2012-06-14 00:00:00-04:00,15.685578286881887,15.685578286881887,15.488612174987793,15.488612174987793,900,0.0,0.0,AGI
2012-06-15 00:00:00-04:00,15.443846402705017,15.443846402705017,15.381175994873047,15.381175994873047,2300,0.0,0.0,AGI
2012-06-18 00:00:00-04:00,15.34536388646658,15.56023459542945,15.34536388646658,15.515470504760742,3900,0.0,0.0,AGI
2012-06-19 00:00:00-04:00,15.622909545898438,15.622909545898438,15.622909545898438,15.622909545898438,600,0.0,0.0,AGI
2012-06-20 00:00:00-04:00,15.730341147679626,15.730341147679626,15.524423599243164,15.524423599243164,3500,0.0,0.0,AGI
2012-06-21 00:00:00-04:00,15.014107611566924,15.014107611566924,14.6470365524292,14.6470365524292,2900,0.0,0.0,AGI
2012-06-22 00:00:00-04:00,14.557508214209602,14.664942741394043,14.557508214209602,14.664942741394043,200,0.0,0.0,AGI
2012-06-25 00:00:00-04:00,14.405307877664123,14.781332138091715,14.3784483920475,14.664942741394043,1000,0.0,0.0,AGI
2012-06-26 00:00:00-04:00,13.930798530578613,13.930798530578613,13.930798530578613,13.930798530578613,400,0.0,0.0,AGI
2012-06-27 00:00:00-04:00,13.939749947517846,14.02927983445855,13.921844482421875,13.921844482421875,1000,0.0,0.0,AGI
2012-06-28 00:00:00-04:00,13.706976171808554,13.706976171808554,12.29240832176851,12.552044868469238,6600,0.0,0.0,AGI
2012-06-29 00:00:00-04:00,13.474200730517095,13.948707222123032,13.393623979262768,13.796506881713867,3900,0.0,0.0,AGI
2012-07-02 00:00:00-04:00,14.09195327758789,14.09195327758789,14.09195327758789,14.09195327758789,100,0.0,0.0,AGI
2012-07-03 00:00:00-04:00,14.691797256469727,14.691797256469727,14.691797256469727,14.691797256469727,300,0.0,0.0,AGI
2012-07-05 00:00:00-04:00,14.333682396032781,15.049918174743652,14.333682396032781,15.049918174743652,3800,0.0,0.0,AGI
2012-07-06 00:00:00-04:00,14.772376131236818,14.772376131236818,14.467975516769775,14.584364891052246,25500,0.0,0.0,AGI
2012-07-09 00:00:00-04:00,14.754468683732533,14.763421843196468,14.682845115661621,14.682845115661621,1100,0.0,0.0,AGI
2012-07-10 00:00:00-04:00,14.467977523803711,14.467977523803711,14.467977523803711,14.467977523803711,100,0.0,0.0,AGI
2012-07-11 00:00:00-04:00,14.450071201023828,14.655990497710604,14.450071201023828,14.467977523803711,2600,0.0,0.0,AGI
2012-07-12 00:00:00-04:00,14.154621505411477,14.154621505411477,13.706973778348525,13.921844482421875,2100,0.0,0.0,AGI
2012-07-13 00:00:00-04:00,13.903940433534448,13.912893594454314,13.877081804595273,13.886034965515137,1300,0.0,0.0,AGI
2012-07-16 00:00:00-04:00,13.778600677323624,13.778600677323624,13.6801176071167,13.6801176071167,3400,0.0,0.0,AGI
2012-07-17 00:00:00-04:00,13.68907054945388,13.68907054945388,13.42048168182373,13.42048168182373,3400,0.0,0.0,AGI
2012-07-18 00:00:00-04:00,13.42048007209745,13.438386392907898,13.393621444702148,13.393621444702148,700,0.0,0.0,AGI
2012-07-19 00:00:00-04:00,13.55477405321605,13.590585838735208,13.465244162507998,13.483150482177734,6800,0.0,0.0,AGI
2012-07-20 00:00:00-04:00,13.286187891471277,13.304093360900879,13.277234729846235,13.304093360900879,700,0.0,0.0,AGI
2012-07-23 00:00:00-04:00,12.945977654242329,12.972836289903029,12.749012333815728,12.901212692260742,900,0.0,0.0,AGI
2012-07-24 00:00:00-04:00,12.990740541711638,13.116081390659438,12.954928748609337,13.008646011352539,3800,0.0,0.0,AGI
2012-07-25 00:00:00-04:00,13.492108354217326,13.492108354217326,13.214567115402264,13.223520278930664,4500,0.0,0.0,AGI
2012-07-26 00:00:00-04:00,13.151892238548301,13.384669303894043,12.364032846920376,13.384669303894043,3500,0.0,0.0,AGI
2012-07-27 00:00:00-04:00,13.841271460457243,14.691802198812752,13.841271460457243,14.494837760925293,2100,0.0,0.0,AGI
2012-07-30 00:00:00-04:00,14.45902654765154,14.700756818790598,14.45902654765154,14.629133224487305,1300,0.0,0.0,AGI
2012-07-31 00:00:00-04:00,14.467978289183907,14.494837774774641,14.118813514709473,14.118813514709473,1700,0.0,0.0,AGI
2012-08-01 00:00:00-04:00,13.89498728662828,14.387399153973854,13.89498728662828,14.253105163574219,1400,0.0,0.0,AGI
2012-08-02 00:00:00-04:00,14.226249687532412,14.226249687532412,14.127766609191895,14.127766609191895,500,0.0,0.0,AGI
2012-08-03 00:00:00-04:00,14.172531783490383,14.324732130684552,14.172531783490383,14.297873497009277,1200,0.0,0.0,AGI
2012-08-06 00:00:00-04:00,14.324727058410645,14.324727058410645,14.324727058410645,14.324727058410645,100,0.0,0.0,AGI
2012-08-07 00:00:00-04:00,14.566459180892457,14.844000326540884,14.494835604349612,14.808189392089844,11100,0.0,0.0,AGI
2012-08-08 00:00:00-04:00,14.942484759724163,15.166308670472887,14.942484759724163,15.13049602508545,1600,0.0,0.0,AGI
2012-08-09 00:00:00-04:00,15.416995387801366,15.416995387801366,15.399090766906738,15.399090766906738,2400,0.0,0.0,AGI
2012-08-10 00:00:00-04:00,15.184211201386326,15.434894561767578,15.184211201386326,15.434894561767578,3800,0.0,0.0,AGI
2012-08-13 00:00:00-04:00,15.363271647237372,15.399084289244911,15.363271647237372,15.372224807739258,400,0.0,0.0,AGI
2012-08-14 00:00:00-04:00,15.175264435536288,15.416993002812715,15.175264435536288,15.336416244506836,3000,0.0,0.0,AGI
2012-08-15 00:00:00-04:00,15.309562683105467,15.309562683105467,15.300609517754795,15.309562683105469,500,0.0,0.0,AGI
2012-08-16 00:00:00-04:00,15.748251391270584,15.891498565673828,15.748251391270584,15.891498565673828,500,0.0,0.0,AGI
2012-08-17 00:00:00-04:00,16.025791234835285,16.025791234835285,16.01683807373047,16.01683807373047,200,0.0,0.0,AGI
2012-08-20 00:00:00-04:00,15.936257750556159,16.195894241333008,15.855681026359239,16.195894241333008,6600,0.0,0.0,AGI
2012-08-21 00:00:00-04:00,16.661455633824843,16.956903183941296,16.661455633824843,16.79574966430664,1300,0.0,0.0,AGI
2012-08-22 00:00:00-04:00,16.598777851726982,16.768882751464844,16.40181176708663,16.768882751464844,2900,0.0,0.0,AGI
2012-08-23 00:00:00-04:00,17.10910047572633,17.216534997810236,17.046430053237227,17.09119415283203,17700,0.0,0.0,AGI
2012-08-24 00:00:00-04:00,17.00166378185668,17.21653452779947,16.938993361078477,17.127004623413086,3900,0.0,0.0,AGI
2012-08-27 00:00:00-04:00,17.001655703545737,17.03746833134033,16.983749389648438,16.983749389648438,1500,0.0,0.0,AGI
2012-08-28 00:00:00-04:00,16.607732727166553,16.607732727166553,16.4376277923584,16.4376277923584,5000,0.0,0.0,AGI
2012-08-29 00:00:00-04:00,16.536110325289723,16.536110325289723,16.482393063504862,16.509252548217773,6500,0.0,0.0,AGI
2012-08-30 00:00:00-04:00,16.464479509567674,16.464479509567674,16.45552635192871,16.45552635192871,300,0.0,0.0,AGI
2012-08-31 00:00:00-04:00,16.554016646902124,16.885276794433594,16.518205708262514,16.885276794433594,9000,0.0,0.0,AGI
2012-09-04 00:00:00-04:00,16.8852725854603,16.91213035583496,16.8852725854603,16.91213035583496,300,0.0,0.0,AGI
2012-09-05 00:00:00-04:00,16.876320477444224,16.876320477444224,16.822603225708008,16.822603225708008,400,0.0,0.0,AGI
2012-09-06 00:00:00-04:00,16.930043358968472,17.091196875406528,16.876326089369524,17.0106201171875,10800,0.0,0.0,AGI
2012-09-07 00:00:00-04:00,17.43140319885109,17.52093309258057,17.144908905029297,17.144908905029297,25300,0.0,0.0,AGI
2012-09-10 00:00:00-04:00,17.010617274290098,17.261300669925106,17.010617274290098,17.109100341796875,3700,0.0,0.0,AGI
2012-09-11 00:00:00-04:00,17.153862145399973,17.153862145399973,16.276472939556758,16.57192039489746,4900,0.0,0.0,AGI
2012-09-12 00:00:00-04:00,16.82260170598884,16.82260170598884,16.670401416785158,16.768882751464844,900,0.0,0.0,AGI
2012-09-13 00:00:00-04:00,16.56297183346439,17.31502042089244,16.56297183346439,17.23444366455078,18500,0.0,0.0,AGI
2012-09-14 00:00:00-04:00,17.592552860646254,17.673129576809423,17.34187126159668,17.34187126159668,33100,0.0,0.0,AGI
2012-09-17 00:00:00-04:00,17.27025396649313,17.297111743193636,17.037476891790078,17.09119415283203,1800,0.0,0.0,AGI
2012-09-18 00:00:00-04:00,17.127006017857703,17.458266178765566,17.127006017857703,17.368736267089844,1000,0.0,0.0,AGI
2012-09-19 00:00:00-04:00,17.225487806537995,17.691041946411133,17.225487806537995,17.691041946411133,3600,0.0,0.0,AGI
2012-09-20 00:00:00-04:00,17.404549249922418,17.941727022678496,17.3866429257143,17.896961212158203,15000,0.0,0.0,AGI
2012-09-21 00:00:00-04:00,18.156599107098696,18.156599107098696,17.861151566801052,17.950679779052734,1200,0.0,0.0,AGI
2012-09-24 00:00:00-04:00,17.682090468753593,17.682090468753593,17.449313376653073,17.520936965942383,1600,0.0,0.0,AGI
2012-09-25 00:00:00-04:00,17.574653537952166,17.574653537952166,17.037477493286133,17.037477493286133,1100,0.0,0.0,AGI
2012-09-26 00:00:00-04:00,16.795739567425795,16.858409963466453,16.455526406576194,16.66144561767578,23400,0.0,0.0,AGI
2012-09-27 00:00:00-04:00,16.80470114130958,17.028525072202967,16.80470114130958,16.96585464477539,16500,0.0,0.0,AGI
2012-09-28 00:00:00-04:00,17.082234796706395,17.34187126159668,17.082234796706395,17.34187126159668,9300,0.0,0.0,AGI
2012-10-01 00:00:00-04:00,17.807429070109343,18.093923391019405,17.77161813381601,17.94172477722168,34700,0.0,0.0,AGI
2012-10-02 00:00:00-04:00,17.52989012805868,17.52989012805868,17.485126025118262,17.520936965942383,20800,0.0,0.0,AGI
2012-10-03 00:00:00-04:00,17.520932823659233,17.565698623657227,17.4672155713023,17.565698623657227,3100,0.0,0.0,AGI
2012-10-04 00:00:00-04:00,17.870101548615757,18.09392547607422,17.870101548615757,18.09392547607422,17700,0.0,0.0,AGI
2012-10-05 00:00:00-04:00,18.138691622084483,18.138691622084483,18.076021194458008,18.076021194458008,10500,0.0,0.0,AGI
2012-10-08 00:00:00-04:00,18.09392547607422,18.09392547607422,18.09392547607422,18.09392547607422,600,0.0,0.0,AGI
2012-10-09 00:00:00-04:00,17.923819892583303,18.022301256017922,17.807430498104676,17.977537155151367,900,0.0,0.0,AGI
2012-10-10 00:00:00-04:00,17.699992608369886,17.699992608369886,17.4582624113027,17.565698623657227,3200,0.0,0.0,AGI
2012-10-11 00:00:00-04:00,17.808663819211493,17.808663819211493,17.637685775756836,17.637685775756836,1500,0.1,0.0,AGI
2012-10-12 00:00:00-04:00,17.70968795704683,17.70968795704683,17.52971076965332,17.52971076965332,500,0.0,0.0,AGI
2012-10-15 00:00:00-04:00,17.304729622987967,17.655684753398962,17.043764747952736,17.10675621032715,1600,0.0,0.0,AGI
2012-10-16 00:00:00-04:00,17.19674760708905,17.214743944766237,17.133756134246646,17.151752471923828,15700,0.0,0.0,AGI
2012-10-17 00:00:00-04:00,17.15175360354643,17.187749714053528,17.034769677176403,17.097761154174805,2800,0.0,0.0,AGI
2012-10-18 00:00:00-04:00,16.962779629151687,17.268739711141706,16.962779629151687,17.16975212097168,3900,0.0,0.0,AGI
2012-10-19 00:00:00-04:00,16.737811376517225,16.86379435117875,16.737811376517225,16.764806747436523,2000,0.0,0.0,AGI
2012-10-22 00:00:00-04:00,16.44984433600229,16.65681679360747,16.44984433600229,16.638818740844727,15000,0.0,0.0,AGI
2012-10-23 00:00:00-04:00,16.51284201942589,16.530840078962783,16.323865827067362,16.521841049194336,3800,0.0,0.0,AGI
2012-10-24 00:00:00-04:00,16.566832183455038,16.728811264038086,16.386855045831833,16.728811264038086,3700,0.0,0.0,AGI
2012-10-25 00:00:00-04:00,16.593828498520203,17.448715571562808,16.593828498520203,17.340730667114258,3300,0.0,0.0,AGI
2012-10-26 00:00:00-04:00,17.40372194351328,17.439716339111328,17.31373337993452,17.439716339111328,2000,0.0,0.0,AGI
2012-10-31 00:00:00-04:00,17.520715419144366,17.727689743041992,17.466722938140215,17.727689743041992,4000,0.0,0.0,AGI
2012-11-01 00:00:00-04:00,17.80866813659668,17.80866813659668,17.80866813659668,17.80866813659668,100,0.0,0.0,AGI
2012-11-02 00:00:00-04:00,17.70968056533903,17.772672039718334,17.51170539855957,17.51170539855957,1000,0.0,0.0,AGI
2012-11-05 00:00:00-05:00,17.52070948529243,17.52070948529243,17.26874351501465,17.26874351501465,2000,0.0,0.0,AGI
2012-11-06 00:00:00-05:00,17.313736566678788,17.430722235780138,17.304737537025655,17.376728057861328,1800,0.0,0.0,AGI
2012-11-07 00:00:00-05:00,17.610693291027143,17.808668461281183,17.592695236206055,17.592695236206055,2000,0.0,0.0,AGI
2012-11-08 00:00:00-05:00,17.700683891742806,17.781673431396484,17.700683891742806,17.781673431396484,1300,0.0,0.0,AGI
2012-11-09 00:00:00-05:00,17.817670058107364,17.853666176407934,17.74567953789561,17.7636775970459,1900,0.0,0.0,AGI
2012-11-12 00:00:00-05:00,17.808670674662896,17.808670674662896,17.772674560546875,17.772674560546875,1800,0.0,0.0,AGI
2012-11-13 00:00:00-05:00,17.51170382810027,17.51170382810027,17.304731369018555,17.304731369018555,800,0.0,0.0,AGI
2012-11-14 00:00:00-05:00,17.457716544462723,17.5837012355396,17.241744995117188,17.241744995117188,2100,0.0,0.0,AGI
2012-11-15 00:00:00-05:00,17.223743371082044,17.223743371082044,16.75580596923828,16.75580596923828,2100,0.0,0.0,AGI
2012-11-16 00:00:00-05:00,16.548836614314602,16.755810868613903,16.413854598999023,16.413854598999023,3600,0.0,0.0,AGI
2012-11-19 00:00:00-05:00,16.998773060427432,17.286735070352314,16.998773060427432,17.214744567871094,3500,0.0,0.0,AGI
2012-11-20 00:00:00-05:00,16.791799546172676,16.89078712463379,16.791799546172676,16.89078712463379,900,0.0,0.0,AGI
2012-11-21 00:00:00-05:00,17.007776260375977,17.007776260375977,17.007776260375977,17.007776260375977,3000,0.0,0.0,AGI
2012-11-23 00:00:00-05:00,17.331729888916016,17.331729888916016,17.331729888916016,17.331729888916016,300,0.0,0.0,AGI
2012-11-26 00:00:00-05:00,17.34072441616299,17.34072441616299,16.80079493938566,17.070758819580078,23400,0.0,0.0,AGI
2012-11-27 00:00:00-05:00,16.93578391148841,16.93578391148841,16.81879997253418,16.81879997253418,1700,0.0,0.0,AGI
2012-11-28 00:00:00-05:00,16.81879997253418,16.81879997253418,16.81879997253418,16.81879997253418,0,0.0,0.0,AGI
2012-11-29 00:00:00-05:00,17.15175670966946,17.322734832763672,17.15175670966946,17.322734832763672,600,0.0,0.0,AGI
2012-11-30 00:00:00-05:00,17.07076377137198,17.07076377137198,16.881789343696937,16.917783737182617,9900,0.0,0.0,AGI
2012-12-03 00:00:00-05:00,16.71981827615607,16.71981827615607,16.710819244384766,16.710819244384766,1000,0.0,0.0,AGI
2012-12-04 00:00:00-05:00,16.33285518654738,16.33285518654738,15.999899864196777,15.999899864196777,6100,0.0,0.0,AGI
2012-12-05 00:00:00-05:00,15.9639128345028,15.999908952711237,15.85592791265626,15.873924255371094,3200,0.0,0.0,AGI
2012-12-06 00:00:00-05:00,15.756936997059332,15.95491045648883,15.756936997059332,15.900918006896973,1600,0.0,0.0,AGI
2012-12-07 00:00:00-05:00,15.963913566450904,16.152889762931018,15.963913566450904,16.026905059814453,1200,0.0,0.0,AGI
2012-12-10 00:00:00-05:00,16.098890460817238,16.098890460817238,16.08989143371582,16.08989143371582,500,0.0,0.0,AGI
2012-12-11 00:00:00-05:00,16.11689567565918,16.11689567565918,16.11689567565918,16.11689567565918,1700,0.0,0.0,AGI
2012-12-12 00:00:00-05:00,16.206878526632604,16.80979966551838,16.206878526632604,16.78280258178711,6800,0.0,0.0,AGI
2012-12-13 00:00:00-05:00,16.56682811413938,16.56682811413938,16.449844204891527,16.458843231201172,300,0.0,0.0,AGI
2012-12-14 00:00:00-05:00,16.539836145104907,16.863794326782227,16.512840774224664,16.863794326782227,2500,0.0,0.0,AGI
2012-12-17 00:00:00-05:00,16.935782057417484,16.935782057417484,16.431848526000977,16.431848526000977,2600,0.0,0.0,AGI
2012-12-18 00:00:00-05:00,16.170881790665018,16.179880818228007,15.954910278320312,15.954910278320312,6300,0.0,0.0,AGI
2012-12-19 00:00:00-05:00,15.873917744840018,16.116886293927653,15.873917744840018,16.107887268066406,2400,0.0,0.0,AGI
2012-12-20 00:00:00-05:00,15.846930503845215,15.8559295343177,15.71194676314753,15.846930503845215,4400,0.0,0.0,AGI
2012-12-21 00:00:00-05:00,15.657955129891997,15.657955129891997,15.441983536228825,15.47797966003418,5700,0.0,0.0,AGI
2012-12-24 00:00:00-05:00,15.47797966003418,15.47797966003418,15.47797966003418,15.47797966003418,0,0.0,0.0,AGI
2012-12-26 00:00:00-05:00,15.396986961364746,15.396986961364746,15.396986961364746,15.396986961364746,100,0.0,0.0,AGI
2012-12-27 00:00:00-05:00,15.396986751984022,15.549966812133789,15.396986751984022,15.549966812133789,14300,0.0,0.0,AGI
2012-12-28 00:00:00-05:00,15.495968835639632,15.495968835639632,15.45097541809082,15.45097541809082,800,0.0,0.0,AGI
2012-12-31 00:00:00-05:00,15.486974596709427,15.828930854797363,15.486974596709427,15.828930854797363,12400,0.0,0.0,AGI
2013-01-02 00:00:00-05:00,16.233878580981152,16.251874923706055,16.233878580981152,16.251874923706055,1000,0.0,0.0,AGI
2013-01-03 00:00:00-05:00,16.2428736524118,16.260871709042114,15.747939109802246,15.747939109802246,3300,0.0,0.0,AGI
2013-01-04 00:00:00-05:00,15.504972837640604,15.504972837640604,15.271003215255462,15.34299373626709,2600,0.0,0.0,AGI
2013-01-07 00:00:00-05:00,15.235007608257412,15.657951671208338,15.235007608257412,15.63995361328125,1600,0.0,0.0,AGI
2013-01-08 00:00:00-05:00,15.136015746648564,15.21700526814007,15.001033782958984,15.001033782958984,1900,0.0,0.0,AGI
2013-01-09 00:00:00-05:00,15.10002686229559,15.226009845483356,14.983041192430305,15.199012756347656,2800,0.0,0.0,AGI
2013-01-10 00:00:00-05:00,15.199012756347656,15.199012756347656,15.199012756347656,15.199012756347656,0,0.0,0.0,AGI
2013-01-11 00:00:00-05:00,15.73893740973647,15.73893740973647,15.414979310940685,15.45097541809082,5800,0.0,0.0,AGI
2013-01-14 00:00:00-05:00,14.632086277396539,14.632086277396539,13.660213470458984,13.660213470458984,20900,0.0,0.0,AGI
2013-01-15 00:00:00-05:00,13.624215474378946,13.948172725505191,13.615216447299048,13.939173698425293,134300,0.0,0.0,AGI
2013-01-16 00:00:00-05:00,13.85818460213572,13.912177908100048,13.741200679236233,13.777195930480957,5700,0.0,0.0,AGI
2013-01-17 00:00:00-05:00,13.795195325572449,14.137150695992636,13.714205782815743,14.092156410217285,7500,0.0,0.0,AGI
2013-01-18 00:00:00-05:00,14.2451372707915,14.2451372707915,14.047162917125018,14.101156234741211,5800,0.0,0.0,AGI
2013-01-22 00:00:00-05:00,14.281129423512596,14.398114204406738,14.263132227018218,14.398114204406738,1400,0.0,0.0,AGI
2013-01-23 00:00:00-05:00,14.335123292933925,14.407113798130526,14.290129012637422,14.371118545532227,2100,0.0,0.0,AGI
2013-01-24 00:00:00-05:00,14.245136867971999,14.27213309691937,13.885184288024902,13.885184288024902,1300,0.0,0.0,AGI
2013-01-25 00:00:00-05:00,13.633214982098968,13.633214982098968,13.129281430858804,13.156277656555176,11200,0.0,0.0,AGI
2013-01-28 00:00:00-05:00,13.192274767639203,13.300260543823242,13.102287049916503,13.300260543823242,1000,0.0,0.0,AGI
2013-01-29 00:00:00-05:00,13.408247214969583,13.633217811584473,13.345255722539724,13.633217811584473,2300,0.0,0.0,AGI
2013-01-30 00:00:00-05:00,13.660213421451568,13.840189707610131,13.660213421451568,13.804194450378418,1200,0.0,0.0,AGI
2013-01-31 00:00:00-05:00,13.750200271606445,13.83118980983846,13.741202101509778,13.750200271606445,3000,0.0,0.0,AGI
2013-02-01 00:00:00-05:00,13.903179346857824,13.903179346857824,13.849186897277832,13.849186897277832,1100,0.0,0.0,AGI
2013-02-04 00:00:00-05:00,13.822192192077637,13.822192192077637,13.822192192077637,13.822192192077637,200,0.0,0.0,AGI
2013-02-05 00:00:00-05:00,13.63321528906327,13.63321528906327,13.507232327513877,13.570223808288574,1400,0.0,0.0,AGI
2013-02-06 00:00:00-05:00,13.543228573315226,13.948175430297852,13.543228573315226,13.948175430297852,1500,0.0,0.0,AGI
2013-02-07 00:00:00-05:00,13.876181046861825,14.002164840698242,13.876181046861825,14.002164840698242,5300,0.0,0.0,AGI
2013-02-08 00:00:00-05:00,13.696210223414301,13.8671875,13.696210223414301,13.8671875,6300,0.0,0.0,AGI
2013-02-11 00:00:00-05:00,13.5252279547146,13.597218455293955,13.507230758666992,13.507230758666992,11900,0.0,0.0,AGI
2013-02-12 00:00:00-05:00,13.46223869670506,13.543228237733706,13.336254870861097,13.489234924316406,4900,0.0,0.0,AGI
2013-02-13 00:00:00-05:00,13.489232331922764,13.507230385667821,13.228266559980499,13.237265586853027,14900,0.0,0.0,AGI
2013-02-14 00:00:00-05:00,13.363250302894624,13.507231309929544,12.967301675354095,13.048291206359863,25700,0.0,0.0,AGI
2013-02-15 00:00:00-05:00,12.958303400821451,12.958303400821451,12.346384085366832,12.535359382629395,20300,0.0,0.0,AGI
2013-02-19 00:00:00-05:00,12.59835068193509,12.59835068193509,12.148409586151693,12.589351654052734,12100,0.0,0.0,AGI
2013-02-20 00:00:00-05:00,12.427375349275385,12.580354555766984,11.77945983167442,11.878446578979492,11100,0.0,0.0,AGI
2013-02-21 00:00:00-05:00,12.05842113494873,12.20240300781097,11.932438176211765,12.05842113494873,22500,0.0,0.0,AGI
2013-02-22 00:00:00-05:00,12.37338034709293,12.868315732615557,12.238398359311553,12.724334716796875,19100,0.0,0.0,AGI
2013-02-25 00:00:00-05:00,13.039292817945315,13.17427566230212,12.895311803853685,13.066289901733398,24700,0.0,0.0,AGI
2013-02-26 00:00:00-05:00,13.066288579444148,13.066288579444148,12.634344722686807,12.796323776245117,20300,0.0,0.0,AGI
2013-02-27 00:00:00-05:00,12.598349680492651,13.111282214290481,12.598349680492651,12.976300239562988,19200,0.0,0.0,AGI
2013-02-28 00:00:00-05:00,12.652343759157015,12.751330489465214,12.445370412628666,12.553356170654297,28600,0.0,0.0,AGI
2013-03-01 00:00:00-05:00,12.463371083616654,12.805325626696202,12.265396723258995,12.328388214111328,16000,0.0,0.0,AGI
2013-03-04 00:00:00-05:00,12.490366777360437,13.147280462854614,12.274395225268764,12.49936580657959,19300,0.0,0.0,AGI
2013-03-05 00:00:00-05:00,12.544354772979938,12.67933758865608,12.049420356750488,12.049420356750488,30300,0.0,0.0,AGI
2013-03-06 00:00:00-05:00,11.986430439285568,12.220400013541747,11.806454173778711,12.211400985717773,14400,0.0,0.0,AGI
2013-03-07 00:00:00-05:00,12.40937494901798,12.850317001342773,12.40937494901798,12.850317001342773,5600,0.0,0.0,AGI
2013-03-08 00:00:00-05:00,12.823321229826789,12.823321229826789,12.400376359495926,12.589351654052734,31600,0.0,0.0,AGI
2013-03-11 00:00:00-04:00,12.625344828845613,12.787323871282872,12.625344828845613,12.742329597473145,28400,0.0,0.0,AGI
2013-03-12 00:00:00-04:00,12.895312466807532,13.057291545085302,12.742332416921768,12.886313438415527,46100,0.0,0.0,AGI
2013-03-13 00:00:00-04:00,12.931308854706288,12.94030788388643,12.427375235343577,12.643346786499023,8400,0.0,0.0,AGI
2013-03-14 00:00:00-04:00,12.499362653249273,12.697336096958043,12.17540454864502,12.17540454864502,17500,0.0,0.0,AGI
2013-03-15 00:00:00-04:00,12.508363923380877,12.643346786499023,12.418376206163435,12.643346786499023,104600,0.0,0.0,AGI
2013-03-18 00:00:00-04:00,13.057291043535425,13.057291043535425,12.607349939553043,12.625347137451172,10200,0.0,0.0,AGI
2013-03-19 00:00:00-04:00,12.553353636249668,13.17427269228245,12.535356442642787,13.165273666381836,10500,0.0,0.0,AGI
2013-03-20 00:00:00-04:00,13.525230103835836,13.606219644405238,12.688340187072754,12.688340187072754,18800,0.0,0.0,AGI
2013-03-21 00:00:00-04:00,12.868315817118365,13.039293059977174,12.7243348003542,13.003297805786133,14900,0.0,0.0,AGI
2013-03-22 00:00:00-04:00,12.949304272760541,13.012295747788531,12.850316688351432,12.868314743041992,18300,0.0,0.0,AGI
2013-03-25 00:00:00-04:00,12.904309467827607,12.922306663589529,12.445369390273532,12.508360862731934,9300,0.0,0.0,AGI
2013-03-26 00:00:00-04:00,12.418373167533424,12.508360862731934,12.220398864985588,12.508360862731934,20300,0.0,0.0,AGI
2013-03-27 00:00:00-04:00,12.652344172191414,12.661342342008073,12.391378367228308,12.535359382629395,7900,0.0,0.0,AGI
2013-03-28 00:00:00-04:00,12.553355732450266,12.562354759853566,12.283390917712676,12.337384223937988,24600,0.0,0.0,AGI
2013-04-01 00:00:00-04:00,12.553357237376831,12.553357237376831,12.310389475721585,12.454370498657227,15600,0.0,0.0,AGI
2013-04-02 00:00:00-04:00,12.346382340815929,12.373378562840415,11.797453724420032,11.806452751159668,21500,0.0,0.0,AGI
2013-04-03 00:00:00-04:00,11.878444220434966,11.90544044466795,10.735594335034452,11.230528831481934,50100,0.0,0.0,AGI
2013-04-04 00:00:00-04:00,11.338516463806263,11.536489936899525,10.5466199968495,11.37451171875,124100,0.0,0.0,AGI
2013-04-05 00:00:00-04:00,11.545489330443125,11.662474127259902,11.212532997131348,11.212532997131348,27400,0.0,0.0,AGI
2013-04-08 00:00:00-04:00,11.131540528702638,11.509491047261834,11.10454430828966,11.311516761779785,12400,0.0,0.0,AGI
2013-04-09 00:00:00-04:00,11.347517413186887,11.60848328999468,11.2845259161558,11.518495559692383,46100,0.0,0.0,AGI
2013-04-10 00:00:00-04:00,11.500498124405013,11.581487686819704,11.086552139548127,11.11354923248291,61800,0.0,0.0,AGI
2013-04-11 00:00:00-04:00,11.149835655251483,11.267775436836445,11.02282338311376,11.104474067687988,32100,0.1,0.0,AGI
2013-04-12 00:00:00-04:00,10.759726323363049,10.759726323363049,10.179100819224892,10.478486061096191,40500,0.0,0.0,AGI
2013-04-15 00:00:00-04:00,9.970436149994965,10.297038804610333,9.317232571164427,9.380738258361816,55500,0.0,0.0,AGI
2013-04-16 00:00:00-04:00,9.870645107880916,10.179102902689761,9.643838007603874,9.80713939666748,68800,0.0,0.0,AGI
2013-04-17 00:00:00-04:00,9.779920547770363,9.843427115262585,9.181150025588549,9.28094482421875,55700,0.0,0.0,AGI
2013-04-18 00:00:00-04:00,9.163004639811753,10.28796733555255,9.163004639811753,9.843425750732422,36900,0.0,0.0,AGI
2013-04-19 00:00:00-04:00,9.861572569588692,10.587355460083256,9.861572569588692,10.469415664672852,46300,0.0,0.0,AGI
2013-04-22 00:00:00-04:00,10.941171179690645,11.131689113783771,10.424050578466375,10.832303047180176,39200,0.0,0.0,AGI
2013-04-23 00:00:00-04:00,10.823232845085592,11.11354559603634,10.478486020731456,10.687148094177246,26100,0.0,0.0,AGI
2013-04-24 00:00:00-04:00,11.040967633845241,11.458292654462245,10.823233066184265,11.431076049804688,28400,0.0,0.0,AGI
2013-04-25 00:00:00-04:00,12.111498717622903,12.637691087020714,11.93912484804754,12.238510131835938,65400,0.0,0.0,AGI
2013-04-26 00:00:00-04:00,12.429026403277076,12.510677081261564,11.984484784472917,12.147786140441895,49500,0.0,0.0,AGI
2013-04-29 00:00:00-04:00,12.26572544815911,12.329231144098326,12.12964070160337,12.165929794311523,16700,0.0,0.0,AGI
2013-04-30 00:00:00-04:00,12.093350655199654,12.683048581502954,12.020772475506945,12.628615379333496,36100,0.0,0.0,AGI
2013-05-01 00:00:00-04:00,12.37459395206522,12.909857906231712,12.320159875010843,12.864497184753418,30000,0.0,0.0,AGI
2013-05-02 00:00:00-04:00,13.036868051484115,13.35439824129124,12.4380976274594,12.74655532836914,48200,0.0,0.0,AGI
2013-05-03 00:00:00-04:00,12.773771343256488,13.336252651061233,12.773771343256488,13.06408405303955,32300,0.0,0.0,AGI
2013-05-06 00:00:00-04:00,13.245532213211737,13.245532213211737,12.800989732721572,12.819134712219238,18500,0.0,0.0,AGI
2013-05-07 00:00:00-04:00,12.628616336893163,12.646760450592035,12.09335157217309,12.501604080200195,60400,0.0,0.0,AGI
2013-05-08 00:00:00-04:00,12.501604281658711,12.96429086863888,12.501604281658711,12.909856796264648,31000,0.0,0.0,AGI
2013-05-09 00:00:00-04:00,12.81006151483306,13.29996468660429,12.655832658423583,13.01872444152832,20600,0.0,0.0,AGI
2013-05-10 00:00:00-04:00,12.719337918668204,13.272746728241602,12.456240948562698,13.245530128479004,43600,0.0,0.0,AGI
2013-05-13 00:00:00-04:00,13.182025293411325,13.20924276192121,12.928001643720595,13.127592086791992,23300,0.0,0.0,AGI
2013-05-14 00:00:00-04:00,13.127590806968634,13.154807407624922,12.837277227567716,12.846349716186523,23400,0.0,0.0,AGI
2013-05-15 00:00:00-04:00,12.737487309497523,12.737487309497523,12.401812889296005,12.510680198669434,44300,0.0,0.0,AGI
2013-05-16 00:00:00-04:00,12.302016012792109,13.163882716632484,12.138714643466448,12.519750595092773,85300,0.0,0.0,AGI
2013-05-17 00:00:00-04:00,12.392735625504036,12.392735625504036,11.793965221901079,11.884688377380371,45000,0.0,0.0,AGI
2013-05-20 00:00:00-04:00,11.93005095001531,12.23850868849849,10.886738825334222,11.80303955078125,83200,0.0,0.0,AGI
2013-05-21 00:00:00-04:00,11.784891986398588,12.51974707664611,11.757675387559814,12.419951438903809,64900,0.0,0.0,AGI
2013-05-22 00:00:00-04:00,12.583255782076227,13.036869909181501,12.456243515014648,12.456243515014648,101000,0.0,0.0,AGI
2013-05-23 00:00:00-04:00,12.565108979977328,12.746554418979146,12.492530804376601,12.574180603027344,31800,0.0,0.0,AGI
2013-05-24 00:00:00-04:00,12.483459811629878,12.574182109399159,12.211291187921628,12.302014350891113,17200,0.0,0.0,AGI
2013-05-28 00:00:00-04:00,12.329232215751674,12.47438859920124,12.038919448852539,12.038919448852539,17600,0.0,0.0,AGI
2013-05-29 00:00:00-04:00,12.066137144997672,12.45624474447659,12.066137144997672,12.447173118591309,25700,0.0,0.0,AGI
2013-05-30 00:00:00-04:00,12.610471460377008,13.454193951629936,12.601399836054028,13.290892601013184,55900,0.0,0.0,AGI
2013-05-31 00:00:00-04:00,13.290893605204191,13.318111075830208,13.018725820546312,13.082231521606445,60600,0.0,0.0,AGI
2013-06-03 00:00:00-04:00,13.345327923622946,13.372544529542962,13.055015153275297,13.154809951782227,45400,0.0,0.0,AGI
2013-06-04 00:00:00-04:00,13.064085594135616,13.1094471766903,12.773772850106006,12.955218315124512,33600,0.0,0.0,AGI
2013-06-05 00:00:00-04:00,12.928001985540508,13.327182017037511,12.773773120707514,12.946146965026855,26500,0.0,0.0,AGI
2013-06-06 00:00:00-04:00,13.027796730222436,13.635639697623366,12.9915076365806,13.281821250915527,66000,0.0,0.0,AGI
2013-06-07 00:00:00-04:00,13.263678420574605,13.263678420574605,12.692124454208074,12.855425834655762,54600,0.0,0.0,AGI
2013-06-10 00:00:00-04:00,12.719339369089823,13.281820731125435,12.719339369089823,13.218314170837402,18100,0.0,0.0,AGI
2013-06-11 00:00:00-04:00,13.109447652903308,13.109447652903308,12.810062408447266,12.810062408447266,30500,0.0,0.0,AGI
2013-06-12 00:00:00-04:00,12.864496649204819,12.94614732878712,12.574183025667718,12.637689590454102,29100,0.0,0.0,AGI
2013-06-13 00:00:00-04:00,12.628614861461,12.764698726504283,12.247579001099666,12.356446266174316,37900,0.0,0.0,AGI
2013-06-14 00:00:00-04:00,12.492533786625076,12.492533786625076,12.129641956790907,12.193147659301758,38800,0.0,0.0,AGI
2013-06-17 00:00:00-04:00,12.247579634820019,12.347374416668718,12.102423273876399,12.202218055725098,14500,0.0,0.0,AGI
2013-06-18 00:00:00-04:00,12.202220586736884,12.202220586736884,11.866546216128398,11.966341018676758,44600,0.0,0.0,AGI
2013-06-19 00:00:00-04:00,11.975412114081914,12.066135280518994,11.458292314911178,11.485508918762207,24600,0.0,0.0,AGI
2013-06-20 00:00:00-04:00,10.705292329503532,11.004677549408953,10.269822368150074,10.342400550842285,102400,0.0,0.0,AGI
2013-06-21 00:00:00-04:00,10.369620182677581,10.741583662914246,10.224463786995015,10.62364387512207,112300,0.0,0.0,AGI
2013-06-24 00:00:00-04:00,10.315185076662601,10.351474171977147,9.743631176558306,9.752703666687012,87400,0.0,0.0,AGI
2013-06-25 00:00:00-04:00,10.115596766750464,10.823235573372635,10.115596766750464,10.324259757995605,64800,0.0,0.0,AGI
2013-06-26 00:00:00-04:00,9.870645175274491,10.224464565594594,9.426103463344404,10.13374137878418,137800,0.0,0.0,AGI
2013-06-27 00:00:00-04:00,10.179102972189387,10.405910074014994,10.006729090289683,10.13374137878418,109200,0.0,0.0,AGI
2013-06-28 00:00:00-04:00,10.06116144612796,10.995606302783223,9.952294159787565,10.959317207336426,63600,0.0,0.0,AGI
2013-07-01 00:00:00-04:00,11.177049390510845,11.703241594596577,11.15890527926656,11.440145492553711,52200,0.0,0.0,AGI
2013-07-02 00:00:00-04:00,11.793966042649753,11.793966042649753,10.496629501094219,10.841376304626465,94000,0.0,0.0,AGI
2013-07-03 00:00:00-04:00,10.986535611061818,11.567162098456492,10.96839149296846,11.503656387329102,41500,0.0,0.0,AGI
2013-07-05 00:00:00-04:00,10.687146270543774,11.104471211424098,10.551062408056753,10.895809173583984,57600,0.0,0.0,AGI
2013-07-08 00:00:00-04:00,11.059110729174328,11.177050492086302,10.877665272848288,10.932099342346191,24000,0.0,0.0,AGI
2013-07-09 00:00:00-04:00,11.140762994897367,11.204269562598455,10.759727049492055,10.986534118652344,26200,0.0,0.0,AGI
2013-07-10 00:00:00-04:00,11.02282338311376,11.31313702439994,10.7325106070279,11.104474067687988,37100,0.0,0.0,AGI
2013-07-11 00:00:00-04:00,11.694169809954253,12.15685545529016,11.66695234566384,12.120566368103027,42200,0.0,0.0,AGI
2013-07-12 00:00:00-04:00,12.120566222630226,12.120566222630226,11.494579259865372,11.748602867126465,61600,0.0,0.0,AGI
2013-07-15 00:00:00-04:00,11.902833655877352,12.247580469204925,11.703243213382397,12.165929794311523,46600,0.0,0.0,AGI
2013-07-16 00:00:00-04:00,12.29294146577033,12.429025340642992,11.984483759845437,12.401808738708496,107000,0.0,0.0,AGI
2013-07-17 00:00:00-04:00,12.365522869341316,12.483462662051442,11.81211387142494,12.011703491210938,83000,0.0,0.0,AGI
2013-07-18 00:00:00-04:00,11.993556982305588,12.038918565103764,11.685099257518269,11.866544723510742,48700,0.0,0.0,AGI
2013-07-19 00:00:00-04:00,11.984484501847065,12.429026110167756,11.757677452883419,12.410881996154785,41700,0.0,0.0,AGI
2013-07-22 00:00:00-04:00,12.574182735377798,13.127592499681601,12.419953869771845,12.900785446166992,147200,0.0,0.0,AGI
2013-07-23 00:00:00-04:00,13.182026557702242,13.953170935438562,12.710268305887313,13.154809951782227,123200,0.0,0.0,AGI
2013-07-24 00:00:00-04:00,13.209243321519645,13.254604040557352,12.556038758013663,12.683050155639648,68700,0.0,0.0,AGI
2013-07-25 00:00:00-04:00,12.655833812568495,13.653785225614152,12.655833812568495,13.508628845214844,137500,0.0,0.0,AGI
2013-07-26 00:00:00-04:00,13.436050826248309,13.898736578367645,13.309038559180093,13.626568794250488,104700,0.0,0.0,AGI
2013-07-29 00:00:00-04:00,13.490481435169055,13.889662274567264,13.399759146360458,13.780794143676758,45400,0.0,0.0,AGI
2013-07-30 00:00:00-04:00,13.644710864858046,13.644710864858046,13.318109053736501,13.33625316619873,40000,0.0,0.0,AGI
2013-07-31 00:00:00-04:00,13.318113440037878,13.608426256648915,12.928004943816468,13.354402542114258,134000,0.0,0.0,AGI
2013-08-01 00:00:00-04:00,13.572136049290773,13.699148328814749,12.946148873151989,13.10944938659668,100500,0.0,0.0,AGI
2013-08-02 00:00:00-04:00,12.97336592950967,13.118522331010132,12.800992053827569,12.88264274597168,57600,0.0,0.0,AGI
2013-08-05 00:00:00-04:00,13.290895809609422,13.290895809609422,12.755631776524073,13.027799606323242,31500,0.0,0.0,AGI
2013-08-06 00:00:00-04:00,12.77377312813684,12.782845617885291,12.247580835530085,12.274797439575195,75400,0.0,0.0,AGI
2013-08-07 00:00:00-04:00,12.247577927060346,12.583252181237256,12.220361329478445,12.32015609741211,48300,0.0,0.0,AGI
2013-08-08 00:00:00-04:00,12.565110899712021,13.06408571690184,12.365520453715954,12.991507530212402,45400,0.0,0.0,AGI
2013-08-09 00:00:00-04:00,12.955218152395192,13.517699519487397,12.882639967299436,13.38161563873291,41800,0.0,0.0,AGI
2013-08-12 00:00:00-04:00,13.808013206990744,14.134615041859302,13.735435021464399,13.88059139251709,59400,0.0,0.0,AGI
2013-08-13 00:00:00-04:00,13.753579013722764,14.334205358003485,13.671928339427014,13.8443021774292,72000,0.0,0.0,AGI
2013-08-14 00:00:00-04:00,13.907807126550056,14.815035254127752,13.798939855064752,14.46121597290039,88600,0.0,0.0,AGI
2013-08-15 00:00:00-04:00,14.388634229305202,15.005550345374715,14.08017746907037,14.960187911987305,76000,0.0,0.0,AGI
2013-08-16 00:00:00-04:00,14.996480649286825,15.250503401926021,14.642660524624736,15.087202072143555,77700,0.0,0.0,AGI
2013-08-19 00:00:00-04:00,15.141635450020793,15.141635450020793,14.887610993023904,15.078129768371582,37500,0.0,0.0,AGI
2013-08-20 00:00:00-04:00,15.05998726033497,15.459168120887552,14.914830898388635,15.304939270019531,35600,0.0,0.0,AGI
2013-08-21 00:00:00-04:00,15.04184398535711,15.087204704700438,14.579157380372962,14.769676208496094,56000,0.0,0.0,AGI
2013-08-22 00:00:00-04:00,14.80596146649523,14.932972839487167,14.397709017935268,14.642660140991211,63700,0.0,0.0,AGI
2013-08-23 00:00:00-04:00,14.40678344194042,14.724312782287598,14.207193002304916,14.724312782287598,109200,0.0,0.0,AGI
2013-08-26 00:00:00-04:00,14.796889888960333,14.887613045423421,14.470288083053472,14.815034866333008,167600,0.0,0.0,AGI
2013-08-27 00:00:00-04:00,14.878541020425594,15.422878245768064,14.824107817011448,14.923903465270996,547800,0.0,0.0,AGI
2013-08-28 00:00:00-04:00,15.096273713188914,15.22328681277977,14.624516457451854,14.787816047668457,141300,0.0,0.0,AGI
2013-08-29 00:00:00-04:00,14.824111012916516,14.932977443215137,14.424930064219913,14.86039924621582,81900,0.0,0.0,AGI
2013-08-30 00:00:00-04:00,14.633587976004677,15.050913787108211,14.624517218076532,14.796889305114746,35600,0.0,0.0,AGI
2013-09-03 00:00:00-04:00,15.096274266208873,15.168852441319485,14.733383390655812,14.9783353805542,96800,0.0,0.0,AGI
2013-09-04 00:00:00-04:00,14.851328805637824,15.11442412652802,14.796893858915094,15.09627914428711,52200,0.0,0.0,AGI
2013-09-05 00:00:00-04:00,15.014624822826967,15.050914778530876,14.379566171611517,14.588228225708008,48900,0.0,0.0,AGI
2013-09-06 00:00:00-04:00,14.860396298672853,15.250504679066891,14.860396298672853,15.241432189941406,72800,0.0,0.0,AGI
2013-09-09 00:00:00-04:00,15.314008230544509,15.314008230544509,14.733382850929589,14.787816047668457,79200,0.0,0.0,AGI
2013-09-10 00:00:00-04:00,14.542870611312418,14.542870611312418,13.472340915466745,13.87152099609375,159000,0.0,0.0,AGI
2013-09-11 00:00:00-04:00,13.971313167497499,14.15275948970411,13.835229291042728,13.944096565246582,102900,0.0,0.0,AGI
2013-09-12 00:00:00-04:00,13.499554383518005,13.608421652917325,13.1457351090701,13.426976203918457,88000,0.0,0.0,AGI
2013-09-13 00:00:00-04:00,13.28182293341286,13.898737603472776,13.254605460833485,13.87152099609375,53200,0.0,0.0,AGI
2013-09-16 00:00:00-04:00,14.397714736234304,14.633593464845504,13.971317142067193,14.062040328979492,364900,0.0,0.0,AGI
2013-09-17 00:00:00-04:00,14.125544409319836,14.279773290138385,13.76265343398227,14.216267585754395,281700,0.0,0.0,AGI
2013-09-18 00:00:00-04:00,14.10740319582078,15.422884333586593,13.626572338265106,15.323088645935059,517000,0.0,0.0,AGI
2013-09-19 00:00:00-04:00,15.577110195755532,15.767627310799389,15.005557120223276,15.413808822631836,1026700,0.0,0.0,AGI
2013-09-20 00:00:00-04:00,15.41380649853003,15.468239704563569,14.316060371251305,14.47028923034668,7794200,0.0,0.0,AGI
2013-09-23 00:00:00-04:00,14.052963505931645,14.452144367072211,13.771723270546405,14.125541687011719,569100,0.0,0.0,AGI
2013-09-24 00:00:00-04:00,14.007602233518663,14.624518516623098,13.871518357310459,14.279770851135254,299900,0.0,0.0,AGI
2013-09-25 00:00:00-04:00,14.443070121578941,14.887611642929535,14.306986264904289,14.751527786254883,449600,0.0,0.0,AGI
2013-09-26 00:00:00-04:00,14.851327520522513,14.851327520522513,14.143688847967175,14.406785011291504,301500,0.0,0.0,AGI
2013-09-27 00:00:00-04:00,14.506575576963922,14.669876894555276,14.071106550320374,14.297913551330566,161400,0.0,0.0,AGI
2013-09-30 00:00:00-04:00,14.198121664668225,14.515651895972738,13.998532074042798,14.089254379272461,210600,0.0,0.0,AGI
2013-10-01 00:00:00-04:00,13.835229291042728,14.116470398302825,13.690072925437587,13.944096565246582,268400,0.0,0.0,AGI
2013-10-02 00:00:00-04:00,13.980390283620277,14.524727699994523,13.944101180208692,14.03482437133789,307700,0.0,0.0,AGI
2013-10-03 00:00:00-04:00,13.9440954748124,14.270697271883565,13.744505055113295,13.780794143676758,257900,0.0,0.0,AGI
2013-10-04 00:00:00-04:00,13.798940475243489,13.907807751621718,13.499555248903311,13.681000709533691,197800,0.0,0.0,AGI
2013-10-07 00:00:00-04:00,13.726365921724678,14.170907634153991,13.681004328268529,14.062040328979492,157600,0.0,0.0,AGI
2013-10-08 00:00:00-04:00,14.034821404753837,14.062038010259547,13.399761796685398,13.581207275390625,275400,0.0,0.0,AGI
2013-10-09 00:00:00-04:00,13.490485211549728,13.86244868974869,13.227389029516292,13.699148178100586,262200,0.0,0.0,AGI
2013-10-10 00:00:00-04:00,13.607818318275893,13.872668445405775,13.33383608887608,13.397765159606934,225300,0.1,0.0,AGI
2013-10-11 00:00:00-04:00,13.242506117205647,13.370365110506505,12.959390085956649,13.16944408416748,175300,0.0,0.0,AGI
2013-10-14 00:00:00-04:00,13.498222879502972,13.507355851135708,12.895460687232235,13.059850692749023,89300,0.0,0.0,AGI
2013-10-15 00:00:00-04:00,13.014189622529981,13.443429804828412,12.721941432523378,13.416030883789062,260700,0.0,0.0,AGI
2013-10-16 00:00:00-04:00,13.37950030031341,13.50735932313287,12.858932976991918,12.92286205291748,193500,0.0,0.0,AGI
2013-10-17 00:00:00-04:00,13.598685012574784,13.836136198976558,13.397763973956494,13.717411041259766,355200,0.0,0.0,AGI
2013-10-18 00:00:00-04:00,13.70827895349855,13.80873904380683,13.489092826843262,13.489092826843262,136700,0.0,0.0,AGI
2013-10-21 00:00:00-04:00,13.607819274465433,14.018794389379943,13.416031177828105,13.92746639251709,112900,0.0,0.0,AGI
2013-10-22 00:00:00-04:00,14.155783020124016,14.859006207575545,14.000525975387136,14.639820098876953,325900,0.0,0.0,AGI
2013-10-23 00:00:00-04:00,14.65808542998534,14.65808542998534,13.827004921595007,13.890933990478516,245600,0.0,0.0,AGI
2013-10-24 00:00:00-04:00,14.183182398895735,14.63068850158858,14.128386302055471,14.475431442260742,873800,0.0,0.0,AGI
2013-10-25 00:00:00-04:00,14.457164982866384,14.93206911712335,14.283642854406786,14.712882995605469,144800,0.0,0.0,AGI
2013-10-28 00:00:00-04:00,14.804213415343385,14.932073328744295,14.457169060539638,14.749417304992676,128900,0.0,0.0,AGI
2013-10-29 00:00:00-04:00,14.785943420431725,14.895535598247156,14.292773394453501,14.320172309875488,154100,0.0,0.0,AGI
2013-10-30 00:00:00-04:00,14.612420349134354,14.82247347358846,14.000525177336902,14.393234252929688,235300,0.0,0.0,AGI
2013-10-31 00:00:00-04:00,14.329305869180937,14.712882885416855,13.900066602165161,14.585023880004883,299400,0.0,0.0,AGI
2013-11-01 00:00:00-04:00,14.210577816583351,14.301904912468833,13.279035690162358,13.507354736328125,439400,0.0,0.0,AGI
2013-11-04 00:00:00-05:00,13.516490126526367,13.827004224245679,13.269905094466372,13.772207260131836,249700,0.0,0.0,AGI
2013-11-05 00:00:00-05:00,13.562153581617832,13.644347718084761,12.822399385670174,13.005054473876953,191700,0.0,0.0,AGI
2013-11-06 00:00:00-05:00,13.151178642698394,13.196842632833297,12.630611419677734,12.630611419677734,159800,0.0,0.0,AGI
2013-11-07 00:00:00-05:00,12.530148358341723,12.831529402204762,12.283563392834894,12.402289390563965,210500,0.0,0.0,AGI
2013-11-08 00:00:00-05:00,12.219636180201359,12.70367234291573,12.018715163785394,12.676274299621582,279200,0.0,0.0,AGI
2013-11-11 00:00:00-05:00,12.621478540703801,12.648877457568068,12.265301331150113,12.557549476623535,154100,0.0,0.0,AGI
2013-11-12 00:00:00-05:00,12.447954435508926,12.630609497279995,11.899988379227679,12.055245399475098,179100,0.0,0.0,AGI
2013-11-13 00:00:00-05:00,12.036983772768764,12.31096600833235,11.890859681543308,12.04611587524414,142300,0.0,0.0,AGI
2013-11-14 00:00:00-05:00,12.137440276745984,12.530149308953227,12.137440276745984,12.502750396728516,146100,0.0,0.0,AGI
2013-11-15 00:00:00-05:00,12.502753866482959,12.52101981303525,12.210505689392448,12.265302658081055,144900,0.0,0.0,AGI
2013-11-18 00:00:00-05:00,12.26530219363135,12.603214353338613,12.237903274840425,12.329231262207031,156400,0.0,0.0,AGI
2013-11-19 00:00:00-05:00,12.34750097407431,12.457094069759357,12.027853791766546,12.073517799377441,124000,0.0,0.0,AGI
2013-11-20 00:00:00-05:00,11.954785682130728,12.10090973581206,11.626005690379671,11.662537574768066,215900,0.0,0.0,AGI
2013-11-21 00:00:00-05:00,11.580343335030017,11.607741379147082,11.306360280955,11.507281303405762,219300,0.0,0.0,AGI
2013-11-22 00:00:00-05:00,11.626008437965604,11.817796521489832,11.278964163939161,11.333760261535645,198100,0.0,0.0,AGI
2013-11-25 00:00:00-05:00,11.123707671779126,11.58034590630578,10.9684506023626,11.525548934936523,212700,0.0,0.0,AGI
2013-11-26 00:00:00-05:00,11.525547472385313,11.55294551910907,11.178502353667657,11.260697364807129,204300,0.0,0.0,AGI
2013-11-27 00:00:00-05:00,11.370292230735032,11.434222177880653,11.17850413123485,11.205903053283691,149400,0.0,0.0,AGI
2013-11-29 00:00:00-05:00,11.415953283049948,11.790396411379088,11.370289295724126,11.70820140838623,99100,0.0,0.0,AGI
2013-12-02 00:00:00-05:00,11.58034370228657,11.58034370228657,10.493544423215043,10.53920841217041,368500,0.0,0.0,AGI
2013-12-03 00:00:00-05:00,10.457015718731272,10.767529867133758,10.283493567489591,10.5757417678833,250900,0.0,0.0,AGI
2013-12-04 00:00:00-05:00,10.648803585079865,11.205902793606382,10.43875041338308,11.12370777130127,406800,0.0,0.0,AGI
2013-12-05 00:00:00-05:00,10.840593093180713,10.877124122192681,10.612273944113802,10.630539894104004,270000,0.0,0.0,AGI
2013-12-06 00:00:00-05:00,10.730994677351804,10.785791629142926,10.438746590380493,10.493542671203613,274700,0.0,0.0,AGI
2013-12-09 00:00:00-05:00,10.365687462622374,10.76752869439753,10.365687462622374,10.721864700317383,232000,0.0,0.0,AGI
2013-12-10 00:00:00-05:00,11.00497759480832,11.278960609349173,10.90451666259481,11.014110565185547,203000,0.0,0.0,AGI
2013-12-11 00:00:00-05:00,11.068912612120128,11.315497719416987,10.721867389425546,10.767531394958496,301600,0.0,0.0,AGI
2013-12-12 00:00:00-05:00,10.530075647978252,10.895386695861816,10.447880640430247,10.895386695861816,270100,0.0,0.0,AGI
2013-12-13 00:00:00-05:00,11.032379028702055,11.187636089002405,10.840590946623282,10.977582931518555,262000,0.0,0.0,AGI
2013-12-16 00:00:00-05:00,10.849723511707726,11.251564736155466,10.794926545617102,10.867988586425781,286700,0.0,0.0,AGI
2013-12-17 00:00:00-05:00,10.813191780564775,10.895386788814013,10.730996772315535,10.822324752807617,192600,0.0,0.0,AGI
2013-12-18 00:00:00-05:00,10.922786941335001,11.032380016482643,10.52094566579365,10.5757417678833,423800,0.0,0.0,AGI
2013-12-19 00:00:00-05:00,10.447882064127176,10.502679033615562,10.173899829590091,10.457015037536621,333400,0.0,0.0,AGI
2013-12-20 00:00:00-05:00,10.475278639043616,10.648800740131763,10.301755666987383,10.42048168182373,1213300,0.0,0.0,AGI
2013-12-23 00:00:00-05:00,10.457013406244378,10.657934435067107,10.429615361258417,10.53920841217041,323500,0.0,0.0,AGI
2013-12-24 00:00:00-05:00,10.511809718329431,10.922783851623535,10.457012760771775,10.922783851623535,103700,0.0,0.0,AGI
2013-12-26 00:00:00-05:00,11.05977578333787,11.26982978721438,10.99584672044718,11.096306800842285,76900,0.0,0.0,AGI
2013-12-27 00:00:00-05:00,11.196770263531715,11.196770263531715,10.75839708418774,10.959318161010742,420200,0.0,0.0,AGI
2013-12-30 00:00:00-05:00,10.858859406024399,10.931921466489737,10.703602309793443,10.767531394958496,355900,0.0,0.0,AGI
2013-12-31 00:00:00-05:00,10.657936717085365,11.123707936415796,10.639670769204955,11.078043937683105,342700,0.0,0.0,AGI
2014-01-02 00:00:00-05:00,11.269829877720502,11.507281928890226,11.16023682432713,11.324625968933105,281100,0.0,0.0,AGI
2014-01-03 00:00:00-05:00,11.434221225409644,11.461619274207886,11.269831190683657,11.333760261535645,447600,0.0,0.0,AGI
2014-01-06 00:00:00-05:00,11.434217758652098,11.452482828657022,11.059773807419099,11.242429733276367,449300,0.0,0.0,AGI
2014-01-07 00:00:00-05:00,11.141972801826588,11.224167823791504,10.895388606900156,11.224167823791504,418500,0.0,0.0,AGI
2014-01-08 00:00:00-05:00,11.1419731305915,11.26069918015869,11.078044054273914,11.132840156555176,264700,0.0,0.0,AGI
2014-01-09 00:00:00-05:00,11.141972049941435,11.141972049941435,10.831457930569634,10.877121925354004,445600,0.0,0.0,AGI
2014-01-10 00:00:00-05:00,11.078043773246392,11.205902793606382,10.95931772669104,11.12370777130127,199500,0.0,0.0,AGI
2014-01-13 00:00:00-05:00,11.114571919338214,11.671670112633832,10.922783873946594,11.626006126403809,215700,0.0,0.0,AGI
2014-01-14 00:00:00-05:00,11.562078427125298,11.653406410318897,11.215033310345095,11.233299255371094,233400,0.0,0.0,AGI
2014-01-15 00:00:00-05:00,11.215035060404428,11.443354183048475,11.05977798732901,11.40682315826416,209500,0.0,0.0,AGI
2014-01-16 00:00:00-05:00,10.201293948599686,10.201293948599686,9.324548871346881,9.452407836914062,849800,0.0,0.0,AGI
2014-01-17 00:00:00-05:00,9.498074616032579,9.635066604446529,9.205826434298741,9.297154426574707,583700,0.0,0.0,AGI
2014-01-21 00:00:00-05:00,9.315419460579664,9.406747452445146,9.205826392922054,9.397614479064941,471900,0.0,0.0,AGI
2014-01-22 00:00:00-05:00,9.37934869197652,9.406746739071083,9.032303568561943,9.077966690063477,450000,0.0,0.0,AGI
2014-01-23 00:00:00-05:00,9.205823430641528,9.306283492592561,8.466070244250835,8.493468284606934,880400,0.0,0.0,AGI
2014-01-24 00:00:00-05:00,8.520867842324586,8.603062848997839,8.10989367992648,8.283415794372559,721500,0.0,0.0,AGI
2014-01-27 00:00:00-05:00,8.447806063598133,8.630461155644456,8.164690017700195,8.164690017700195,499700,0.0,0.0,AGI
2014-01-28 00:00:00-05:00,8.256018114381895,8.356478198666784,8.164690131600585,8.292549133300781,391100,0.0,0.0,AGI
2014-01-29 00:00:00-05:00,8.383876131685373,8.475203232775275,8.100760115080062,8.3930082321167,446900,0.0,0.0,AGI
2014-01-30 00:00:00-05:00,8.237756173567256,8.420411337633027,8.173826212917843,8.402145385742188,292100,0.0,0.0,AGI
2014-01-31 00:00:00-05:00,8.466072401027152,8.55739951580288,8.274284327739435,8.374744415283203,266500,0.0,0.0,AGI
2014-02-03 00:00:00-05:00,8.502606133516089,8.676128316622398,8.31081799904675,8.319950103759766,412800,0.0,0.0,AGI
2014-02-04 00:00:00-05:00,8.338213081481914,8.484337156400226,8.210354080444297,8.466072082519531,260700,0.0,0.0,AGI
2014-02-05 00:00:00-05:00,8.530001733383568,8.593930802808847,8.25601863861084,8.25601863861084,193600,0.0,0.0,AGI
2014-02-06 00:00:00-05:00,8.310814962305436,8.374744026779604,8.137291971635292,8.164690017700195,230700,0.0,0.0,AGI
2014-02-07 00:00:00-05:00,8.219488137564102,8.447807252496439,8.18295711401366,8.420409202575684,227800,0.0,0.0,AGI
2014-02-10 00:00:00-05:00,8.493470843959928,8.84964808882076,8.466072795347923,8.71265697479248,405700,0.0,0.0,AGI
2014-02-11 00:00:00-05:00,8.840515039773287,9.32455124459679,8.813116123127456,9.214958190917969,735800,0.0,0.0,AGI
2014-02-12 00:00:00-05:00,9.260624839617526,9.260624839617526,8.75832254615975,8.803986549377441,473600,0.0,0.0,AGI
2014-02-13 00:00:00-05:00,8.803984088811049,9.014037225550306,8.785718144241631,8.940975189208984,388200,0.0,0.0,AGI
2014-02-14 00:00:00-05:00,9.178428147460473,9.635066355085687,9.141897125689185,9.54373836517334,608600,0.0,0.0,AGI
2014-02-18 00:00:00-05:00,9.653330676940785,9.781189678643647,9.351949553111647,9.59853458404541,349800,0.0,0.0,AGI
2014-02-19 00:00:00-05:00,9.488941637841432,9.516339684608331,9.178427537922556,9.224091529846191,388000,0.0,0.0,AGI
2014-02-20 00:00:00-05:00,9.406744918439113,9.406744918439113,8.977504865850062,9.105363845825195,493900,0.0,0.0,AGI
2014-02-21 00:00:00-05:00,9.772057504416548,9.78119047763455,8.913578054194586,9.041436195373535,660000,0.0,0.0,AGI
2014-02-24 00:00:00-05:00,9.151030110752997,9.187561132571703,8.88617911385704,8.913578033447266,264000,0.0,0.0,AGI
2014-02-25 00:00:00-05:00,8.877048606138382,8.913579634518852,8.703525568104835,8.803986549377441,255300,0.0,0.0,AGI
2014-02-26 00:00:00-05:00,8.71265577042384,8.71265577042384,8.447805681203223,8.530000686645508,403100,0.0,0.0,AGI
2014-02-27 00:00:00-05:00,8.557399854448738,8.895312021524546,8.548266881319275,8.685258865356445,328700,0.0,0.0,AGI
2014-02-28 00:00:00-05:00,8.657860006600211,8.794851991596753,8.557399914377356,8.71265697479248,209500,0.0,0.0,AGI
2014-03-03 00:00:00-05:00,8.995770685172578,9.01403575579567,8.84964576534769,8.877044677734375,254300,0.0,0.0,AGI
2014-03-04 00:00:00-05:00,8.858781065235073,8.968374130691195,8.831383016613108,8.913578033447266,169400,0.0,0.0,AGI
2014-03-05 00:00:00-05:00,8.940975033168717,9.050568085768054,8.849647053851859,8.986639022827148,227800,0.0,0.0,AGI
2014-03-06 00:00:00-05:00,9.014036308121263,9.21495732309468,8.97750529366865,9.141895294189453,215100,0.0,0.0,AGI
2014-03-07 00:00:00-05:00,8.968371961356752,9.205823981225876,8.931840948374429,9.13276195526123,259800,0.0,0.0,AGI
2014-03-10 00:00:00-04:00,9.114496380123928,9.269753409289558,9.032302250831613,9.141895294189453,211200,0.0,0.0,AGI
2014-03-11 00:00:00-04:00,9.205824786946396,9.242355803126019,9.096231738407527,9.178426742553711,244800,0.0,0.0,AGI
2014-03-12 00:00:00-04:00,9.224088815452061,9.452407836914062,9.205822875670487,9.452407836914062,313300,0.0,0.0,AGI
2014-03-13 00:00:00-04:00,9.479806846346369,10.12823296853571,9.406744821674446,9.954710006713867,450200,0.0,0.0,AGI
2014-03-14 00:00:00-04:00,10.09170613536809,10.256095323472604,9.826855968510847,9.93644905090332,387600,0.0,0.0,AGI
2014-03-17 00:00:00-04:00,9.936446584217576,9.936446584217576,9.242356363735484,9.269754409790039,624300,0.0,0.0,AGI
2014-03-18 00:00:00-04:00,9.224094510111515,9.42501474594285,9.059704434459983,9.151032447814941,359300,0.0,0.0,AGI
2014-03-19 00:00:00-04:00,9.032302984996528,9.105365019840395,8.730921873523544,8.785717964172363,435600,0.0,0.0,AGI
2014-03-20 00:00:00-04:00,8.721790308652947,9.02317146875261,8.676126311765783,8.922711372375488,384700,0.0,0.0,AGI
2014-03-21 00:00:00-04:00,8.986640358980685,9.242357519733062,8.977507385497457,9.123631477355957,2289400,0.0,0.0,AGI
2014-03-24 00:00:00-04:00,8.995773172281144,9.08710029258235,8.92271112765287,8.968374252319336,494200,0.0,0.0,AGI
2014-03-25 00:00:00-04:00,9.004904160072993,9.09623214003857,8.977506114470586,9.014037132263184,310000,0.0,0.0,AGI
2014-03-26 00:00:00-04:00,9.023171851576643,9.096233901308572,8.657860731948661,8.730923652648926,536800,0.0,0.0,AGI
2014-03-27 00:00:00-04:00,8.767451597502474,8.950106657665435,8.539132554556764,8.575663566589355,396300,0.0,0.0,AGI
2014-03-28 00:00:00-04:00,8.57566819703122,8.584800301744236,8.219489984168588,8.319950103759766,855100,0.0,0.0,AGI
2014-03-31 00:00:00-04:00,8.40214303427108,8.456940003639286,8.201221974545371,8.237753868103027,370000,0.0,0.0,AGI
2014-04-01 00:00:00-04:00,8.520867218804273,8.56653120483327,8.274283087796633,8.3930082321167,392500,0.0,0.0,AGI
2014-04-02 00:00:00-04:00,8.520869606443377,8.84051672724682,8.520869606443377,8.730923652648926,728400,0.0,0.0,AGI
2014-04-03 00:00:00-04:00,8.676127514561587,8.858782656463937,8.584799508126203,8.803986549377441,358100,0.0,0.0,AGI
2014-04-04 00:00:00-04:00,9.059701311310338,9.087099357484508,8.813116282838262,8.867913246154785,277000,0.0,0.0,AGI
2014-04-07 00:00:00-04:00,8.895313262939453,9.068836292742798,8.721791104104486,8.895313262939453,257100,0.0,0.0,AGI
2014-04-08 00:00:00-04:00,9.06883396520723,9.151028971811357,8.877045906786988,8.959240913391113,279800,0.0,0.0,AGI
2014-04-09 00:00:00-04:00,9.004904160072993,9.050568150055781,8.758320007714998,9.014037132263184,161500,0.0,0.0,AGI
2014-04-10 00:00:00-04:00,9.077967635434904,9.077967635434904,8.685259349622504,8.749188423156738,438000,0.0,0.0,AGI
2014-04-11 00:00:00-04:00,8.813791115482234,8.813791115482234,8.416939514045636,8.490772247314453,254500,0.1,0.0,AGI
2014-04-14 00:00:00-04:00,8.693813185320874,8.841478660035815,8.55537702281453,8.583064079284668,186300,0.0,0.0,AGI
2014-04-15 00:00:00-04:00,8.45385765299964,8.712272273616158,8.380024904252064,8.647668838500977,270400,0.0,0.0,AGI
2014-04-16 00:00:00-04:00,8.66612804439538,8.721502169575448,8.407712526368897,8.555378913879395,161000,0.0,0.0,AGI
2014-04-17 00:00:00-04:00,8.619979462809743,8.629208773963548,8.370793342590332,8.370793342590332,152400,0.0,0.0,AGI
2014-04-21 00:00:00-04:00,8.352335730717673,8.463084825824131,8.278503000646703,8.453855514526367,259000,0.0,0.0,AGI
2014-04-22 00:00:00-04:00,8.36156562408244,8.481543158682992,8.343107000201966,8.416939735412598,232500,0.0,0.0,AGI
2014-04-23 00:00:00-04:00,8.407711008297403,8.647667854500728,8.3338782679511,8.592293739318848,189100,0.0,0.0,AGI
2014-04-24 00:00:00-04:00,8.5276897902692,8.758417333600006,8.3431079316357,8.389253616333008,718400,0.0,0.0,AGI
2014-04-25 00:00:00-04:00,8.499999710572657,8.739956481592289,8.407708373978826,8.70304012298584,274500,0.0,0.0,AGI
2014-04-28 00:00:00-04:00,8.638439301703235,8.693814301911257,8.444628121208815,8.481544494628906,199500,0.0,0.0,AGI
2014-04-29 00:00:00-04:00,8.546149740939134,8.795335068681352,8.509233363490068,8.749189376831055,154800,0.0,0.0,AGI
2014-04-30 00:00:00-04:00,8.63843690149287,8.786103234299558,8.546146433663655,8.601520538330078,169900,0.0,0.0,AGI
2014-05-01 00:00:00-04:00,8.555376774049254,8.555376774049254,8.416939735412598,8.416939735412598,138800,0.0,0.0,AGI
2014-05-02 00:00:00-04:00,8.453856691052763,8.610751484327578,8.416940320879613,8.592293739318848,468700,0.0,0.0,AGI
2014-05-05 00:00:00-04:00,8.684584736294555,8.693814049420476,8.463086502206888,8.527689933776855,231600,0.0,0.0,AGI
2014-05-06 00:00:00-04:00,8.592292066594108,8.592292066594108,8.472313666849525,8.546146392822266,144100,0.0,0.0,AGI
2014-05-07 00:00:00-04:00,8.5000006401568,8.527687692100718,8.14929475496363,8.278502464294434,285200,0.0,0.0,AGI
2014-05-08 00:00:00-04:00,8.361565847885272,8.39848221647868,8.26927448632393,8.343107223510742,148300,0.0,0.0,AGI
2014-05-09 00:00:00-04:00,8.343106000357652,8.35233531119184,8.066232836420665,8.176981925964355,195400,0.0,0.0,AGI
2014-05-12 00:00:00-04:00,8.296962477975939,8.398483163168109,8.223129732466589,8.315421104431152,167600,0.0,0.0,AGI
2014-05-13 00:00:00-04:00,8.324651773139141,8.343109522444028,8.084694871084352,8.112381935119629,123900,0.0,0.0,AGI
2014-05-14 00:00:00-04:00,8.204672718385176,8.223130466331881,8.093923590237454,8.149297714233398,209600,0.0,0.0,AGI
2014-05-15 00:00:00-04:00,8.112378943794416,8.140065997620482,8.020087590833432,8.029316902160645,124800,0.0,0.0,AGI
2014-05-16 00:00:00-04:00,8.066232143842543,8.066232143842543,7.80781762376177,7.918566703796387,401300,0.0,0.0,AGI
2014-05-19 00:00:00-04:00,8.038545957521357,8.121607996510237,7.95548391853248,8.047775268554688,97000,0.0,0.0,AGI
2014-05-20 00:00:00-04:00,7.946253523395977,8.00162850188563,7.918566474228862,7.964712142944336,160300,0.0,0.0,AGI
2014-05-21 00:00:00-04:00,8.020085481099397,8.020085481099397,7.74321325536057,7.826274394989014,287900,0.0,0.0,AGI
2014-05-22 00:00:00-04:00,7.927795638879046,7.992399045804844,7.835504303137556,7.881649971008301,156500,0.0,0.0,AGI
2014-05-23 00:00:00-04:00,7.890881043646358,7.918568098492667,7.807818998951827,7.863193988800049,132800,0.0,0.0,AGI
2014-05-27 00:00:00-04:00,7.817049282190319,7.817049282190319,7.494030374931889,7.558633804321289,563700,0.0,0.0,AGI
2014-05-28 00:00:00-04:00,7.567863919292081,7.817050110759219,7.567863919292081,7.807820796966553,463400,0.0,0.0,AGI
2014-05-29 00:00:00-04:00,7.770902467675091,7.835505887665254,7.6324663162231445,7.6324663162231445,200300,0.0,0.0,AGI
2014-05-30 00:00:00-04:00,7.669382681954036,7.669382681954036,7.3832801874229395,7.6324663162231445,410500,0.0,0.0,AGI
2014-06-02 00:00:00-04:00,7.549405829641579,7.761674756315722,7.475573082958767,7.650925636291504,277000,0.0,0.0,AGI
2014-06-03 00:00:00-04:00,7.697071671337738,7.724758732557827,7.595550979937733,7.660155296325684,188900,0.0,0.0,AGI
2014-06-04 00:00:00-04:00,7.706299084763008,7.7155275161234425,7.632466352945986,7.687840461730957,252800,0.0,0.0,AGI
2014-06-05 00:00:00-04:00,7.752445794366364,7.853966485774075,7.715529419351507,7.807820796966553,240000,0.0,0.0,AGI
2014-06-06 00:00:00-04:00,7.881652019466404,8.020088178903084,7.780132227889882,7.992401123046875,205800,0.0,0.0,AGI
2014-06-09 00:00:00-04:00,8.066233858767188,8.066233858767188,7.937027011334457,7.992401123046875,226500,0.0,0.0,AGI
2014-06-10 00:00:00-04:00,8.029316473239437,8.213898289145584,8.020087162405247,8.176981925964355,294600,0.0,0.0,AGI
2014-06-11 00:00:00-04:00,8.278503576931572,8.416939735412598,8.195441529780705,8.416939735412598,256200,0.0,0.0,AGI
2014-06-12 00:00:00-04:00,8.444628229149286,8.832250595092773,8.444628229149286,8.832250595092773,414500,0.0,0.0,AGI
2014-06-13 00:00:00-04:00,8.869165145631305,8.878394457245847,8.527688537293649,8.859936714172363,472800,0.0,0.0,AGI
2014-06-16 00:00:00-04:00,8.859937179952246,8.859937179952246,8.638438090336706,8.739958763122559,267900,0.0,0.0,AGI
2014-06-17 00:00:00-04:00,8.629209518432617,8.739958621366288,8.564605214937918,8.629209518432617,262900,0.0,0.0,AGI
2014-06-18 00:00:00-04:00,8.601523494680773,8.693814874386137,8.564607118829793,8.656898498535156,303400,0.0,0.0,AGI
2014-06-19 00:00:00-04:00,8.841476766373601,9.515201450657138,8.832247456141731,9.459826469421387,656800,0.0,0.0,AGI
2014-06-20 00:00:00-04:00,9.422912356973477,9.552120090582452,9.173726202189531,9.25678825378418,432400,0.0,0.0,AGI
2014-06-23 00:00:00-04:00,9.32139315763473,9.32139315763473,9.09989404581168,9.21987247467041,223500,0.0,0.0,AGI
2014-06-24 00:00:00-04:00,9.330620962810425,9.55212005973269,8.970686580603635,8.989144325256348,366700,0.0,0.0,AGI
2014-06-25 00:00:00-04:00,9.007600665343599,9.118349745636088,8.804560244729645,8.952225685119629,240900,0.0,0.0,AGI
2014-06-26 00:00:00-04:00,8.906080750432135,9.044517772346605,8.85993595661617,9.0260591506958,215100,0.0,0.0,AGI
2014-06-27 00:00:00-04:00,9.081432969797298,9.229098403427269,8.979912324060136,9.09989070892334,211400,0.0,0.0,AGI
2014-06-30 00:00:00-04:00,9.007603764134938,9.37676749210942,8.878396019265992,9.358309745788574,286500,0.0,0.0,AGI
2014-07-01 00:00:00-04:00,9.312160429882981,9.404450885824007,9.062974350515846,9.09989070892334,227000,0.0,0.0,AGI
2014-07-02 00:00:00-04:00,9.136807471617232,9.487513332084186,9.136807471617232,9.321390151977539,206600,0.0,0.0,AGI
2014-07-03 00:00:00-04:00,9.229099019561934,9.293702431049118,9.072204265816943,9.247557640075684,113900,0.0,0.0,AGI
2014-07-07 00:00:00-04:00,9.136808355216763,9.146037666158414,8.933768795433659,9.08143424987793,259400,0.0,0.0,AGI
2014-07-08 00:00:00-04:00,9.146039730781306,9.21987247467041,8.93377081213906,9.21987247467041,282100,0.0,0.0,AGI
2014-07-09 00:00:00-04:00,9.256786997252986,9.533660171600046,9.247558566227344,9.48751449584961,449400,0.0,0.0,AGI
2014-07-10 00:00:00-04:00,9.625952068284379,9.73670116826457,9.16449704495578,9.182954788208008,392500,0.0,0.0,AGI
2014-07-11 00:00:00-04:00,9.219872687681328,9.385996805347721,9.13681062884813,9.358309745788574,209700,0.0,0.0,AGI
2014-07-14 00:00:00-04:00,9.03529166112433,9.11835372765608,8.952229594592577,9.007604598999023,305600,0.0,0.0,AGI
2014-07-15 00:00:00-04:00,9.035287350443888,9.13680711657277,8.66612376437939,8.70304012298584,315300,0.0,0.0,AGI
2014-07-16 00:00:00-04:00,8.85993888287427,8.887625944339428,8.730731129110502,8.841480255126953,250500,0.0,0.0,AGI
2014-07-17 00:00:00-04:00,8.915310749697674,9.164496880292555,8.776874597248693,9.04451847076416,305800,0.0,0.0,AGI
2014-07-18 00:00:00-04:00,8.979916442608564,9.026062131821039,8.73996044298416,8.841480255126953,257100,0.0,0.0,AGI
2014-07-21 00:00:00-04:00,8.74918673510906,8.88762376886039,8.703041937347548,8.859936714172363,134800,0.0,0.0,AGI
2014-07-22 00:00:00-04:00,8.869166374206543,8.915312058515848,8.804562944266948,8.869166374206543,195300,0.0,0.0,AGI
2014-07-23 00:00:00-04:00,8.933769916438878,8.952227660482713,8.666126026635927,8.739958763122559,309200,0.0,0.0,AGI
2014-07-24 00:00:00-04:00,8.703038855043642,8.703038855043642,8.509227780557184,8.536914825439453,308600,0.0,0.0,AGI
2014-07-25 00:00:00-04:00,8.500003681129535,8.721501936235414,8.500003681129535,8.656898498535156,307300,0.0,0.0,AGI
2014-07-28 00:00:00-04:00,8.61075177429244,8.887624999992553,8.592294028662153,8.869166374206543,175600,0.0,0.0,AGI
2014-07-29 00:00:00-04:00,8.896854634232286,8.933771006981974,8.795333949053829,8.82302188873291,102100,0.0,0.0,AGI
2014-07-30 00:00:00-04:00,8.832249751678052,8.832249751678052,8.53691878874429,8.675354957580566,171100,0.0,0.0,AGI
2014-07-31 00:00:00-04:00,8.39848340122278,8.453857521846492,8.167755844927163,8.241588592529297,448900,0.0,0.0,AGI
2014-08-01 00:00:00-04:00,8.426170482281195,8.869166968984734,8.426170482281195,8.832250595092773,330800,0.0,0.0,AGI
2014-08-04 00:00:00-04:00,8.841478412349913,8.887624091944517,8.610750894532522,8.629209518432617,186100,0.0,0.0,AGI
2014-08-05 00:00:00-04:00,8.693811276014197,8.693811276014197,8.380021771080553,8.610749244689941,209300,0.0,0.0,AGI
2014-08-06 00:00:00-04:00,8.675357053608014,8.887626894619318,8.675357053608014,8.813794136047363,221500,0.0,0.0,AGI
2014-08-07 00:00:00-04:00,8.795332908630371,8.896853581799675,8.666126059368564,8.795332908630371,159700,0.0,0.0,AGI
2014-08-08 00:00:00-04:00,8.841480955083512,9.109124917517551,8.795335262217804,8.887626647949219,378100,0.0,0.0,AGI
2014-08-11 00:00:00-04:00,8.813788269982457,9.035286398279036,8.795329652546746,8.942995071411133,185100,0.0,0.0,AGI
2014-08-12 00:00:00-04:00,8.979914348851779,9.284475474580317,8.979914348851779,9.210641860961914,371500,0.0,0.0,AGI
2014-08-13 00:00:00-04:00,9.266018159640034,9.358309529579282,9.201414728776001,9.21987247467041,178000,0.0,0.0,AGI
2014-08-14 00:00:00-04:00,9.219870277251639,9.321390936020022,8.924539372082942,9.0260591506958,578000,0.0,0.0,AGI
2014-08-15 00:00:00-04:00,8.878396842154539,9.090666665530776,8.813793403810214,9.007604598999023,189800,0.0,0.0,AGI
2014-08-18 00:00:00-04:00,8.942998762282961,9.109122867144263,8.813791907529225,9.072206497192383,180500,0.0,0.0,AGI
2014-08-19 00:00:00-04:00,9.044519541403467,9.044519541403467,8.656897212475055,8.675354957580566,316200,0.0,0.0,AGI
2014-08-20 00:00:00-04:00,8.77687658888713,8.850709337634708,8.647668838500977,8.647668838500977,235200,0.0,0.0,AGI
2014-08-21 00:00:00-04:00,8.536917141600314,8.573833504844256,8.296960340436925,8.361564636230469,450700,0.0,0.0,AGI
2014-08-22 00:00:00-04:00,8.361566196116557,8.426169623806622,8.278504143283222,8.352336883544922,206000,0.0,0.0,AGI
2014-08-25 00:00:00-04:00,8.333876051211599,8.40770877191903,8.158523559570312,8.158523559570312,179300,0.0,0.0,AGI
2014-08-26 00:00:00-04:00,8.269273996835764,8.34310672965215,8.223128318786621,8.223128318786621,124000,0.0,0.0,AGI
2014-08-27 00:00:00-04:00,8.250815373553866,8.296961051603008,8.130837842843938,8.223128318786621,121900,0.0,0.0,AGI
2014-08-28 00:00:00-04:00,8.278504143283222,8.453856681365837,8.269274830711586,8.352336883544922,137600,0.0,0.0,AGI
2014-08-29 00:00:00-04:00,8.352335497652852,8.518458695599227,8.27850276964212,8.500000953674316,273300,0.0,0.0,AGI
2014-09-02 00:00:00-04:00,8.315420167104602,8.490772697884369,8.278503798511194,8.343107223510742,256800,0.0,0.0,AGI
2014-09-03 00:00:00-04:00,8.3431079316357,8.536919103239807,8.333878618665093,8.389253616333008,326400,0.0,0.0,AGI
2014-09-04 00:00:00-04:00,8.398483047684739,8.776876083255996,8.186213247147363,8.232358932495117,626200,0.0,0.0,AGI
2014-09-05 00:00:00-04:00,8.333878736135585,8.435399419931795,8.12160981575395,8.232358932495117,330700,0.0,0.0,AGI
2014-09-08 00:00:00-04:00,8.17698212245762,8.287731214662616,8.020087355128323,8.075462341308594,403700,0.0,0.0,AGI
2014-09-09 00:00:00-04:00,8.075461410566907,8.16775275017842,7.844733941693566,8.103148460388184,455000,0.0,0.0,AGI
2014-09-10 00:00:00-04:00,8.01086055876506,8.130838986506442,7.807820074883053,7.973944187164307,338400,0.0,0.0,AGI
2014-09-11 00:00:00-04:00,7.87242204549497,8.186211585998535,7.853964303194764,8.186211585998535,336600,0.0,0.0,AGI
2014-09-12 00:00:00-04:00,8.06623201478284,8.06623201478284,7.8631924780457325,7.927795886993408,282200,0.0,0.0,AGI
2014-09-15 00:00:00-04:00,7.918569089643546,8.0754638870035,7.826277721729791,8.03854751586914,247800,0.0,0.0,AGI
2014-09-16 00:00:00-04:00,8.038545977240263,8.167753691557197,7.863193467954573,8.075462341308594,282100,0.0,0.0,AGI
2014-09-17 00:00:00-04:00,8.047774967020365,8.140065433429086,7.733985444888589,7.761672496795654,327800,0.0,0.0,AGI
2014-09-18 00:00:00-04:00,7.844737803742989,7.872424867194906,7.549406779840192,7.678613662719727,356800,0.0,0.0,AGI
2014-09-19 00:00:00-04:00,7.697070592730626,7.724757650070869,7.438656003858438,7.577092170715332,654600,0.0,0.0,AGI
2014-09-22 00:00:00-04:00,7.447883567447346,7.447883567447346,7.244843557016968,7.300218105316162,478000,0.0,0.0,AGI
2014-09-23 00:00:00-04:00,7.420198321971714,7.623238821969957,7.364823760175256,7.4571146965026855,409800,0.0,0.0,AGI
2014-09-24 00:00:00-04:00,7.355592892945855,7.484800176514685,7.309447654567317,7.3463640213012695,281500,0.0,0.0,AGI
2014-09-25 00:00:00-04:00,7.263301670814427,7.521716227090215,7.189468940449916,7.484799861907959,326900,0.0,0.0,AGI
2014-09-26 00:00:00-04:00,7.475571689277818,7.484800120775875,7.290989416904827,7.318676471710205,235400,0.0,0.0,AGI
2014-09-29 00:00:00-04:00,7.383279743496303,7.43865472884096,7.281759523801454,7.355592250823975,430100,0.0,0.0,AGI
2014-09-30 00:00:00-04:00,7.300218342844927,7.438655378213953,7.244843792744,7.3463640213012695,1028000,0.0,0.0,AGI
2014-10-01 00:00:00-04:00,7.364822188399728,7.374051060023928,7.078720126804685,7.226385593414307,371700,0.0,0.0,AGI
2014-10-02 00:00:00-04:00,7.3186747721522405,7.429424285888672,7.272529544833285,7.429424285888672,256400,0.0,0.0,AGI
2014-10-03 00:00:00-04:00,7.272531068315479,7.374050853730618,7.161781971456533,7.180240154266357,423100,0.0,0.0,AGI
2014-10-06 00:00:00-04:00,7.281759579937557,7.410966853223044,7.2079268523458495,7.383279800415039,256700,0.0,0.0,AGI
2014-10-07 00:00:00-04:00,7.4017386730863315,7.4294257268320925,7.087948690038024,7.1248650550842285,333800,0.0,0.0,AGI
2014-10-08 00:00:00-04:00,7.226385710728331,8.260044873931838,7.143323664373078,8.093921661376953,836500,0.0,0.0,AGI
2014-10-09 00:00:00-04:00,8.149296642379484,8.149296642379484,7.752444991930047,7.946256160736084,727200,0.0,0.0,AGI
2014-10-10 00:00:00-04:00,7.834203682952448,8.002278954079713,7.53540151889657,7.759503364562988,449400,0.1,0.0,AGI
2014-10-13 00:00:00-04:00,7.852880072618297,8.34777001519341,7.759505099008821,8.114331245422363,291100,0.0,0.0,AGI
2014-10-14 00:00:00-04:00,8.086318950280337,8.235719622447453,7.880892580801426,8.011618614196777,493900,0.0,0.0,AGI
2014-10-15 00:00:00-04:00,8.039631939387244,8.46915936636428,8.01161953276871,8.263733863830566,603100,0.0,0.0,AGI
2014-10-16 00:00:00-04:00,8.263734247851442,8.263734247851442,7.750168686654741,7.964931964874268,530300,0.0,0.0,AGI
2014-10-17 00:00:00-04:00,8.095657777250809,8.114332418473113,7.638117936074757,7.722156047821045,336800,0.0,0.0,AGI
2014-10-20 00:00:00-04:00,7.787518182067685,7.927581099961667,7.6287797335220695,7.90890645980835,264800,0.0,0.0,AGI
2014-10-21 00:00:00-04:00,8.020955224645377,8.17035587531428,7.806191121435235,7.852879047393799,240100,0.0,0.0,AGI
2014-10-22 00:00:00-04:00,7.787518186163207,7.852880762481665,7.544741630554199,7.544741630554199,299700,0.0,0.0,AGI
2014-10-23 00:00:00-04:00,7.4607010657487205,7.871553699967791,7.38600074870853,7.610101699829102,429000,0.0,0.0,AGI
2014-10-24 00:00:00-04:00,7.507390160632027,7.6474530543628365,7.320639338824894,7.516727924346924,281900,0.0,0.0,AGI
2014-10-27 00:00:00-04:00,7.451364914089887,7.684803218724262,7.395339667547747,7.516727924346924,372700,0.0,0.0,AGI
2014-10-28 00:00:00-04:00,7.591427005690264,7.890228271484375,7.516726689241736,7.890228271484375,361900,0.0,0.0,AGI
2014-10-29 00:00:00-04:00,7.843542520578024,8.189032692836447,7.544741172136426,7.619441509246826,659100,0.0,0.0,AGI
2014-10-30 00:00:00-04:00,7.507389792041699,7.619440279624635,7.24593865434818,7.273951053619385,681400,0.0,0.0,AGI
2014-10-31 00:00:00-04:00,6.8817742208524715,7.105875651656205,6.629660389478946,6.975149631500244,726800,0.0,0.0,AGI
2014-11-03 00:00:00-05:00,6.900449611086653,7.143226134859897,6.779061794449131,7.1058759689331055,468900,0.0,0.0,AGI
2014-11-04 00:00:00-05:00,7.059189288243653,7.180577571613715,6.788400314725315,6.83508825302124,603600,0.0,0.0,AGI
2014-11-05 00:00:00-05:00,6.582973785856465,6.863100055207272,6.3401972405032945,6.4242353439331055,770600,0.0,0.0,AGI
2014-11-06 00:00:00-05:00,6.536285558331239,6.891112595500438,6.442910139404903,6.620323657989502,1188600,0.0,0.0,AGI
2014-11-07 00:00:00-05:00,6.769725110752332,7.068526931102825,6.676349681033168,6.937800884246826,1014400,0.0,0.0,AGI
2014-11-10 00:00:00-05:00,6.816412072237385,6.844424474517629,6.414897114061624,6.46158504486084,700700,0.0,0.0,AGI
2014-11-11 00:00:00-05:00,6.470922866407094,6.7323744977388085,6.4429104619513895,6.573636054992676,803300,0.0,0.0,AGI
2014-11-12 00:00:00-05:00,6.704360716739087,6.816411654744466,6.424234484848336,6.685685634613037,560400,0.0,0.0,AGI
2014-11-13 00:00:00-05:00,6.713699799127996,6.853763165209083,6.536286261458508,6.601649284362793,494200,0.0,0.0,AGI
2014-11-14 00:00:00-05:00,6.489597864527827,7.152564031121212,6.452247695585872,7.077863693237305,786800,0.0,0.0,AGI
2014-11-17 00:00:00-05:00,6.9844883049886635,7.311302507451209,6.90045020183433,7.227264404296875,630800,0.0,0.0,AGI
2014-11-18 00:00:00-05:00,7.339313389892077,7.600764948939336,7.264613071664007,7.582089424133301,657400,0.0,0.0,AGI
2014-11-19 00:00:00-05:00,7.498051979793668,7.526065269379954,6.863098775723361,6.909786701202393,968600,0.0,0.0,AGI
2014-11-20 00:00:00-05:00,7.012500636485673,7.180576385130469,6.872437289990457,7.040513038635254,485600,0.0,0.0,AGI
2014-11-21 00:00:00-05:00,7.199251243790406,7.339314585917471,7.059187901663342,7.096538066864014,468500,0.0,0.0,AGI
2014-11-24 00:00:00-05:00,7.115213348078529,7.143226195385529,6.9191247526768365,6.965812683105469,448300,0.0,0.0,AGI
2014-11-25 00:00:00-05:00,6.97515030520487,7.245939690111599,6.97515030520487,7.20858907699585,558700,0.0,0.0,AGI
2014-11-26 00:00:00-05:00,7.208589094599385,7.208589094599385,6.863099818364832,6.88177490234375,453600,0.0,0.0,AGI
2014-11-28 00:00:00-05:00,6.741711527117791,6.741711527117791,6.368209848800335,6.40556001663208,581500,0.0,0.0,AGI
2014-12-01 00:00:00-05:00,6.554961394190702,6.909788472070482,6.433573113034592,6.900450706481934,1427600,0.0,0.0,AGI
2014-12-02 00:00:00-05:00,6.713699604643511,6.956475712935306,6.6670116688858965,6.844425201416016,518300,0.0,0.0,AGI
2014-12-03 00:00:00-05:00,6.9564754301774885,7.329977565309309,6.900450176695085,7.115213871002197,723500,0.0,0.0,AGI
2014-12-04 00:00:00-05:00,7.152564589133531,7.189914760989385,6.853763214286701,6.900450706481934,415800,0.0,0.0,AGI
2014-12-05 00:00:00-05:00,6.713699811550087,6.769725069036349,6.620324382406316,6.676349639892578,317400,0.0,0.0,AGI
2014-12-08 00:00:00-05:00,6.723036289215088,6.81641215190486,6.358871938571958,6.723036289215088,612300,0.0,0.0,AGI
2014-12-09 00:00:00-05:00,6.909787915587913,7.273952284478946,6.900450150751385,7.0031633377075195,461200,0.0,0.0,AGI
2014-12-10 00:00:00-05:00,7.087202746667062,7.301966479755434,6.891114101445104,6.919126510620117,363900,0.0,0.0,AGI
2014-12-11 00:00:00-05:00,6.825749481917309,7.09653841555192,6.723036299944111,6.7603864669799805,367900,0.0,0.0,AGI
2014-12-12 00:00:00-05:00,6.713699413018625,6.797737516884022,6.470922866407094,6.573636054992676,620900,0.0,0.0,AGI
2014-12-15 00:00:00-05:00,6.620323346144895,7.031175615317054,6.442909835917205,6.489597320556641,2178400,0.0,0.0,AGI
2014-12-16 00:00:00-05:00,6.704360955553424,6.732373802364878,5.92000703307097,6.050732612609863,1525600,0.0,0.0,AGI
2014-12-17 00:00:00-05:00,6.050732584903351,6.648335676736655,5.957357171374567,6.592310428619385,1636200,0.0,0.0,AGI
2014-12-18 00:00:00-05:00,6.741712009898757,6.872438051920415,6.4615857311005325,6.844425201416016,1581300,0.0,0.0,AGI
2014-12-19 00:00:00-05:00,6.807075052217315,6.993825905334038,6.676349455035608,6.956475734710693,18091800,0.0,0.0,AGI
2014-12-22 00:00:00-05:00,6.573636375693874,6.760387232006533,6.302847411415937,6.4522480964660645,1979900,0.0,0.0,AGI
2014-12-23 00:00:00-05:00,6.414897511870713,6.713699307967353,6.190796498735082,6.274834156036377,1132000,0.0,0.0,AGI
2014-12-24 00:00:00-05:00,6.274833394493645,6.5176099078419005,6.162782901524795,6.433571815490723,403500,0.0,0.0,AGI
2014-12-26 00:00:00-05:00,6.601648469166785,6.751049137071842,6.4989352873575035,6.723036289215088,284700,0.0,0.0,AGI
2014-12-29 00:00:00-05:00,6.629662968181082,6.6576758248959536,6.265498502383258,6.293510913848877,629300,0.0,0.0,AGI
2014-12-30 00:00:00-05:00,6.414897620324154,6.695024336728786,6.3495350463457765,6.610986232757568,671000,0.0,0.0,AGI
2014-12-31 00:00:00-05:00,6.5736362067856176,6.7230368879969244,6.4522479306768545,6.657674312591553,564600,0.0,0.0,AGI
2015-01-02 00:00:00-05:00,6.517610542130278,6.88177490234375,6.36820987029893,6.88177490234375,647200,0.0,0.0,AGI
2015-01-05 00:00:00-05:00,6.9844888246583094,7.423353567146899,6.937800887154575,7.414016246795654,1423300,0.0,0.0,AGI
2015-01-06 00:00:00-05:00,7.460706092581356,7.946259370993978,7.357993310070357,7.899571418762207,1771700,0.0,0.0,AGI
2015-01-07 00:00:00-05:00,7.6754652671674055,7.9742665400796815,7.432688787677162,7.582089424133301,1217400,0.0,0.0,AGI
2015-01-08 00:00:00-05:00,7.638116049116116,7.8061913405881596,7.236601121297616,7.255276203155518,813300,0.0,0.0,AGI
2015-01-09 00:00:00-05:00,7.189913855570436,7.507390721614804,7.059188270537095,7.4513654708862305,856800,0.0,0.0,AGI
2015-01-12 00:00:00-05:00,7.572753385495203,7.796855281689141,7.376665228136026,7.675467014312744,1133400,0.0,0.0,AGI
2015-01-13 00:00:00-05:00,7.731492367704496,7.787518068342909,6.956475666945987,7.133889198303223,1353200,0.0,0.0,AGI
2015-01-14 00:00:00-05:00,7.189914918888182,7.264615709489575,6.825750512671555,7.021839141845703,1001300,0.0,0.0,AGI
2015-01-15 00:00:00-05:00,7.255276839238687,7.563416384782825,7.11521349040028,7.339314937591553,1317300,0.0,0.0,AGI
2015-01-16 00:00:00-05:00,7.498052104114132,7.862216860290831,7.376664297304296,7.638115882873535,1212200,0.0,0.0,AGI
2015-01-20 00:00:00-05:00,7.712815811916298,7.974266938786895,7.675465650934784,7.82486629486084,1118600,0.0,0.0,AGI
2015-01-21 00:00:00-05:00,7.92757964064144,7.964929804570918,7.236601162697022,7.367326736450195,1313600,0.0,0.0,AGI
2015-01-22 00:00:00-05:00,7.2179271457127285,7.255277315153097,6.340197273365808,6.573636054992676,1684900,0.0,0.0,AGI
2015-01-23 00:00:00-05:00,6.368210355162939,6.368210355162939,5.621206048632398,5.639881134033203,1945100,0.0,0.0,AGI
2015-01-26 00:00:00-05:00,5.630544761307379,5.630544761307379,5.201017279570865,5.3784308433532715,1507300,0.0,0.0,AGI
2015-01-27 00:00:00-05:00,5.434454674219163,5.5371674114632095,5.266378476457787,5.4157795906066895,1692000,0.0,0.0,AGI
2015-01-28 00:00:00-05:00,5.322404118923582,5.369092054014673,5.051615163993208,5.191678524017334,1231500,0.0,0.0,AGI
2015-01-29 00:00:00-05:00,5.042277729526428,5.135653152337278,4.771488780750393,4.81817626953125,1280400,0.0,0.0,AGI
2015-01-30 00:00:00-05:00,4.799500088827353,4.995588654570697,4.780825008530321,4.948901176452637,970600,0.0,0.0,AGI
2015-02-02 00:00:00-05:00,4.874201611566148,5.163666095400241,4.874201611566148,5.079627990722656,1610400,0.0,0.0,AGI
2015-02-03 00:00:00-05:00,5.032938519112943,5.21968975634705,4.995588360715924,5.107638835906982,1206000,0.0,0.0,AGI
2015-02-04 00:00:00-05:00,5.154329335588936,5.3971059318961965,5.116979158503085,5.3784308433532715,1773700,0.0,0.0,AGI
2015-02-05 00:00:00-05:00,5.350416670186667,5.453129854500651,5.266378569816214,5.3877668380737305,926700,0.0,0.0,AGI
2015-02-06 00:00:00-05:00,5.210352897644043,5.350416238545578,5.0983024030224495,5.210352897644043,1025700,0.0,0.0,AGI
2015-02-09 00:00:00-05:00,5.285054688811273,5.434455834868114,5.2477045136093645,5.359755039215088,609400,0.0,0.0,AGI
2015-02-10 00:00:00-05:00,5.266378530093608,5.378429478158754,5.173003111080251,5.23836612701416,775900,0.0,0.0,AGI
2015-02-11 00:00:00-05:00,5.163665791803475,5.30372869769895,5.144990708000804,5.23836612701416,509600,0.0,0.0,AGI
2015-02-12 00:00:00-05:00,5.331741818098595,5.4064421571211305,5.294391648587328,5.369091987609863,498800,0.0,0.0,AGI
2015-02-13 00:00:00-05:00,5.425117623459148,5.527830819464165,5.359754599592469,5.3971052169799805,493800,0.0,0.0,AGI
2015-02-17 00:00:00-05:00,5.322403337480085,5.378429029463274,5.247703008501276,5.35041618347168,806700,0.0,0.0,AGI
2015-02-18 00:00:00-05:00,5.341079524507562,5.537168151261694,5.313067117970785,5.471805572509766,1235800,0.0,0.0,AGI
2015-02-19 00:00:00-05:00,5.425117623459148,5.537168139874163,5.350417279182471,5.3971052169799805,671400,0.0,0.0,AGI
2015-02-20 00:00:00-05:00,5.369091987609863,5.5091553459016875,5.331741818098595,5.369091987609863,1518300,0.0,0.0,AGI
2015-02-23 00:00:00-05:00,5.350415755425298,5.509154164430348,5.313065593923998,5.462466239929199,568900,0.0,0.0,AGI
2015-02-24 00:00:00-05:00,5.415779601074444,5.527830102965859,5.303728653933914,5.453129768371582,371400,0.0,0.0,AGI
2015-02-25 00:00:00-05:00,5.499816287530607,5.705242616782475,5.4437910464389265,5.6678924560546875,531000,0.0,0.0,AGI
2015-02-26 00:00:00-05:00,5.742592689786867,5.789280167358888,5.667892369472408,5.770605087280273,591400,0.0,0.0,AGI
2015-02-27 00:00:00-05:00,5.779944149200863,5.789281468714564,5.6398807945023055,5.649218559265137,623000,0.0,0.0,AGI
2015-03-02 00:00:00-05:00,5.695904168792911,5.742592086710887,5.509153387618972,5.54650354385376,491100,0.0,0.0,AGI
2015-03-03 00:00:00-05:00,5.537167305085973,5.705243499618355,5.509154902829979,5.518492221832275,379000,0.0,0.0,AGI
2015-03-04 00:00:00-05:00,5.499816586463191,5.630542601364859,5.425116260947415,5.583854675292969,350800,0.0,0.0,AGI
2015-03-05 00:00:00-05:00,5.537165782170572,5.695904168792911,5.471803231384185,5.54650354385376,397300,0.0,0.0,AGI
2015-03-06 00:00:00-05:00,5.387768165000118,5.415781020439122,5.313067810828417,5.3784308433532715,911600,0.0,0.0,AGI
2015-03-09 00:00:00-04:00,5.434454839292577,5.462467242937617,5.219691148601055,5.247703552246094,904800,0.0,0.0,AGI
2015-03-10 00:00:00-04:00,5.21035199412329,5.266377231718819,4.976913281517415,5.107638835906982,830700,0.0,0.0,AGI
2015-03-11 00:00:00-04:00,5.070289815476414,5.331741428184274,4.902214064967217,5.3037285804748535,734500,0.0,0.0,AGI
2015-03-12 00:00:00-04:00,5.378430130910811,5.527830819464165,5.257041848836625,5.3971052169799805,657000,0.0,0.0,AGI
2015-03-13 00:00:00-04:00,5.397104163818214,5.527829740793314,5.2570408230060615,5.49981689453125,515100,0.0,0.0,AGI
2015-03-16 00:00:00-04:00,5.499816841429299,5.499816841429299,5.322403337480085,5.35041618347168,734300,0.0,0.0,AGI
2015-03-17 00:00:00-04:00,5.238366829391098,5.434455458235895,5.144991397857666,5.144991397857666,778600,0.0,0.0,AGI
2015-03-18 00:00:00-04:00,5.135654692576966,5.52783203125,5.107641834707777,5.52783203125,845000,0.0,0.0,AGI
2015-03-19 00:00:00-04:00,5.462467600100971,5.677231304834814,5.406442343898553,5.639881134033203,646800,0.0,0.0,AGI
2015-03-20 00:00:00-04:00,5.705243390966134,5.9013319840201435,5.6398803781984315,5.835968971252441,3874100,0.0,0.0,AGI
2015-03-23 00:00:00-04:00,5.957359304765926,6.32152377056375,5.957359304765926,6.293510913848877,893400,0.0,0.0,AGI
2015-03-24 00:00:00-04:00,6.274834864252031,6.330860569108471,6.106759085430264,6.218809604644775,507700,0.0,0.0,AGI
2015-03-25 00:00:00-04:00,6.284171370125292,6.293508688896379,6.02271976579841,6.050732612609863,623900,0.0,0.0,AGI
2015-03-26 00:00:00-04:00,6.200133714708261,6.218808798824133,5.770606334794071,5.863982200622559,614300,0.0,0.0,AGI
2015-03-27 00:00:00-04:00,5.817293683797919,6.013382269956765,5.714580508845885,5.929344177246094,457000,0.0,0.0,AGI
2015-03-30 00:00:00-04:00,5.845305942136196,5.86398102250009,5.621204532520435,5.6678924560546875,505400,0.0,0.0,AGI
2015-03-31 00:00:00-04:00,5.677231519693098,5.733256778015826,5.434455400294614,5.471805572509766,1036200,0.0,0.0,AGI
2015-04-01 00:00:00-04:00,5.509155739098891,5.695906599983935,5.359754605141682,5.434455394744873,1148700,0.0,0.0,AGI
2015-04-02 00:00:00-04:00,5.415779526063427,5.443791928523739,5.182340761064988,5.3037285804748535,590400,0.0,0.0,AGI
2015-04-06 00:00:00-04:00,5.490480653010387,5.537168145607061,5.3877674568990255,5.434455394744873,593700,0.0,0.0,AGI
2015-04-07 00:00:00-04:00,5.397104837367885,5.425117241876765,5.238366394320426,5.369091987609863,442500,0.0,0.0,AGI
2015-04-08 00:00:00-04:00,5.378428599175797,5.5745167244331,5.2850527501735,5.462466239929199,613600,0.0,0.0,AGI
2015-04-09 00:00:00-04:00,5.453130091634787,5.527830430657322,5.35041690285423,5.369091987609863,665400,0.0,0.0,AGI
2015-04-10 00:00:00-04:00,5.453129411093257,5.5745172242313075,5.406441482406177,5.49981689453125,488100,0.0,0.0,AGI
2015-04-13 00:00:00-04:00,5.4998173924893585,6.03205795766541,5.4998173924893585,5.863982200622559,1628800,0.0,0.0,AGI
2015-04-14 00:00:00-04:00,5.65855462396332,5.966693668819143,5.639879543828089,5.807955265045166,1296700,0.0,0.0,AGI
2015-04-15 00:00:00-04:00,5.807956616353337,5.976032821924894,5.649218620895616,5.910669803619385,1021300,0.0,0.0,AGI
2015-04-16 00:00:00-04:00,5.938683751092085,6.050734278693071,5.789282602374886,5.994709014892578,823900,0.0,0.0,AGI
2015-04-17 00:00:00-04:00,6.004044730195405,6.25615857248357,6.004044730195405,6.200133323669434,1038800,0.0,0.0,AGI
2015-04-20 00:00:00-04:00,6.134772317398721,6.414898632765587,6.097422142016472,6.396223545074463,836400,0.0,0.0,AGI
2015-04-21 00:00:00-04:00,6.396222675222615,6.80707499380286,6.368210270120071,6.657674312591553,2119500,0.0,0.0,AGI
2015-04-22 00:00:00-04:00,6.629662968181082,6.6390007355024565,6.209473234202766,6.293510913848877,890100,0.0,0.0,AGI
2015-04-23 00:00:00-04:00,6.284170797663131,6.44290920955306,6.1534452300328,6.368208885192871,835900,0.0,0.0,AGI
2015-04-24 00:00:00-04:00,6.33085926601319,6.442909762164091,6.190795923200017,6.265496253967285,632600,0.0,0.0,AGI
2015-04-27 00:00:00-04:00,6.32152213891883,6.582973768193896,6.284171969772269,6.34953498840332,764300,0.0,0.0,AGI
2015-04-28 00:00:00-04:00,6.405559849127519,6.685686100540346,6.3588719179341595,6.648335933685303,1073400,0.0,0.0,AGI
2015-04-29 00:00:00-04:00,6.6296614622398575,6.8257500789542735,6.554961121634204,6.657674312591553,1075500,0.0,0.0,AGI
2015-04-30 00:00:00-04:00,6.4802601281307055,6.526947613680814,6.368209628511514,6.46158504486084,699300,0.0,0.0,AGI
2015-05-01 00:00:00-04:00,6.368210433749949,6.461585861906278,6.330860262487417,6.4522480964660645,483600,0.0,0.0,AGI
2015-05-04 00:00:00-04:00,6.5642982808860095,6.6670110171128245,6.508272585354334,6.648335933685303,708700,0.0,0.0,AGI
2015-05-05 00:00:00-04:00,6.751048574493774,6.760385892835187,6.4522468183342845,6.498934745788574,788300,0.0,0.0,AGI
2015-05-06 00:00:00-04:00,6.573634761000946,6.573634761000946,6.293508100090776,6.3308587074279785,527700,0.0,0.0,AGI
2015-05-07 00:00:00-04:00,6.209471802471932,6.573636184303616,6.190796717384388,6.545623779296875,895200,0.0,0.0,AGI
2015-05-08 00:00:00-04:00,6.564298886834487,6.7417119731483375,6.480260781028551,6.657674312591553,565000,0.0,0.0,AGI
2015-05-11 00:00:00-04:00,6.601649284362793,6.751049970716397,6.564299112774392,6.601649284362793,495500,0.0,0.0,AGI
2015-05-12 00:00:00-04:00,6.620324171318108,6.853762959358954,6.620324171318108,6.807075023651123,524500,0.0,0.0,AGI
2015-05-13 00:00:00-04:00,6.9289631843566895,6.938339533343058,6.788321079183662,6.9289631843566895,885300,0.03,0.0,AGI
2015-05-14 00:00:00-04:00,6.994596873570557,7.069605883406869,6.7508171445135785,6.769569396972656,671600,0.0,0.0,AGI
2015-05-15 00:00:00-04:00,6.694561031950465,6.900836275957533,6.685185128362329,6.778946399688721,428700,0.0,0.0,AGI
2015-05-18 00:00:00-04:00,6.807075302372058,6.863332067628559,6.507038773915024,6.572671890258789,388200,0.0,0.0,AGI
2015-05-19 00:00:00-04:00,6.441405140179223,6.591423615902342,6.338267969037757,6.375772476196289,637900,0.0,0.0,AGI
2015-05-20 00:00:00-04:00,6.4039011474002585,6.647680910600791,6.394525243402022,6.572671890258789,394400,0.0,0.0,AGI
2015-05-21 00:00:00-04:00,6.563295539171525,6.647680910600791,6.544543284086025,6.572671890258789,895300,0.0,0.0,AGI
2015-05-22 00:00:00-04:00,6.516414164981922,6.63830403698778,6.375772486455615,6.4320292472839355,742600,0.0,0.0,AGI
2015-05-26 00:00:00-04:00,6.3195150700654965,6.328891420105399,6.141368890197127,6.25388240814209,706300,0.0,0.0,AGI
2015-05-27 00:00:00-04:00,6.225754546895256,6.2445068021203705,5.981975228968774,6.047607898712158,617700,0.0,0.0,AGI
2015-05-28 00:00:00-04:00,5.972599520293231,6.075737158670545,5.944471357974287,6.056984901428223,721400,0.0,0.0,AGI
2015-05-29 00:00:00-04:00,6.0288558211346635,6.141369802889741,5.953846798023975,6.113241195678711,581400,0.0,0.0,AGI
2015-06-01 00:00:00-04:00,6.12261623668377,6.188248894313692,5.93509327195369,5.981974124908447,386000,0.0,0.0,AGI
2015-06-02 00:00:00-04:00,6.103864198824306,6.244505868439346,6.094487849069189,6.188249111175537,522100,0.0,0.0,AGI
2015-06-03 00:00:00-04:00,6.113240029957588,6.16949678656312,5.897588906091904,5.906965255737305,614800,0.0,0.0,AGI
2015-06-04 00:00:00-04:00,5.850709437160285,5.878838045666796,5.775700410595009,5.794452667236328,228400,0.0,0.0,AGI
2015-06-05 00:00:00-04:00,5.710065538988742,5.794450437863669,5.606927943598395,5.747570037841797,326900,0.0,0.0,AGI
2015-06-08 00:00:00-04:00,5.756947397562894,5.9350940357937185,5.719442889207879,5.916341781616211,582200,0.0,0.0,AGI
2015-06-09 00:00:00-04:00,5.944470502462537,5.944470502462537,5.700690746307373,5.700690746307373,313700,0.0,0.0,AGI
2015-06-10 00:00:00-04:00,5.822580170684983,5.860084676849703,5.719442555187514,5.785075664520264,506000,0.0,0.0,AGI
2015-06-11 00:00:00-04:00,5.710066436988819,5.747570941740062,5.5319198158759315,5.606928825378418,931200,0.0,0.0,AGI
2015-06-12 00:00:00-04:00,5.5788006884925165,5.6444338008248875,5.541296180613734,5.55067253112793,439900,0.0,0.0,AGI
2015-06-15 00:00:00-04:00,5.691314387345413,5.869461014804121,5.550672265973909,5.728818893432617,802600,0.0,0.0,AGI
2015-06-16 00:00:00-04:00,5.710066652190824,5.878836929932063,5.635057639861385,5.785075664520264,592800,0.0,0.0,AGI
2015-06-17 00:00:00-04:00,5.775699643308472,5.869461361148133,5.710066977327515,5.8600850105285645,799700,0.0,0.0,AGI
2015-06-18 00:00:00-04:00,5.981973856434571,5.991349758351358,5.653809241746302,5.691313743591309,1071800,0.0,0.0,AGI
2015-06-19 00:00:00-04:00,5.635058251712408,5.78507629266015,5.62568190060866,5.710067272186279,3029600,0.0,0.0,AGI
2015-06-22 00:00:00-04:00,5.6350579261779785,5.803828212494414,5.6350579261779785,5.6350579261779785,492200,0.0,0.0,AGI
2015-06-23 00:00:00-04:00,5.606927978242059,5.625680227784451,5.45690998190292,5.4756622314453125,519500,0.0,0.0,AGI
2015-06-24 00:00:00-04:00,5.44753535274804,5.54129663004966,5.363149979632064,5.410030841827393,665000,0.0,0.0,AGI
2015-06-25 00:00:00-04:00,5.381901583519071,5.391277933658581,5.288140317568893,5.3162689208984375,735900,0.0,0.0,AGI
2015-06-26 00:00:00-04:00,5.278765660883916,5.400655558942976,5.250637050912945,5.363150596618652,531500,0.0,0.0,AGI
2015-06-29 00:00:00-04:00,5.381901583519071,5.428782440038653,5.260012161328331,5.3162689208984375,1055300,0.0,0.0,AGI
2015-06-30 00:00:00-04:00,5.288141092754928,5.372526468024591,5.231884324938168,5.306893348693848,419800,0.0,0.0,AGI
2015-07-01 00:00:00-04:00,5.297516601533628,5.3443970103786125,5.119369974909144,5.14749813079834,691400,0.0,0.0,AGI
2015-07-02 00:00:00-04:00,5.269388382151444,5.410030513102684,5.185003461251908,5.335021495819092,1456900,0.0,0.0,AGI
2015-07-06 00:00:00-04:00,5.531920519117192,5.531920519117192,5.072489606876207,5.1756272315979,672900,0.0,0.0,AGI
2015-07-07 00:00:00-04:00,5.119370346747804,5.222507969040396,4.622434936691687,4.6411871910095215,1436300,0.0,0.0,AGI
2015-07-08 00:00:00-04:00,4.575553894042969,4.753700509062681,4.547425292897141,4.575553894042969,923800,0.0,0.0,AGI
2015-07-09 00:00:00-04:00,4.641187840940543,4.678692354828175,4.425536662542128,4.4817938804626465,1351100,0.0,0.0,AGI
2015-07-10 00:00:00-04:00,4.631810476207197,4.697443578369527,4.481792467937791,4.538049221038818,1415700,0.0,0.0,AGI
2015-07-13 00:00:00-04:00,4.453665095905012,4.519298216165145,4.247390277655963,4.416160583496094,1318800,0.0,0.0,AGI
2015-07-14 00:00:00-04:00,4.369280019470068,4.472417659221374,4.303647341792126,4.406784534454346,581900,0.0,0.0,AGI
2015-07-15 00:00:00-04:00,4.3599028051007735,4.369278707486956,4.2005084407351205,4.2192606925964355,646800,0.0,0.0,AGI
2015-07-16 00:00:00-04:00,4.191131085962096,4.266140522504307,4.125498443734821,4.13487434387207,1441000,0.0,0.0,AGI
2015-07-17 00:00:00-04:00,4.116123978932631,4.125500330446803,3.806711532389704,3.8535923957824707,1494100,0.0,0.0,AGI
2015-07-20 00:00:00-04:00,3.6848214725247654,3.703573726447477,3.1316293111712827,3.150381565093994,1780200,0.0,0.0,AGI
2015-07-21 00:00:00-04:00,3.1878861605782594,3.309775805879495,3.1503814307872346,3.1972622871398926,1254800,0.0,0.0,AGI
2015-07-22 00:00:00-04:00,3.122253184209927,3.225390804329339,3.028491914596371,3.150381565093994,2082700,0.0,0.0,AGI
2015-07-23 00:00:00-04:00,3.1503810679346116,3.1878857934059406,2.8315925780118034,2.8878493309020996,1668400,0.0,0.0,AGI
2015-07-24 00:00:00-04:00,2.944106615739823,3.150381397945404,2.925354139267555,3.1128768920898438,996100,0.0,0.0,AGI
2015-07-27 00:00:00-04:00,3.0941248162070156,3.1691340557546317,2.7940885286500534,2.8315930366516113,1719300,0.0,0.0,AGI
2015-07-28 00:00:00-04:00,2.8315930029436767,3.047244144929973,2.8315930029436767,3.009739637374878,700600,0.0,0.0,AGI
2015-07-29 00:00:00-04:00,3.0097401150387517,3.122253655560614,2.934731088024177,3.0659968852996826,950400,0.0,0.0,AGI
2015-07-30 00:00:00-04:00,3.0284916137811693,3.037867739811209,2.8597211216959693,2.92535400390625,809100,0.0,0.0,AGI
2015-07-31 00:00:00-04:00,3.0003636733897916,3.065996565174723,2.953483036400555,3.0472443103790283,406000,0.0,0.0,AGI
2015-08-03 00:00:00-04:00,3.009738925207099,3.009738925207099,2.822216208258958,2.8597207069396973,571600,0.0,0.0,AGI
2015-08-04 00:00:00-04:00,2.9066020852784713,2.990987452773619,2.859721449750335,2.9441068172454834,894200,0.0,0.0,AGI
2015-08-05 00:00:00-04:00,3.00974009701061,3.00974009701061,2.8878502052975046,2.897226333618164,671700,0.0,0.0,AGI
2015-08-06 00:00:00-04:00,2.9722351985623647,3.075372596724264,2.887849831067217,2.9441068172454834,854500,0.0,0.0,AGI
2015-08-07 00:00:00-04:00,2.8784733587999267,3.065996101970866,2.8597211068372803,2.8690972328186035,685100,0.0,0.0,AGI
2015-08-10 00:00:00-04:00,2.878473637387546,3.037868018041199,2.869097510498772,3.009739637374878,1453300,0.0,0.0,AGI
2015-08-11 00:00:00-04:00,3.1222528335480346,3.3191517011671854,3.0659960780981272,3.25351881980896,2141800,0.0,0.0,AGI
2015-08-12 00:00:00-04:00,3.38478515705726,3.69419781164026,3.3004000095589037,3.675445556640625,2505400,0.0,0.0,AGI
2015-08-13 00:00:00-04:00,3.5160510180010003,3.6848215294575093,3.3285282523320463,3.375408887863159,1304500,0.0,0.0,AGI
2015-08-14 00:00:00-04:00,3.4316657161908584,3.4972986029153508,3.328528099222163,3.3941609859466553,357900,0.0,0.0,AGI
2015-08-17 00:00:00-04:00,3.4972990426584194,3.6473173118647355,3.4035377641197972,3.6004364490509033,1115600,0.0,0.0,AGI
2015-08-18 00:00:00-04:00,3.581684024248763,3.6285646613047984,3.450418240491864,3.5066750049591064,505500,0.0,0.0,AGI
2015-08-19 00:00:00-04:00,3.7129494750552126,4.041114108806824,3.684821097037458,3.8629674911499023,995200,0.0,0.0,AGI
2015-08-20 00:00:00-04:00,3.9754803797600866,4.331773559197703,3.9754803797600866,4.238012313842773,1684400,0.0,0.0,AGI
2015-08-21 00:00:00-04:00,4.284894578072623,4.303646833349327,3.98485804655633,4.097371578216553,2285100,0.0,0.0,AGI
2015-08-24 00:00:00-04:00,3.872344297608151,4.0786190940772435,3.637940896257861,3.7223260402679443,1744600,0.0,0.0,AGI
2015-08-25 00:00:00-04:00,3.7692064687539237,3.816087325284013,3.487922447295846,3.572307586669922,921800,0.0,0.0,AGI
2015-08-26 00:00:00-04:00,3.5066745411638474,3.5066745411638474,3.2910234156837443,3.3003995418548584,981500,0.0,0.0,AGI
2015-08-27 00:00:00-04:00,3.3285280607089893,3.637940684490483,3.30039968100967,3.5160508155822754,1237400,0.0,0.0,AGI
2015-08-28 00:00:00-04:00,3.487922171442538,3.909848282032546,3.487922171442538,3.8723437786102295,914000,0.0,0.0,AGI
2015-08-31 00:00:00-04:00,3.7035739567380275,3.8535922209924474,3.6004363302054534,3.8442158699035645,638500,0.0,0.0,AGI
2015-09-01 00:00:00-04:00,3.881720435458514,4.209885127737617,3.797335509899852,4.125500202178955,2253600,0.0,0.0,AGI
2015-09-02 00:00:00-04:00,4.163005352020264,4.303647512328948,4.050491802608957,4.163005352020264,1302800,0.0,0.0,AGI
2015-09-03 00:00:00-04:00,4.050492763519287,4.313024441093499,4.050492763519287,4.050492763519287,1054200,0.0,0.0,AGI
2015-09-04 00:00:00-04:00,4.031739448145403,4.097372126857613,3.712950618666355,3.9192254543304443,2359600,0.0,0.0,AGI
2015-09-08 00:00:00-04:00,4.097370831953413,4.238012944457751,3.9473528170628924,4.2192606925964355,1056600,0.0,0.0,AGI
2015-09-09 00:00:00-04:00,4.11612416696142,4.153628680553259,4.003610626185903,4.031739234924316,1103800,0.0,0.0,AGI
2015-09-10 00:00:00-04:00,4.087994704066324,4.116122856762223,3.9942334499317824,4.04111385345459,1017500,0.0,0.0,AGI
2015-09-11 00:00:00-04:00,4.031739528733994,4.144253077708844,3.778583819996034,3.9379777908325195,1974200,0.0,0.0,AGI
2015-09-14 00:00:00-04:00,3.9379774888812356,4.331775327187173,3.9379774888812356,4.003610610961914,1919100,0.0,0.0,AGI
2015-09-15 00:00:00-04:00,4.022361163563878,4.050489760278306,3.9379758205094726,3.975480318069458,813900,0.0,0.0,AGI
2015-09-16 00:00:00-04:00,4.050491027039345,4.163004554907072,3.9848579122386623,4.144252300262451,1350200,0.0,0.0,AGI
2015-09-17 00:00:00-04:00,4.069243295361243,4.284894448043729,3.862968046488073,4.256765842437744,1894200,0.0,0.0,AGI
2015-09-18 00:00:00-04:00,4.37865637176068,4.4255367919464845,4.116124319781655,4.406784534454346,7997700,0.0,0.0,AGI
2015-09-21 00:00:00-04:00,4.45366521944169,4.481793828073142,3.984858354237301,4.003610610961914,1808000,0.0,0.0,AGI
2015-09-22 00:00:00-04:00,3.90047179545325,3.9379762975565367,3.694197033885174,3.7410776615142822,1115600,0.0,0.0,AGI
2015-09-23 00:00:00-04:00,3.806711179942763,3.82546343414587,3.647317019216354,3.694197654724121,761700,0.0,0.0,AGI
2015-09-24 00:00:00-04:00,3.778582994027979,3.9848577887251797,3.7223260082933316,3.928601026535034,1522500,0.0,0.0,AGI
2015-09-25 00:00:00-04:00,3.7785829474345642,3.844215612302588,3.7129498354775428,3.7317020893096924,909800,0.0,0.0,AGI
2015-09-28 00:00:00-04:00,3.6098120690508253,3.6566929252691267,3.4035372852860553,3.459794044494629,929700,0.0,0.0,AGI
2015-09-29 00:00:00-04:00,3.4785465095761103,3.544179399319668,3.3285282523320463,3.375408887863159,944400,0.0,0.0,AGI
2015-09-30 00:00:00-04:00,3.291023543324418,3.4879224240989157,3.291023543324418,3.459794044494629,681100,0.0,0.0,AGI
2015-10-01 00:00:00-04:00,3.459794096215641,3.544179236289988,3.347280352572018,3.3941609859466553,562600,0.0,0.0,AGI
2015-10-02 00:00:00-04:00,3.516051145233793,3.6566932804609493,3.459794380560735,3.6191885471343994,938500,0.0,0.0,AGI
2015-10-05 00:00:00-04:00,3.6004365664380193,3.8535924738351297,3.5910604382784617,3.8160879611968994,1353200,0.0,0.0,AGI
2015-10-06 00:00:00-04:00,3.891096614475211,4.17238043237053,3.844215754614817,4.059866905212402,1486500,0.0,0.0,AGI
2015-10-07 00:00:00-04:00,4.106747150421143,4.1817561573000575,3.909848283819516,4.106747150421143,1573900,0.0,0.0,AGI
2015-10-08 00:00:00-04:00,4.041115449946797,4.3411520287993834,4.003610933476361,4.163005352020264,1841200,0.0,0.0,AGI
2015-10-09 00:00:00-04:00,4.294270712356206,4.500545978546143,4.247390295195988,4.500545978546143,1986300,0.0,0.0,AGI
2015-10-12 00:00:00-04:00,4.566178290216576,4.5755546411591785,4.313022626923578,4.425536155700684,874600,0.0,0.0,AGI
2015-10-13 00:00:00-04:00,4.4161588268090375,4.49116782178933,4.341149831828745,4.397406578063965,776000,0.0,0.0,AGI
2015-10-14 00:00:00-04:00,4.4536642110829785,4.763076600529246,4.406783356341256,4.669315338134766,1984600,0.0,0.0,AGI
2015-10-15 00:00:00-04:00,4.5005456219744415,4.566178290216576,4.294270372127394,4.425536155700684,1319100,0.0,0.0,AGI
2015-10-16 00:00:00-04:00,4.406783187419432,4.463040389788621,4.172379816873953,4.191132068634033,855800,0.0,0.0,AGI
2015-10-19 00:00:00-04:00,4.12550014948095,4.163004659714401,3.8629681307577592,3.900472640991211,1540700,0.0,0.0,AGI
2015-10-20 00:00:00-04:00,3.9473529817324837,4.28489397640612,3.928600729088891,4.228637218475342,1305500,0.0,0.0,AGI
2015-10-21 00:00:00-04:00,4.219260322357135,4.228636671009496,4.03173782019905,4.116122722625732,1030900,0.0,0.0,AGI
2015-10-22 00:00:00-04:00,4.097371322254196,4.2192611974828385,3.9848577976226807,3.9848577976226807,515700,0.0,0.0,AGI
2015-10-23 00:00:00-04:00,4.059866805642513,4.2942702050176145,4.003610043443169,4.247389793395996,1296900,0.0,0.0,AGI
2015-10-26 00:00:00-04:00,4.041116408632747,4.172382247419852,4.031740500835415,4.050492763519287,656200,0.0,0.0,AGI
2015-10-27 00:00:00-04:00,4.022362396159693,4.078619159738757,3.9473533780542747,4.059866905212402,644800,0.0,0.0,AGI
2015-10-28 00:00:00-04:00,4.135050164873546,4.266619814520381,3.8813084736355137,3.965888738632202,1205000,0.01,0.0,AGI
2015-10-29 00:00:00-04:00,4.0222756041784,4.0410712657254235,3.740340232849121,3.740340232849121,1145200,0.0,0.0,AGI
2015-10-30 00:00:00-04:00,3.7497385513196835,3.796727711298729,3.6087708473205566,3.6087708473205566,1032200,0.0,0.0,AGI
2015-11-02 00:00:00-05:00,3.61816797895567,3.655759523724384,3.458404865951903,3.5805766582489014,896900,0.0,0.0,AGI
2015-11-03 00:00:00-05:00,3.5241898277525596,3.6463618493310537,3.4772006748615834,3.5899746417999268,793700,0.0,0.0,AGI
2015-11-04 00:00:00-05:00,3.6087702364598058,3.618168066864833,3.364426421867141,3.4396092891693115,844600,0.0,0.0,AGI
2015-11-05 00:00:00-05:00,3.4302118505770003,3.467803176490944,3.3080398172947074,3.3174376487731934,1862700,0.0,0.0,AGI
2015-11-06 00:00:00-05:00,3.2516531780232873,3.3174380054455037,3.1106854666279653,3.1764705181121826,1282400,0.0,0.0,AGI
2015-11-09 00:00:00-05:00,3.1764701965084896,3.298642006494674,3.1482764778343153,3.2892441749572754,1343700,0.0,0.0,AGI
2015-11-10 00:00:00-05:00,3.214061759938228,3.2798465855566263,3.129481045795436,3.185868263244629,1012400,0.0,0.0,AGI
2015-11-11 00:00:00-05:00,3.185867848894329,3.2234591729300437,3.0167066666716478,3.0730936527252197,1082200,0.0,0.0,AGI
2015-11-12 00:00:00-05:00,3.0167061611899837,3.0448996494926464,2.725373224667207,2.8099536895751953,2544500,0.0,0.0,AGI
2015-11-13 00:00:00-05:00,2.8005561312143223,2.9227279256845304,2.7535669794950115,2.885136604309082,658500,0.0,0.0,AGI
2015-11-16 00:00:00-05:00,2.9039325248355605,2.9603197360061113,2.838147706542216,2.856943368911743,838100,0.0,0.0,AGI
2015-11-17 00:00:00-05:00,2.847545283830148,2.86634094452379,2.7347713196682966,2.7535669803619385,1092900,0.0,0.0,AGI
2015-11-18 00:00:00-05:00,2.744168883535649,2.819351519009416,2.7159753952329857,2.8099536895751953,1520300,0.0,0.0,AGI
2015-11-19 00:00:00-05:00,2.8475456414685336,2.997911169964824,2.800556483832811,2.9509220123291016,1328900,0.0,0.0,AGI
2015-11-20 00:00:00-05:00,2.969717467069236,2.979115297937159,2.6971799237755394,2.762964963912964,1480300,0.0,0.0,AGI
2015-11-23 00:00:00-05:00,2.7629652531940385,2.791158748749653,2.67838454246521,2.67838454246521,761700,0.0,0.0,AGI
2015-11-24 00:00:00-05:00,2.715975271375389,2.7723622454092793,2.650190244273933,2.744168758392334,851300,0.0,0.0,AGI
2015-11-25 00:00:00-05:00,2.7347713692411095,2.8475453354471987,2.6971798231104596,2.800556182861328,444100,0.0,0.0,AGI
2015-11-27 00:00:00-05:00,2.7347710541014276,2.819351519009416,2.7159753952329857,2.8099536895751953,267900,0.0,0.0,AGI
2015-11-30 00:00:00-05:00,2.8099528926828725,2.866339853297063,2.791157239144809,2.8193507194519043,1155400,0.0,0.0,AGI
2015-12-01 00:00:00-05:00,2.856943246208091,2.960319608862519,2.8099540923024238,2.9227280616760254,693700,0.0,0.0,AGI
2015-12-02 00:00:00-05:00,2.856943113277495,2.9039322649968065,2.8099539615581843,2.885136604309082,581400,0.0,0.0,AGI
2015-12-03 00:00:00-05:00,2.8851364750893,3.148275936993874,2.866340815243398,3.138878107070923,830900,0.0,0.0,AGI
2015-12-04 00:00:00-05:00,3.1764703643525976,3.326835676896254,3.1388788121546938,3.270448684692383,1352300,0.0,0.0,AGI
2015-12-07 00:00:00-05:00,3.195265096602511,3.2704477309492304,3.044899603847148,3.082490921020508,1114200,0.0,0.0,AGI
2015-12-08 00:00:00-05:00,3.0824909794132322,3.13887795624143,2.922727654338076,2.969717025756836,936900,0.0,0.0,AGI
2015-12-09 00:00:00-05:00,3.0355018320564002,3.0824909794132322,2.941523537342737,2.969717025756836,716300,0.0,0.0,AGI
2015-12-10 00:00:00-05:00,2.950921105847974,3.0824907068116816,2.9321252245055356,3.0261037349700928,857400,0.0,0.0,AGI
2015-12-11 00:00:00-05:00,2.960320015616127,3.1388788249919832,2.9415243514713,3.0355026721954346,984000,0.0,0.0,AGI
2015-12-14 00:00:00-05:00,3.2234583734931515,3.2328562021713623,2.9885124324759635,2.997910261154175,1225900,0.0,0.0,AGI
2015-12-15 00:00:00-05:00,3.026104664546258,3.0542981591276916,2.9415241808019568,2.9509220123291016,869000,0.0,0.0,AGI
2015-12-16 00:00:00-05:00,3.007308451897632,3.082491090374943,2.894534270119728,3.0636954307556152,1531100,0.0,0.0,AGI
2015-12-17 00:00:00-05:00,2.9791151451312605,3.0636956186042354,2.85694312605279,3.0167064666748047,1386200,0.0,0.0,AGI
2015-12-18 00:00:00-05:00,3.063696168412675,3.120083160847156,2.997911343905781,3.0355026721954346,4782700,0.0,0.0,AGI
2015-12-21 00:00:00-05:00,3.1576742671508717,3.1764701540363296,3.1012872786804215,3.110685110092163,721600,0.0,0.0,AGI
2015-12-22 00:00:00-05:00,3.0824912779511537,3.176469805828525,3.0730934475696117,3.1482760906219482,626200,0.0,0.0,AGI
2015-12-23 00:00:00-05:00,3.1482764580984703,3.3268354802516793,3.1388786266199844,3.3174376487731934,640000,0.0,0.0,AGI
2015-12-24 00:00:00-05:00,3.336232746956056,3.3926197262815023,3.317437087180907,3.3268349170684814,316500,0.0,0.0,AGI
2015-12-28 00:00:00-05:00,3.2704482682837734,3.298641760795983,3.1482762433355704,3.1576740741729736,349800,0.0,0.0,AGI
2015-12-29 00:00:00-05:00,3.195265484337877,3.232856806072825,3.1200826168060303,3.1200826168060303,566300,0.0,0.0,AGI
2015-12-30 00:00:00-05:00,3.0261040962360783,3.101286734333741,2.997910606949455,3.091888904571533,295400,0.0,0.0,AGI
2015-12-31 00:00:00-05:00,3.0824910748093255,3.1200823938581568,3.044899755760494,3.091888904571533,338000,0.0,0.0,AGI
2016-01-04 00:00:00-05:00,3.1576743499970004,3.373824702200049,3.138878686680386,3.2328572273254395,765200,0.0,0.0,AGI
2016-01-05 00:00:00-05:00,3.2328570358970996,3.30803968471174,3.2328570358970996,3.27984619140625,423000,0.0,0.0,AGI
2016-01-06 00:00:00-05:00,3.3268350366732578,3.4114157327641705,3.270448055320614,3.3926198482513428,690200,0.0,0.0,AGI
2016-01-07 00:00:00-05:00,3.430211458764284,3.5241897628145584,3.308039439436976,3.4396092891693115,1810700,0.0,0.0,AGI
2016-01-08 00:00:00-05:00,3.364427005032168,3.4208142212980293,3.120083148086737,3.270448684692383,1470900,0.0,0.0,AGI
2016-01-11 00:00:00-05:00,3.2422544721776054,3.2798457920072916,2.9697171793504396,2.9791150093078613,1270500,0.0,0.0,AGI
2016-01-12 00:00:00-05:00,2.9415234815504556,3.0073082866022705,2.8193514766780177,2.894534111022949,1762900,0.0,0.0,AGI
2016-01-13 00:00:00-05:00,2.8663406231436,2.979114798722921,2.8569427938504837,2.894534111022949,800400,0.0,0.0,AGI
2016-01-14 00:00:00-05:00,2.8287499815007777,2.866341307650373,2.565610474391633,2.5844061374664307,2023600,0.0,0.0,AGI
2016-01-15 00:00:00-05:00,2.744169352235104,2.7535671832744586,2.3682556625369924,2.4152448177337646,1536600,0.0,0.0,AGI
2016-01-19 00:00:00-05:00,2.3870510143146433,2.3964488441323413,2.199094193898748,2.2648792266845703,2046100,0.0,0.0,AGI
2016-01-20 00:00:00-05:00,2.28367499183074,2.321266312838333,2.152105144242218,2.199094295501709,2236000,0.0,0.0,AGI
2016-01-21 00:00:00-05:00,2.180298846597034,2.2930730446265533,2.133309690777221,2.255481719970703,1047600,0.0,0.0,AGI
2016-01-22 00:00:00-05:00,2.2742770409932658,2.321266189761322,2.208492008656052,2.2930727005004883,1309800,0.0,0.0,AGI
2016-01-25 00:00:00-05:00,2.321266404278924,2.4904275795387285,2.3118685736568216,2.481029748916626,657200,0.0,0.0,AGI
2016-01-26 00:00:00-05:00,2.5092233236554136,2.791158475691963,2.5092233236554136,2.734771490097046,1363200,0.0,0.0,AGI
2016-01-27 00:00:00-05:00,2.6877819246830046,2.9697172811986743,2.668986264123553,2.941523790359497,1512400,0.0,0.0,AGI
2016-01-28 00:00:00-05:00,2.913329824866709,3.054297490999133,2.8851363364526104,2.969717025756836,1360900,0.0,0.0,AGI
2016-01-29 00:00:00-05:00,2.9133300917757015,3.185867619538106,2.9133300917757015,3.0448999404907227,2070700,0.0,0.0,AGI
2016-02-01 00:00:00-05:00,3.0636957657989417,3.204663452421951,3.0542979349615385,3.1576740741729736,1361200,0.0,0.0,AGI
2016-02-02 00:00:00-05:00,3.026104073203014,3.157673688872487,2.9227277225436374,2.9885127544403076,601200,0.0,0.0,AGI
2016-02-03 00:00:00-05:00,2.9885135623274404,3.2422552566318275,2.9885135623274404,3.185868263244629,1632600,0.0,0.0,AGI
2016-02-04 00:00:00-05:00,3.2798458855460546,3.524189695469459,3.270448055320614,3.3926198482513428,2079200,0.0,0.0,AGI
2016-02-05 00:00:00-05:00,3.336232371438543,3.693350315093994,3.2798453984598654,3.693350315093994,1868900,0.0,0.0,AGI
2016-02-08 00:00:00-05:00,3.7685342726993385,4.02227594942574,3.7027492275762124,3.8625125885009766,2540500,0.0,0.0,AGI
2016-02-09 00:00:00-05:00,4.050468788255406,4.059866842895556,3.561781150065341,3.5899746417999268,1889100,0.0,0.0,AGI
2016-02-10 00:00:00-05:00,3.552383167718825,3.627565809132362,3.4020176608298045,3.5805766582489014,1645500,0.0,0.0,AGI
2016-02-11 00:00:00-05:00,4.031671785359009,4.182037024568595,3.834317184834546,4.003478527069092,2231700,0.0,0.0,AGI
2016-02-12 00:00:00-05:00,3.9376954692372848,4.11625450366559,3.853114756054408,4.097458839416504,1800500,0.0,0.0,AGI
2016-02-16 00:00:00-05:00,3.890705525225313,4.069264533984001,3.702748909755073,3.740340232849121,1543000,0.0,0.0,AGI
2016-02-17 00:00:00-05:00,3.768533538506631,3.7967268036924793,3.627565644143843,3.7591354846954346,1456300,0.0,0.0,AGI
2016-02-18 00:00:00-05:00,3.693350689070149,4.07866215823027,3.693350689070149,4.050468444824219,2739400,0.0,0.0,AGI
2016-02-19 00:00:00-05:00,4.04107166026672,4.116254313795112,3.975286614367396,4.012877941131592,2552800,0.0,0.0,AGI
2016-02-22 00:00:00-05:00,3.8437163833571795,4.069264309477712,3.83431832904021,3.9752860069274902,1104400,0.0,0.0,AGI
2016-02-23 00:00:00-05:00,4.059867507932497,4.163243437164447,3.94709307439694,3.965888738632202,1969700,0.0,0.0,AGI
2016-02-24 00:00:00-05:00,4.135049238226523,4.229027538342696,3.928296529847062,4.041070938110352,2642800,0.0,0.0,AGI
2016-02-25 00:00:00-05:00,4.003479719609319,4.1726406641090765,3.9846836109854515,4.135049343109131,1056500,0.0,0.0,AGI
2016-02-26 00:00:00-05:00,4.041070938110352,4.191436218296227,4.022275278087117,4.041070938110352,1549100,0.0,0.0,AGI
2016-02-29 00:00:00-05:00,4.116253680567639,4.313608339781423,4.031672984297762,4.2948126792907715,1034800,0.0,0.0,AGI
2016-03-01 00:00:00-05:00,4.332405210388878,4.341802819197174,4.125652439118144,4.163243770599365,1564400,0.0,0.0,AGI
2016-03-02 00:00:00-05:00,4.210231848140619,4.323005807471665,4.153844868475097,4.257221221923828,1044800,0.0,0.0,AGI
2016-03-03 00:00:00-05:00,4.26661899171834,4.868080579381023,4.247823331107752,4.821091651916504,1959500,0.0,0.0,AGI
2016-03-04 00:00:00-05:00,5.009046904053983,5.300379788831415,4.905670574576903,4.915068626403809,3500100,0.0,0.0,AGI
2016-03-07 00:00:00-05:00,5.009048582216408,5.4037579287088855,4.999650975364834,5.2064032554626465,2361000,0.0,0.0,AGI
2016-03-08 00:00:00-05:00,5.3661667799874575,5.375564387145386,4.91507043330838,4.924468040466309,2221600,0.0,0.0,AGI
2016-03-09 00:00:00-05:00,4.783500366675432,4.971456974195059,4.661328347725726,4.8680806159973145,1626700,0.0,0.0,AGI
2016-03-10 00:00:00-05:00,4.73651248237042,5.018447930561725,4.698921149028119,4.858684539794922,2146100,0.0,0.0,AGI
2016-03-11 00:00:00-05:00,4.886875540145421,4.924466855983168,4.698918960956687,4.736510276794434,1489000,0.0,0.0,AGI
2016-03-14 00:00:00-04:00,4.736511870123618,4.915070904480832,4.539157171524802,4.614339828491211,2529000,0.0,0.0,AGI
2016-03-15 00:00:00-04:00,4.539156366729129,4.680124047609467,4.416984346757909,4.651930332183838,1318200,0.0,0.0,AGI
2016-03-16 00:00:00-04:00,4.595543147042269,5.00904811695363,4.473371580576093,4.943263530731201,1577700,0.0,0.0,AGI
2016-03-17 00:00:00-04:00,5.112425061570181,5.319177346328547,4.990253032878269,5.037242412567139,1993800,0.0,0.0,AGI
2016-03-18 00:00:00-04:00,5.027844389535048,5.262790393234106,4.933866077680213,5.084231376647949,8645100,0.0,0.0,AGI
2016-03-21 00:00:00-04:00,5.065435681881311,5.281586021827026,4.962059763564096,5.037242412567139,1126100,0.0,0.0,AGI
2016-03-22 00:00:00-04:00,5.14061805450686,5.187607431669417,4.990252764584936,5.065435409545898,701500,0.0,0.0,AGI
2016-03-23 00:00:00-04:00,4.905672083847427,4.962059515909367,4.642532825469971,4.642532825469971,2094900,0.0,0.0,AGI
2016-03-24 00:00:00-04:00,4.670724455457181,4.81169208992997,4.623735542715423,4.7741007804870605,1067800,0.0,0.0,AGI
2016-03-28 00:00:00-04:00,4.849284745448947,4.849284745448947,4.5673498463669615,4.680123805999756,941700,0.0,0.0,AGI
2016-03-29 00:00:00-04:00,4.642533000214564,5.0090486336693125,4.642533000214564,4.99025297164917,1403800,0.0,0.0,AGI
2016-03-30 00:00:00-04:00,4.952659937463879,5.037240611410924,4.783499037693563,4.915068626403809,1249000,0.0,0.0,AGI
2016-03-31 00:00:00-04:00,4.95266229374915,5.056038672408715,4.95266229374915,4.9714579582214355,1131700,0.0,0.0,AGI
2016-04-01 00:00:00-04:00,4.811693809240733,5.272188186645508,4.792898147803227,5.272188186645508,1689500,0.0,0.0,AGI
2016-04-04 00:00:00-04:00,5.206403284037222,5.234597000994533,4.849285259238903,4.886876583099365,1790900,0.0,0.0,AGI
2016-04-05 00:00:00-04:00,4.999649903403088,5.121821455022625,4.877477903659721,5.009047508239746,1705100,0.0,0.0,AGI
2016-04-06 00:00:00-04:00,4.952661925510711,5.187607938007659,4.924468206836536,5.168812274932861,1523900,0.0,0.0,AGI
2016-04-07 00:00:00-04:00,5.403759479522705,5.507135873301353,5.243996084080446,5.403759479522705,2493300,0.0,0.0,AGI
2016-04-08 00:00:00-04:00,5.450746750118063,5.807864288324955,5.450746750118063,5.798466682434082,2570500,0.0,0.0,AGI
2016-04-11 00:00:00-04:00,5.930036644833689,6.033413004357027,5.826660285310352,6.024014949798584,3106400,0.0,0.0,AGI
2016-04-12 00:00:00-04:00,6.0522094030838,6.0522094030838,5.7890696689827825,5.892446041107178,2187400,0.0,0.0,AGI
2016-04-13 00:00:00-04:00,5.798316006713302,5.995985911382138,5.7041875875471195,5.770077705383301,1351800,0.01,0.0,AGI
2016-04-14 00:00:00-04:00,5.694776497413946,5.788904941825782,5.402977646477511,5.5253448486328125,1790400,0.0,0.0,AGI
2016-04-15 00:00:00-04:00,5.5629950396214305,5.864206446320494,5.487692300156598,5.817142009735107,1434700,0.0,0.0,AGI
2016-04-18 00:00:00-04:00,5.939509207760352,5.958334892696212,5.7889037282734765,5.845380783081055,1040900,0.0,0.0,AGI
2016-04-19 00:00:00-04:00,6.080702440118702,6.108940744825146,5.920683883982985,6.033638000488281,2244400,0.0,0.0,AGI
2016-04-20 00:00:00-04:00,5.939510336836784,6.240721801909327,5.751253451691331,5.826556205749512,2448900,0.0,0.0,AGI
2016-04-21 00:00:00-04:00,6.024224889580815,6.024224889580815,5.770077923792298,5.977160453796387,2043400,0.0,0.0,AGI
2016-04-22 00:00:00-04:00,5.920683333378844,6.024224821632894,5.713600805710462,5.751252174377441,1764900,0.0,0.0,AGI
2016-04-25 00:00:00-04:00,5.713602211480211,5.911272170036253,5.694776522514865,5.723014831542969,1588000,0.0,0.0,AGI
2016-04-26 00:00:00-04:00,5.807730832022761,5.826556521557688,5.619473487833656,5.732428073883057,1696900,0.0,0.0,AGI
2016-04-27 00:00:00-04:00,5.75125194989585,6.090114254672256,5.732426266297161,5.986573219299316,2139400,0.0,0.0,AGI
2016-04-28 00:00:00-04:00,6.052464365670154,6.3348501374573605,6.02422605779532,6.325437068939209,2360900,0.0,0.0,AGI
2016-04-29 00:00:00-04:00,6.4948678648073,6.796078836682118,6.447803426031983,6.777253150939941,3647000,0.0,0.0,AGI
2016-05-02 00:00:00-04:00,6.8337309697191975,6.927859402737415,6.626647968239346,6.654886722564697,3195800,0.0,0.0,AGI
2016-05-03 00:00:00-04:00,6.570170898427593,6.777253450752459,6.428978024695297,6.598409652709961,3692700,0.0,0.0,AGI
2016-05-04 00:00:00-04:00,6.466630078032345,6.6454743437262005,5.901858972537959,5.995987415313721,1981500,0.0,0.0,AGI
2016-05-05 00:00:00-04:00,6.108941259119124,6.231308453388147,5.948923138351708,6.174831390380859,1444200,0.0,0.0,AGI
2016-05-06 00:00:00-04:00,6.287785589061486,6.683125483521125,6.240721593764741,6.570171356201172,3122300,0.0,0.0,AGI
2016-05-09 00:00:00-04:00,6.3254367232072815,6.381914233549658,6.137179851531982,6.137179851531982,1731600,0.0,0.0,AGI
2016-05-10 00:00:00-04:00,6.240721890155459,6.560758599428168,6.09952899987994,6.476043224334717,1494600,0.0,0.0,AGI
2016-05-11 00:00:00-04:00,6.61723561703721,6.777253735221331,6.240721420893848,6.504281044006348,2594500,0.0,0.0,AGI
2016-05-12 00:00:00-04:00,6.523107019422291,6.69253866203054,6.325437068939209,6.325437068939209,1884300,0.0,0.0,AGI
2016-05-13 00:00:00-04:00,6.1465916982952,6.410151266275078,6.0995272653075165,6.287784099578857,1703200,0.0,0.0,AGI
2016-05-16 00:00:00-04:00,6.485454330643007,6.74901436090013,6.4666286462560505,6.692537307739258,2670500,0.0,0.0,AGI
2016-05-17 00:00:00-04:00,6.758427529294371,7.012574513643943,6.645473413770063,6.946684837341309,3143000,0.0,0.0,AGI
2016-05-18 00:00:00-04:00,6.805492298277891,7.087878049611492,6.344262297611648,6.353675365447998,3486200,0.0,0.0,AGI
2016-05-19 00:00:00-04:00,6.174830993909621,6.532519485495914,6.137179620988935,6.457216739654541,2956400,0.0,0.0,AGI
2016-05-20 00:00:00-04:00,6.52310691816259,6.654887182332197,6.2595472875029845,6.626648426055908,3453000,0.0,0.0,AGI
2016-05-23 00:00:00-04:00,6.447803004153807,6.560757111216304,6.278371843560061,6.391325950622559,1667100,0.0,0.0,AGI
2016-05-24 00:00:00-04:00,6.0712898040178604,6.203070064810035,5.770078805269559,5.779491424560547,2610100,0.0,0.0,AGI
2016-05-25 00:00:00-04:00,5.694775318113366,5.967747974799157,5.506518019435063,5.901857852935791,2710500,0.0,0.0,AGI
2016-05-26 00:00:00-04:00,6.043051861121511,6.090115858089481,5.835968838175017,5.995987415313721,1846500,0.0,0.0,AGI
2016-05-27 00:00:00-04:00,5.958334402413058,6.090114186120539,5.817141552592337,5.8736186027526855,2172300,0.0,0.0,AGI
2016-05-31 00:00:00-04:00,5.807730085576333,6.259547025184016,5.788904398461004,6.02422571182251,1759200,0.0,0.0,AGI
2016-06-01 00:00:00-04:00,6.043050095727884,6.146591576952917,5.78890315005894,5.9489216804504395,1560200,0.0,0.0,AGI
2016-06-02 00:00:00-04:00,5.873619101040139,6.043050714734584,5.798316361104711,5.901857852935791,956700,0.0,0.0,AGI
2016-06-03 00:00:00-04:00,6.268960229682501,6.814905655844183,6.268960229682501,6.786667346954346,3208800,0.0,0.0,AGI
2016-06-06 00:00:00-04:00,6.843142420290393,7.012573570796674,6.701949570448644,7.0031609535217285,1829400,0.0,0.0,AGI
2016-06-07 00:00:00-04:00,6.8431433083080755,7.040813233969719,6.786666250810428,6.861968994140625,1483700,0.0,0.0,AGI
2016-06-08 00:00:00-04:00,7.191418977933515,7.407914597173754,7.125529299581989,7.182006359100342,3514000,0.0,0.0,AGI
2016-06-09 00:00:00-04:00,7.144353958860892,7.511455017367665,7.125528275061562,7.42673921585083,1898000,0.0,0.0,AGI
2016-06-10 00:00:00-04:00,7.549107475437287,7.690299891512956,7.332611420084506,7.407914161682129,2770000,0.0,0.0,AGI
2016-06-13 00:00:00-04:00,7.633823165250661,7.756190357250137,7.040813790252792,7.229070663452148,5030500,0.0,0.0,AGI
2016-06-14 00:00:00-04:00,7.257310709798074,7.351439163141525,7.040815042688202,7.219659328460693,2899200,0.0,0.0,AGI
2016-06-15 00:00:00-04:00,7.257308114557067,7.718537595422495,7.1725923124227196,7.596170425415039,3189700,0.0,0.0,AGI
2016-06-16 00:00:00-04:00,7.9538599563392145,8.085640210749117,7.1914189794237915,7.266721725463867,5890400,0.0,0.0,AGI
2016-06-17 00:00:00-04:00,7.42673968434562,7.567932546167192,7.153767027615787,7.342024326324463,16507200,0.0,0.0,AGI
2016-06-20 00:00:00-04:00,7.191419160851598,7.407914785598533,7.087878106854206,7.332612037658691,1896400,0.0,0.0,AGI
2016-06-21 00:00:00-04:00,7.163180351257324,7.351437207873387,7.087877608610899,7.163180351257324,1685100,0.0,0.0,AGI
2016-06-22 00:00:00-04:00,7.229070174903277,7.276134614442342,6.974923188839796,7.172593116760254,1808900,0.0,0.0,AGI
2016-06-23 00:00:00-04:00,7.1443554363884125,7.257309562544484,7.0596396173514595,7.097290992736816,1421600,0.0,0.0,AGI
2016-06-24 00:00:00-04:00,7.831492005847047,7.8409050726039435,7.370262506912569,7.473803997039795,2404500,0.0,0.0,AGI
2016-06-27 00:00:00-04:00,7.7279502655088805,7.925620161125722,7.558518669928911,7.793839931488037,3857500,0.0,0.0,AGI
2016-06-28 00:00:00-04:00,7.680888825569548,7.7844307955026855,7.596172994780517,7.690301895141602,2228300,0.0,0.0,AGI
2016-06-29 00:00:00-04:00,7.784427982195325,7.98209698569214,7.699712182022749,7.887969017028809,2462200,0.0,0.0,AGI
2016-06-30 00:00:00-04:00,8.057401348697603,8.273896504184734,7.944446339762297,8.095052719116211,2657300,0.0,0.0,AGI
2016-07-01 00:00:00-04:00,8.405679353961263,8.744541792724137,8.245660755681078,8.697477340698242,2182900,0.0,0.0,AGI
2016-07-05 00:00:00-04:00,8.85749248440858,8.99868578541852,8.443327443007455,8.970446586608887,2890500,0.0,0.0,AGI
2016-07-06 00:00:00-04:00,9.121053738852519,9.394026427280851,9.055164058166927,9.318723678588867,3089700,0.0,0.0,AGI
2016-07-07 00:00:00-04:00,9.234008448641157,9.281071991729236,8.866906887869158,9.186944007873535,2257300,0.0,0.0,AGI
2016-07-08 00:00:00-04:00,9.083400995626699,9.704649925231934,9.026924391458593,9.704649925231934,2701000,0.0,0.0,AGI
2016-07-11 00:00:00-04:00,9.591698659062407,9.798781716289994,9.394028672090572,9.761130332946777,2022100,0.0,0.0,AGI
2016-07-12 00:00:00-04:00,9.685826282994686,9.73289073035813,9.234009742736816,9.234009742736816,2195700,0.0,0.0,AGI
2016-07-13 00:00:00-04:00,9.337552358162306,9.450506511969131,9.045753454234815,9.356377601623535,2218200,0.0,0.0,AGI
2016-07-14 00:00:00-04:00,9.083402981056532,9.18694494079576,8.838669480035708,9.102229118347168,2123400,0.0,0.0,AGI
2016-07-15 00:00:00-04:00,8.923382152938906,9.18694262241903,8.90455691807856,8.970446586608887,1560100,0.0,0.0,AGI
2016-07-18 00:00:00-04:00,8.961035994058134,9.026925674176937,8.75395298809674,8.895145416259766,1476600,0.0,0.0,AGI
2016-07-19 00:00:00-04:00,8.791603048489748,8.848079652244476,8.688061112140359,8.706887245178223,1505600,0.0,0.0,AGI
2016-07-20 00:00:00-04:00,8.462155305585783,8.537458063769442,8.000925687290959,8.066815376281738,2132000,0.0,0.0,AGI
2016-07-21 00:00:00-04:00,8.151530001685122,8.528044634764626,8.151530001685122,8.38685131072998,1319700,0.0,0.0,AGI
2016-07-22 00:00:00-04:00,8.23624384809027,8.358611007269133,8.11387668891141,8.21741771697998,854700,0.0,0.0,AGI
2016-07-25 00:00:00-04:00,8.076226820577155,8.17976786782781,7.859731658776832,7.916208267211914,1303400,0.0,0.0,AGI
2016-07-26 00:00:00-04:00,8.047989244654046,8.349200244044273,7.953860358504805,8.2080078125,1430500,0.0,0.0,AGI
2016-07-27 00:00:00-04:00,8.330371968911692,8.612756729067945,8.04798631107618,8.556280136108398,1916800,0.0,0.0,AGI
2016-07-28 00:00:00-04:00,8.669235806208214,8.753951608830091,8.273895992425734,8.480978965759277,1424500,0.0,0.0,AGI
2016-07-29 00:00:00-04:00,8.631584547548755,8.876318892074803,8.518630441847373,8.791603088378906,1597400,0.0,0.0,AGI
2016-08-01 00:00:00-04:00,8.772776910060166,8.81984134494647,8.584520068194388,8.735125541687012,664600,0.0,0.0,AGI
2016-08-02 00:00:00-04:00,8.913970609650452,9.149291896828387,8.81984173570749,8.838667869567871,1381900,0.0,0.0,AGI
2016-08-03 00:00:00-04:00,8.80101739422161,8.80101739422161,8.546869947347137,8.66923713684082,1156800,0.0,0.0,AGI
2016-08-04 00:00:00-04:00,8.725712772774846,8.876318235910139,8.678648341125225,8.753951072692871,781700,0.0,0.0,AGI
2016-08-05 00:00:00-04:00,8.490391996243224,8.631584401562094,8.23624458945395,8.368024826049805,1383300,0.0,0.0,AGI
2016-08-08 00:00:00-04:00,8.330372848640202,8.575106273442064,8.25507011828896,8.49980354309082,914800,0.0,0.0,AGI
2016-08-09 00:00:00-04:00,8.584520044254324,8.669235847277532,8.528043440691805,8.565694808959961,1203300,0.0,0.0,AGI
2016-08-10 00:00:00-04:00,8.80101553939467,8.829253839425162,8.066812557166926,8.179766654968262,2218600,0.0,0.0,AGI
2016-08-11 00:00:00-04:00,8.302135188841822,8.518631251950687,8.25507164691685,8.4245023727417,1823400,0.0,0.0,AGI
2016-08-12 00:00:00-04:00,8.584520308538231,8.744538853024096,8.415088697275678,8.471566200256348,1730500,0.0,0.0,AGI
2016-08-15 00:00:00-04:00,8.46215252474266,8.61275799161782,8.42450115802387,8.546868324279785,1129200,0.0,0.0,AGI
2016-08-16 00:00:00-04:00,8.593934059143066,8.753952616361772,8.575107924091677,8.593934059143066,1136100,0.0,0.0,AGI
2016-08-17 00:00:00-04:00,8.490392072423651,8.669235847277532,8.273896031622185,8.565694808959961,2291000,0.0,0.0,AGI
2016-08-18 00:00:00-04:00,8.735123877385975,8.735123877385975,8.386848561871238,8.556280136108398,1275900,0.0,0.0,AGI
2016-08-19 00:00:00-04:00,8.339787150019475,8.433916035876685,8.123291969299316,8.123291969299316,3249300,0.0,0.0,AGI
2016-08-22 00:00:00-04:00,8.047988549421515,8.24565847511536,7.982097975737227,8.000924110412598,1125700,0.0,0.0,AGI
2016-08-23 00:00:00-04:00,8.142115614810338,8.179766982250593,7.709124440407698,7.727950572967529,1611000,0.0,0.0,AGI
2016-08-24 00:00:00-04:00,7.577346036229561,7.5867591036685385,7.003161938804971,7.0878777503967285,2289300,0.0,0.0,AGI
2016-08-25 00:00:00-04:00,7.021988102932856,7.4549793601311665,7.003162415612921,7.229070663452148,1941900,0.0,0.0,AGI
2016-08-26 00:00:00-04:00,7.4079139466514885,7.586758626014106,7.059638552452056,7.200831413269043,2070400,0.0,0.0,AGI
2016-08-29 00:00:00-04:00,7.0690517844822445,7.342024445648481,6.993748594471091,7.23848295211792,1062000,0.0,0.0,AGI
2016-08-30 00:00:00-04:00,7.191417380020538,7.200830445601926,6.730187938684671,6.843142032623291,1542500,0.0,0.0,AGI
2016-08-31 00:00:00-04:00,6.6925377511497,6.777253112083918,6.541931817236008,6.607821941375732,1556000,0.0,0.0,AGI
2016-09-01 00:00:00-04:00,6.560758655422793,7.003163018805922,6.438391901723473,6.984337329864502,2026000,0.0,0.0,AGI
2016-09-02 00:00:00-04:00,7.276133883669261,7.370262304453914,7.0784639756016325,7.323198318481445,1999000,0.0,0.0,AGI
2016-09-06 00:00:00-04:00,7.502041955259161,7.878556080296795,7.445564903829471,7.840904712677002,1947800,0.0,0.0,AGI
2016-09-07 00:00:00-04:00,7.840908373725231,7.840908373725231,7.492632836206756,7.803256988525391,1580300,0.0,0.0,AGI
2016-09-08 00:00:00-04:00,7.737362939133715,7.8126656672004735,7.5020412406656,7.5773444175720215,1339100,0.0,0.0,AGI
2016-09-09 00:00:00-04:00,7.454978775710471,7.6055842624634895,7.342024660645707,7.417327404022217,1800900,0.0,0.0,AGI
2016-09-12 00:00:00-04:00,7.342024426108724,8.292722652966999,7.3043730556232225,8.264483451843262,4656400,0.0,0.0,AGI
2016-09-13 00:00:00-04:00,8.142116172738426,8.28330948357403,7.878556582596555,7.982097625732422,4255100,0.0,0.0,AGI
2016-09-14 00:00:00-04:00,8.085641379806804,8.320962719625722,7.925622796915565,7.972687244415283,2192500,0.0,0.0,AGI
2016-09-15 00:00:00-04:00,7.9067948988336845,8.095052646927392,7.746776351561716,7.925621032714844,1929100,0.0,0.0,AGI
2016-09-16 00:00:00-04:00,7.812666747017212,8.076226331678383,7.379675551948418,7.445565223693848,9943500,0.0,0.0,AGI
2016-09-19 00:00:00-04:00,7.539694960602779,7.69971352263901,7.454979145680122,7.549108028411865,1634700,0.0,0.0,AGI
2016-09-20 00:00:00-04:00,7.55851803301885,7.58675722835555,7.257307130861768,7.398499965667725,1284300,0.0,0.0,AGI
2016-09-21 00:00:00-04:00,7.55852044951524,8.151530275984646,7.483217699901307,8.123291969299316,3013500,0.0,0.0,AGI
2016-09-22 00:00:00-04:00,8.377435883318661,8.415087246253693,7.991509188814758,8.113876342773438,2452700,0.0,0.0,AGI
2016-09-23 00:00:00-04:00,8.029164154819227,8.151531363689918,7.63382421775383,7.765604496002197,1459400,0.0,0.0,AGI
2016-09-26 00:00:00-04:00,7.8032533031682645,7.9632718391132356,7.718537502058644,7.756188869476318,1632400,0.0,0.0,AGI
2016-09-27 00:00:00-04:00,7.643236294412079,7.78442962369964,7.370263601671633,7.454979419708252,1641400,0.0,0.0,AGI
2016-09-28 00:00:00-04:00,7.464390552046038,7.822079440407872,7.2478949648447175,7.727950572967529,1630900,0.0,0.0,AGI
2016-09-29 00:00:00-04:00,7.643235279431736,7.878556565982022,7.558519472644918,7.812666893005371,1177300,0.0,0.0,AGI
2016-09-30 00:00:00-04:00,8.000924017392693,8.05740152308268,7.671473845840018,7.718538284301758,1685000,0.0,0.0,AGI
2016-10-03 00:00:00-04:00,7.70912521707351,7.812667161225236,7.436153000050571,7.718538284301758,2006000,0.0,0.0,AGI
2016-10-04 00:00:00-04:00,7.38908934724414,7.38908934724414,6.852557025699458,6.871382713317871,2650500,0.0,0.0,AGI
2016-10-05 00:00:00-04:00,7.01257433036165,7.01257433036165,6.588996183796354,6.852556228637695,1804900,0.0,0.0,AGI
2016-10-06 00:00:00-04:00,6.579583385013531,7.031400302569292,6.485454954031031,6.730189323425293,2756400,0.0,0.0,AGI
2016-10-07 00:00:00-04:00,6.956097435727709,7.144354743229203,6.636060776002752,6.918446063995361,2413000,0.0,0.0,AGI
2016-10-10 00:00:00-04:00,6.993749949915298,7.040814396688764,6.805493060501091,6.984337329864502,1043600,0.0,0.0,AGI
2016-10-11 00:00:00-04:00,6.909032276285192,7.07846342040838,6.758426366002679,6.767839431762695,1295500,0.0,0.0,AGI
2016-10-12 00:00:00-04:00,6.796117407313743,7.078896395893977,6.730135523454406,7.031766414642334,1566800,0.01,0.0,AGI
2016-10-13 00:00:00-04:00,7.088324142122269,7.606751836280469,7.069472234143151,7.257991313934326,2336200,0.0,0.0,AGI
2016-10-14 00:00:00-04:00,7.135453465755951,7.361676340230457,7.003489672847592,7.04119348526001,1848300,0.0,0.0,AGI
2016-10-17 00:00:00-04:00,7.069472234143151,7.352251303294853,7.022342239462888,7.257991313934326,1984200,0.0,0.0,AGI
2016-10-18 00:00:00-04:00,7.418231791025032,7.766992267980874,7.323972263397086,7.748140811920166,2332800,0.0,0.0,AGI
2016-10-19 00:00:00-04:00,7.889531370648369,7.9649390070113455,7.766993736826048,7.917809009552002,2313300,0.0,0.0,AGI
2016-10-20 00:00:00-04:00,7.917805083120621,8.134602604351961,7.7387122603029805,8.125176429748535,2359500,0.0,0.0,AGI
2016-10-21 00:00:00-04:00,8.059197256149282,8.228863951747869,8.021493446135182,8.200586318969727,1937400,0.0,0.0,AGI
2016-10-24 00:00:00-04:00,8.238290908632159,8.27599472221444,7.880104230135566,8.106328010559082,3505100,0.0,0.0,AGI
2016-10-25 00:00:00-04:00,8.16288174940412,8.332549328144971,8.049770329886769,8.304271697998047,1836700,0.0,0.0,AGI
2016-10-26 00:00:00-04:00,8.313698169174728,8.370254336519018,7.889530060346793,7.908382415771484,1690500,0.0,0.0,AGI
2016-10-27 00:00:00-04:00,7.974363287110342,7.983789464143254,7.408805699616566,7.427657604217529,2343800,0.0,0.0,AGI
2016-10-28 00:00:00-04:00,7.418231933884958,7.493639557439511,7.0411933666473026,7.239138603210449,2296700,0.0,0.0,AGI
2016-10-31 00:00:00-04:00,7.267415925981651,7.418231157302566,7.1260264218858715,7.399379253387451,1201300,0.0,0.0,AGI
2016-11-01 00:00:00-04:00,7.587900588732044,7.71043821873568,7.446511050225151,7.531344413757324,1862300,0.0,0.0,AGI
2016-11-02 00:00:00-04:00,7.70101048083707,7.851825718333606,7.276841951180771,7.484213352203369,2412700,0.0,0.0,AGI
2016-11-03 00:00:00-04:00,7.446510277842165,7.682158884957929,7.427658371294307,7.6350297927856445,1686900,0.0,0.0,AGI
2016-11-04 00:00:00-04:00,7.635028995642877,7.635028995642877,7.257990005121046,7.30511999130249,2268500,0.0,0.0,AGI
2016-11-07 00:00:00-05:00,7.078897566691259,7.192009001045222,6.899804237565041,7.0034894943237305,1758900,0.0,0.0,AGI
2016-11-08 00:00:00-05:00,7.022340284197184,7.154304052772607,6.73013556714843,6.777265548706055,2352900,0.0,0.0,AGI
2016-11-09 00:00:00-05:00,7.305120251420001,7.352250239279629,6.89980406379373,7.08832311630249,3214700,0.0,0.0,AGI
2016-11-10 00:00:00-05:00,7.126026908608219,7.248564517158456,6.626451196003215,6.664155006408691,3417300,0.0,0.0,AGI
2016-11-11 00:00:00-05:00,6.635877588076121,6.701859487622459,5.853522769657035,5.976060390472412,4070000,0.0,0.0,AGI
2016-11-14 00:00:00-05:00,5.881800199794856,6.2211349650029915,5.693281135493061,6.060893535614014,2544900,0.0,0.0,AGI
2016-11-15 00:00:00-05:00,6.164579206353346,6.579321594634185,6.098597309536542,6.551043510437012,2497700,0.0,0.0,AGI
2016-11-16 00:00:00-05:00,6.513340356489529,6.607600347035702,6.1080241051077815,6.23056173324585,2648900,0.0,0.0,AGI
2016-11-17 00:00:00-05:00,6.5510436479358924,6.5510436479358924,5.891226463778647,6.0514678955078125,2427800,0.0,0.0,AGI
2016-11-18 00:00:00-05:00,5.966634238619698,6.079745681658716,5.881800431607974,6.032616138458252,1550900,0.0,0.0,AGI
2016-11-21 00:00:00-05:00,6.15515398828928,6.315394980476742,6.117449723078477,6.183431625366211,1412000,0.0,0.0,AGI
2016-11-22 00:00:00-05:00,6.211708693417171,6.249412502981003,5.919503944565031,6.192856788635254,1613800,0.0,0.0,AGI
2016-11-23 00:00:00-05:00,5.86294978477305,5.985487432472611,5.768690228644547,5.872375965118408,2475700,0.0,0.0,AGI
2016-11-25 00:00:00-05:00,5.900652652845547,5.919504559586128,5.7404112208181575,5.806392669677734,1160500,0.0,0.0,AGI
2016-11-28 00:00:00-05:00,6.0703200050877735,6.164579541765471,5.778115216654447,6.145727634429932,1953600,0.0,0.0,AGI
2016-11-29 00:00:00-05:00,5.957207754128865,6.277690135421446,5.928929672223558,6.192856788635254,1980500,0.0,0.0,AGI
2016-11-30 00:00:00-05:00,6.155152847968057,6.155152847968057,5.938355722861314,6.023189067840576,2306700,0.0,0.0,AGI
2016-12-01 00:00:00-05:00,5.947781458504533,6.013763348659079,5.674428619880471,5.778114318847656,3020300,0.0,0.0,AGI
2016-12-02 00:00:00-05:00,5.853522418966799,5.985485760688504,5.834670513006555,5.9006524085998535,2001400,0.0,0.0,AGI
2016-12-05 00:00:00-05:00,5.844095862019752,6.060892991226622,5.702706801225375,5.947781562805176,2404300,0.0,0.0,AGI
2016-12-06 00:00:00-05:00,5.9195048410648,6.070320102160868,5.6932814999557655,5.712133407592773,3323800,0.0,0.0,AGI
2016-12-07 00:00:00-05:00,5.834670032066615,5.891225745285574,5.702706701222378,5.778114318847656,1933700,0.0,0.0,AGI
2016-12-08 00:00:00-05:00,5.778115637987464,5.815819455407859,5.6744299153489,5.730985641479492,1846300,0.0,0.0,AGI
2016-12-09 00:00:00-05:00,5.702707290649414,5.787540644513729,5.627299215765165,5.702707290649414,3624800,0.0,0.0,AGI
2016-12-12 00:00:00-05:00,5.8440964143475735,6.353098339814915,5.834670685820722,6.1174492835998535,4155600,0.0,0.0,AGI
2016-12-13 00:00:00-05:00,6.108023819758852,6.23998717110763,5.985486197345383,6.145727634429932,2268700,0.0,0.0,AGI
2016-12-14 00:00:00-05:00,6.1928571757160755,6.4190800472389995,5.872374324927042,5.9006524085998535,3812100,0.0,0.0,AGI
2016-12-15 00:00:00-05:00,5.6932809641721915,5.7781147652876514,5.608447163056731,5.721559047698975,6043300,0.0,0.0,AGI
2016-12-16 00:00:00-05:00,5.778115637987464,5.9006532693362255,5.646151827551125,5.730985641479492,4855600,0.0,0.0,AGI
2016-12-19 00:00:00-05:00,5.759262414441337,5.815818127660296,5.702706701222378,5.778114318847656,2329000,0.0,0.0,AGI
2016-12-20 00:00:00-05:00,5.646150918496381,5.872374236060773,5.617873284716385,5.787540435791016,2154200,0.0,0.0,AGI
2016-12-21 00:00:00-05:00,5.806392945777817,5.815819124328787,5.683855770869727,5.712133407592773,1352400,0.0,0.0,AGI
2016-12-22 00:00:00-05:00,5.655577684681748,5.862948668688842,5.646151506130778,5.712133407592773,1372600,0.0,0.0,AGI
2016-12-23 00:00:00-05:00,5.730984187419906,5.80639180312835,5.6932803795656834,5.796966075897217,998400,0.0,0.0,AGI
2016-12-27 00:00:00-05:00,5.881799678656687,6.126874889999814,5.7969663319697196,6.070319175720215,1639000,0.0,0.0,AGI
2016-12-28 00:00:00-05:00,6.004338275840879,6.23998734898501,5.910078736476214,6.183431625366211,1860800,0.0,0.0,AGI
2016-12-29 00:00:00-05:00,6.249411609567197,6.9375067099346,6.211707805393487,6.805542945861816,5090100,0.0,0.0,AGI
2016-12-30 00:00:00-05:00,6.852674334317612,7.069471477609568,6.428506225446995,6.447358131408691,3068100,0.0,0.0,AGI
2017-01-03 00:00:00-05:00,6.503913622373466,6.85267409522911,6.419079823773221,6.84324836730957,2376300,0.0,0.0,AGI
2017-01-04 00:00:00-05:00,6.928081842174894,7.144878981837246,6.852674219590577,7.06947135925293,2553200,0.0,0.0,AGI
2017-01-05 00:00:00-05:00,7.229712634935148,8.162882619634063,7.229712634935148,8.068623542785645,5228300,0.0,0.0,AGI
2017-01-06 00:00:00-05:00,7.738714199844504,8.210012260982587,7.267416138706422,7.49363899230957,4218200,0.0,0.0,AGI
2017-01-09 00:00:00-05:00,7.6915839907619725,8.078048245852608,7.578472567242494,7.7104363441467285,4715400,0.0,0.0,AGI
2017-01-10 00:00:00-05:00,7.776418274382701,8.030919667576047,7.625603033496159,7.889529705047607,2673200,0.0,0.0,AGI
2017-01-11 00:00:00-05:00,7.8235475733201545,8.08747422164269,7.653879992790836,8.04034423828125,4223700,0.0,0.0,AGI
2017-01-12 00:00:00-05:00,8.210012728557448,8.304272705725223,7.785844629161987,7.927233695983887,3365800,0.0,0.0,AGI
2017-01-13 00:00:00-05:00,7.701009934602696,7.766991371594921,7.437082838239305,7.73871374130249,2890500,0.0,0.0,AGI
2017-01-17 00:00:00-05:00,8.06862396299809,8.087475419777654,7.898956357333031,8.012067794799805,2382700,0.0,0.0,AGI
2017-01-18 00:00:00-05:00,7.955511506473646,8.162882921496331,7.766992446875651,7.908382415771484,2555500,0.0,0.0,AGI
2017-01-19 00:00:00-05:00,7.719864286510958,7.9649395715252735,7.587901362987862,7.7952728271484375,2528400,0.0,0.0,AGI
2017-01-20 00:00:00-05:00,7.776417564233508,8.059196564537023,7.68215759782245,7.861251354217529,1853900,0.0,0.0,AGI
2017-01-23 00:00:00-05:00,7.974363152421072,8.04034459267757,7.84239937297837,7.9932146072387695,1450500,0.0,0.0,AGI
2017-01-24 00:00:00-05:00,8.01206767656829,8.257142903594703,7.898956240770664,7.964937686920166,2272500,0.0,0.0,AGI
2017-01-25 00:00:00-05:00,7.748139646790831,7.927232497620335,7.6633058599501505,7.89895486831665,1664700,0.0,0.0,AGI
2017-01-26 00:00:00-05:00,7.107174813213853,7.305120037277928,6.880951956834832,7.11660099029541,3773200,0.0,0.0,AGI
2017-01-27 00:00:00-05:00,7.126026958952407,7.201434580296103,7.060045065544234,7.14487886428833,1672200,0.0,0.0,AGI
2017-01-30 00:00:00-05:00,7.2297132766806875,7.248565183616736,6.946934223175049,6.946934223175049,2898600,0.0,0.0,AGI
2017-01-31 00:00:00-05:00,7.163730887483325,7.173157065038806,6.984637559113131,7.06947135925293,2554200,0.0,0.0,AGI
2017-02-01 00:00:00-05:00,6.862101246372859,7.389955119253088,6.833823159671713,7.257991313934326,4744200,0.0,0.0,AGI
2017-02-02 00:00:00-05:00,7.540769040089324,7.587899026375826,7.437083339937935,7.550195217132568,3191500,0.0,0.0,AGI
2017-02-03 00:00:00-05:00,7.663305897878484,7.776417314582677,7.59732446286678,7.766991138458252,2370500,0.0,0.0,AGI
2017-02-06 00:00:00-05:00,7.880100410551157,8.257139262548298,7.814118993496647,8.247713088989258,3374500,0.0,0.0,AGI
2017-02-07 00:00:00-05:00,8.115752521705565,8.426809179054333,8.068623433385243,8.200586318969727,3029900,0.0,0.0,AGI
2017-02-08 00:00:00-05:00,8.31369925007168,8.483366875233928,8.134606344901455,8.2571439743042,2816300,0.0,0.0,AGI
2017-02-09 00:00:00-05:00,8.323124713924749,8.332550892052776,7.974364213556183,8.106328010559082,2734200,0.0,0.0,AGI
2017-02-10 00:00:00-05:00,7.889530059800481,8.153456743219397,7.710437177927233,8.030920028686523,3536100,0.0,0.0,AGI
2017-02-13 00:00:00-05:00,7.917806982361133,7.964936967753817,7.795270278841737,7.936659336090088,2606600,0.0,0.0,AGI
2017-02-14 00:00:00-05:00,8.040343326379777,8.087473304395937,7.776416707990674,7.974361896514893,3264000,0.0,0.0,AGI
2017-02-15 00:00:00-05:00,7.8424001868147695,8.162883042340722,7.795271095414903,8.134605407714844,2730100,0.0,0.0,AGI
2017-02-16 00:00:00-05:00,8.200586555407401,8.323124166218644,8.096901299611625,8.172308921813965,4484400,0.0,0.0,AGI
2017-02-17 00:00:00-05:00,8.162881870285633,8.228863307915438,7.757565270149018,7.85182523727417,4199300,0.0,0.0,AGI
2017-02-21 00:00:00-05:00,7.719863498789879,7.719863498789879,7.437084871241047,7.531344413757324,3138800,0.0,0.0,AGI
2017-02-22 00:00:00-05:00,7.474786505516491,7.69158361472894,7.305119378532114,7.5690460205078125,3375600,0.0,0.0,AGI
2017-02-23 00:00:00-05:00,7.738713692815712,7.98378888429369,7.738713692815712,7.804695129394531,3714900,0.0,0.0,AGI
2017-02-24 00:00:00-05:00,7.880102644711583,7.993214062701168,7.5124903115130195,7.5690460205078125,1954900,0.0,0.0,AGI
2017-02-27 00:00:00-05:00,7.597325941432857,7.738715015097355,6.880952597291831,6.9092302322387695,5165300,0.0,0.0,AGI
2017-02-28 00:00:00-05:00,7.003489062101596,7.107174761926182,6.68300668454402,6.814970016479492,4845000,0.0,0.0,AGI
2017-03-01 00:00:00-05:00,6.664155448350721,6.928082138691696,6.522765925221319,6.9092302322387695,4174000,0.0,0.0,AGI
2017-03-02 00:00:00-05:00,6.701858438070472,6.8432479438330684,6.4096536992090245,6.466209411621094,4371300,0.0,0.0,AGI
2017-03-03 00:00:00-05:00,6.409654834012456,6.805544890987671,6.353098662122498,6.683007717132568,6008100,0.0,0.0,AGI
2017-03-06 00:00:00-05:00,6.5981721003856455,6.5981721003856455,6.202281702448138,6.296541213989258,5059400,0.0,0.0,AGI
2017-03-07 00:00:00-05:00,6.183430028579994,6.428505217105746,6.089170513556559,6.268263816833496,4460900,0.0,0.0,AGI
2017-03-08 00:00:00-05:00,6.145726961579319,6.503913611204265,6.145726961579319,6.475635528564453,4871000,0.0,0.0,AGI
2017-03-09 00:00:00-05:00,6.334245743721919,6.503913333383529,6.305968111754888,6.390801906585693,4386400,0.0,0.0,AGI
2017-03-10 00:00:00-05:00,6.437932127557816,6.6547292767045825,6.324820688732956,6.60759973526001,3260400,0.0,0.0,AGI
2017-03-13 00:00:00-04:00,6.6170247938438544,6.99406333455292,6.503913366470592,6.814970016479492,5255800,0.0,0.0,AGI
2017-03-14 00:00:00-04:00,6.814970522394219,6.852674334317612,6.419080047733701,6.447358131408691,5867200,0.0,0.0,AGI
2017-03-15 00:00:00-04:00,6.541619441400866,7.276844423450133,6.419081794570983,7.229714870452881,6084700,0.0,0.0,AGI
2017-03-16 00:00:00-04:00,7.427658111561723,7.437083839773596,7.116601439666746,7.239138603210449,4673500,0.0,0.0,AGI
2017-03-17 00:00:00-04:00,7.257989531682867,7.757565195187557,7.229711901390436,7.73871374130249,23193400,0.0,0.0,AGI
2017-03-20 00:00:00-04:00,7.682157318448041,7.73871347602385,7.455934486004064,7.587898254394531,3825600,0.0,0.0,AGI
2017-03-21 00:00:00-04:00,7.597324764323731,8.002640465530677,7.597324764323731,7.85182523727417,5502900,0.0,0.0,AGI
2017-03-22 00:00:00-04:00,7.908382357529938,7.9366599915289395,7.682158588748592,7.729288578033447,2674500,0.0,0.0,AGI
2017-03-23 00:00:00-04:00,7.738715952022652,7.870679762634883,7.512492597733796,7.701012134552002,3349200,0.0,0.0,AGI
2017-03-24 00:00:00-04:00,7.625602551774699,7.8612515755060315,7.578472567242494,7.7104363441467285,2172600,0.0,0.0,AGI
2017-03-27 00:00:00-04:00,7.898954907411293,7.9083810835357164,7.616175916185996,7.766991138458252,1848100,0.0,0.0,AGI
2017-03-28 00:00:00-04:00,7.776417964580418,7.861251758931866,7.5124908540786075,7.68215799331665,2611200,0.0,0.0,AGI
2017-03-29 00:00:00-04:00,7.65388101493036,7.8329747958350255,7.616177202991976,7.719862461090088,1438300,0.0,0.0,AGI
2017-03-30 00:00:00-04:00,7.653879808732412,7.7104359671920255,7.521916487744562,7.5690460205078125,1276000,0.0,0.0,AGI
2017-03-31 00:00:00-04:00,7.578472196739355,7.7952697554166255,7.550194566974369,7.5690460205078125,1909200,0.0,0.0,AGI
2017-04-03 00:00:00-04:00,7.578474564282624,7.719863656207666,7.550196925683601,7.691586017608643,1473400,0.0,0.0,AGI
2017-04-04 00:00:00-04:00,7.73871374130249,7.73871374130249,7.550194707803518,7.73871374130249,1936100,0.0,0.0,AGI
2017-04-05 00:00:00-04:00,7.635029080652422,7.785844318968466,7.493639120533834,7.663306713104248,3591600,0.0,0.0,AGI
2017-04-06 00:00:00-04:00,7.653880405010896,7.672732758942681,7.4370832789087835,7.49363899230957,1614100,0.0,0.0,AGI
2017-04-07 00:00:00-04:00,7.672733244878323,7.804696135039549,7.465361833143836,7.559621810913086,2073000,0.0,0.0,AGI
2017-04-10 00:00:00-04:00,7.569045902226052,7.682157318448041,7.465360662088303,7.587898254394531,1924100,0.0,0.0,AGI
2017-04-11 00:00:00-04:00,7.720026578926691,7.9559687027320525,7.616211468421757,7.908780097961426,2894400,0.01,0.0,AGI
2017-04-12 00:00:00-04:00,7.908780980569925,8.088096618652344,7.88046817456699,8.088096618652344,2450200,0.0,0.0,AGI
2017-04-13 00:00:00-04:00,8.022032348633564,8.022032348633564,7.66340020621833,7.738901615142822,4302800,0.0,0.0,AGI
2017-04-17 00:00:00-04:00,7.701151629738624,7.757778141743118,7.484084833801191,7.682276725769043,3579500,0.0,0.0,AGI
2017-04-18 00:00:00-04:00,7.5407102025696,7.720026724059493,7.474646694677425,7.521834850311279,3078400,0.0,0.0,AGI
2017-04-19 00:00:00-04:00,7.455771573738891,7.455771573738891,7.09713941968012,7.248142242431641,5157500,0.0,0.0,AGI
2017-04-20 00:00:00-04:00,7.248142364055215,7.304768423537219,7.11601489193054,7.219829559326172,2360200,0.0,0.0,AGI
2017-04-21 00:00:00-04:00,7.229267106202572,7.267017813021599,7.134890339155004,7.191516399383545,2991800,0.0,0.0,AGI
2017-04-24 00:00:00-04:00,7.040512561798096,7.163202566365953,6.9366979079311495,7.040512561798096,2536100,0.0,0.0,AGI
2017-04-25 00:00:00-04:00,6.917823599871464,6.936698953417233,6.596942139569455,6.757382869720459,4653700,0.0,0.0,AGI
2017-04-26 00:00:00-04:00,6.729070673919011,6.814009547556598,6.427064539807684,6.766821384429932,6747400,0.0,0.0,AGI
2017-04-27 00:00:00-04:00,6.7101953962278325,6.757383559899956,6.48369068052014,6.663006782531738,3203500,0.0,0.0,AGI
2017-04-28 00:00:00-04:00,6.681881455537381,6.870635441019003,6.6158179431391515,6.757382869720459,3293500,0.0,0.0,AGI
2017-05-01 00:00:00-04:00,6.700757493479025,6.7101953962278325,6.502566035993783,6.663006782531738,3594700,0.0,0.0,AGI
2017-05-02 00:00:00-04:00,6.559191500327842,6.62525546343338,6.342124707294135,6.361000061035156,4950500,0.0,0.0,AGI
2017-05-03 00:00:00-04:00,6.360999689335993,6.455376902550184,6.228872220869595,6.294936180114746,3751900,0.0,0.0,AGI
2017-05-04 00:00:00-04:00,6.351563040889681,6.351563040889681,5.672049810002767,5.841928005218506,5006300,0.0,0.0,AGI
2017-05-05 00:00:00-04:00,5.907991092079251,6.106182065273599,5.87023993763511,6.0306806564331055,3319800,0.0,0.0,AGI
2017-05-08 00:00:00-04:00,6.049555649200086,6.087306351377321,5.804176085048066,6.0023674964904785,2652400,0.0,0.0,AGI
2017-05-09 00:00:00-04:00,5.945742362215273,5.945742362215273,5.766426274145879,5.9268670082092285,3173600,0.0,0.0,AGI
2017-05-10 00:00:00-04:00,5.992930791777712,6.06843221119791,5.8891161150629605,6.021244049072266,3338900,0.0,0.0,AGI
2017-05-11 00:00:00-04:00,6.030680335420634,6.143932892676847,5.992929633009853,6.077868938446045,2773300,0.0,0.0,AGI
2017-05-12 00:00:00-04:00,6.134495275156186,6.238309936588596,6.040118514773947,6.172245979309082,3042600,0.0,0.0,AGI
2017-05-15 00:00:00-04:00,6.37987631037801,6.44593982807357,6.058994824345991,6.247748374938965,2318800,0.0,0.0,AGI
2017-05-16 00:00:00-04:00,6.2666236438478755,6.370438320258801,6.247748289048067,6.313812255859375,1727200,0.0,0.0,AGI
2017-05-17 00:00:00-04:00,6.445939377881715,6.512003340987254,6.285498646071072,6.361000061035156,2521800,0.0,0.0,AGI
2017-05-18 00:00:00-04:00,6.294936703068373,6.294936703068373,6.096745258892012,6.1156206130981445,2179300,0.0,0.0,AGI
2017-05-19 00:00:00-04:00,6.209996852648282,6.285498263011048,6.181684048774196,6.257185459136963,2248100,0.0,0.0,AGI
2017-05-22 00:00:00-04:00,6.313811984945855,6.370438046915565,6.181684507016531,6.219435214996338,1529300,0.0,0.0,AGI
2017-05-23 00:00:00-04:00,6.276061901746453,6.370438681091155,5.926867593159064,5.936305046081543,3977400,0.0,0.0,AGI
2017-05-24 00:00:00-04:00,5.907991092079251,6.068431360853353,5.747550373281255,6.0306806564331055,3708600,0.0,0.0,AGI
2017-05-25 00:00:00-04:00,5.964616831213702,6.1250570914475855,5.926866128802921,6.077868938446045,2291600,0.0,0.0,AGI
2017-05-26 00:00:00-04:00,6.162809940280813,6.1911227498704555,6.077870611463897,6.09674596786499,1703300,0.0,0.0,AGI
2017-05-30 00:00:00-04:00,5.87024069967591,6.209997533587298,5.87024069967591,6.162809371948242,1954300,0.0,0.0,AGI
2017-05-31 00:00:00-04:00,6.172247213154941,6.37987657752533,6.134496501455595,6.342125415802002,2522600,0.0,0.0,AGI
2017-06-01 00:00:00-04:00,6.2477475735076515,6.3798754919979555,6.219434769562518,6.294936180114746,1653300,0.0,0.0,AGI
2017-06-02 00:00:00-04:00,6.398750722353479,6.417626074630821,6.276060707538808,6.323248863220215,1717000,0.0,0.0,AGI
2017-06-05 00:00:00-04:00,6.370438098907471,6.427064161339331,6.294936682331657,6.370438098907471,1935500,0.0,0.0,AGI
2017-06-06 00:00:00-04:00,6.474252413355293,6.898948083098914,6.427063805595372,6.889510631561279,4802200,0.0,0.0,AGI
2017-06-07 00:00:00-04:00,6.766820596808421,6.927261322817378,6.634693125399129,6.851759910583496,2950100,0.0,0.0,AGI
2017-06-08 00:00:00-04:00,6.78569576743083,6.8140085712453775,6.5780664393459345,6.729069709777832,2320100,0.0,0.0,AGI
2017-06-09 00:00:00-04:00,6.5686296569218126,6.710195040480911,6.521441045727464,6.634693622589111,2507900,0.0,0.0,AGI
2017-06-12 00:00:00-04:00,6.606379591263124,6.81400846612088,6.559190985601687,6.795133113861084,2671900,0.0,0.0,AGI
2017-06-13 00:00:00-04:00,6.747945016886585,6.908385737501585,6.681881058391027,6.870635032653809,2162800,0.0,0.0,AGI
2017-06-14 00:00:00-04:00,7.031075399977787,7.040513301331527,6.549753681534709,6.5875043869018555,6173400,0.0,0.0,AGI
2017-06-15 00:00:00-04:00,6.483690110312621,6.681881550367936,6.427064048871665,6.653568744659424,2558800,0.0,0.0,AGI
2017-06-16 00:00:00-04:00,6.64413072083026,6.795133548568789,6.587504660428311,6.681881427764893,11164000,0.0,0.0,AGI
2017-06-19 00:00:00-04:00,6.70075782113095,6.747946437134462,6.55919242314441,6.578067779541016,2303000,0.0,0.0,AGI
2017-06-20 00:00:00-04:00,6.559191297757311,6.757382730929159,6.540315944599226,6.672443866729736,1681100,0.0,0.0,AGI
2017-06-21 00:00:00-04:00,6.663007190238769,6.861198659851277,6.61581902367922,6.842323303222656,1591700,0.0,0.0,AGI
2017-06-22 00:00:00-04:00,6.936699132626361,6.955574486659775,6.785696300359058,6.880073070526123,1674400,0.0,0.0,AGI
2017-06-23 00:00:00-04:00,6.946136034465743,7.049950241689111,6.908385331834723,7.021637439727783,2054500,0.0,0.0,AGI
2017-06-26 00:00:00-04:00,6.936699171045607,7.0310759417353825,6.842322400355832,6.993325233459473,1181300,0.0,0.0,AGI
2017-06-27 00:00:00-04:00,7.049951595331915,7.049951595331915,6.804571981115587,6.832884788513184,1505800,0.0,0.0,AGI
2017-06-28 00:00:00-04:00,6.870636563177586,6.917824729737135,6.729071163450938,6.842323303222656,1363900,0.0,0.0,AGI
2017-06-29 00:00:00-04:00,6.776258873623476,6.776258873623476,6.436502477191214,6.5120038986206055,2572800,0.0,0.0,AGI
2017-06-30 00:00:00-04:00,6.512002592935033,6.8045707673246865,6.4553765382167665,6.776257514953613,2971100,0.0,0.0,AGI
2017-07-03 00:00:00-04:00,6.606380053617537,6.700756821521574,6.474252578551885,6.502565383911133,1051800,0.0,0.0,AGI
2017-07-05 00:00:00-04:00,6.493127229725913,6.530877932803772,6.238309758938431,6.304373264312744,3188800,0.0,0.0,AGI
2017-07-06 00:00:00-04:00,6.332687390619564,6.436502063423278,6.2854987802477105,6.370438098907471,2908900,0.0,0.0,AGI
2017-07-07 00:00:00-04:00,6.361000417846918,6.398751577470492,6.228872934248258,6.313812255859375,1998900,0.0,0.0,AGI
2017-07-10 00:00:00-04:00,6.285498817153639,6.493128163980184,6.219435302273874,6.48369026184082,1613900,0.0,0.0,AGI
2017-07-11 00:00:00-04:00,6.4836887892447885,6.502564139212541,6.323248089506973,6.408187389373779,1678900,0.0,0.0,AGI
2017-07-12 00:00:00-04:00,6.512002158462218,6.5497528590890495,6.34212355561763,6.3798747062683105,1943000,0.0,0.0,AGI
2017-07-13 00:00:00-04:00,6.389312927271804,6.398750828579101,6.209996852648282,6.257185459136963,2169600,0.0,0.0,AGI
2017-07-14 00:00:00-04:00,6.408187904484503,6.455376508208976,6.228871840364934,6.266622543334961,2339800,0.0,0.0,AGI
2017-07-17 00:00:00-04:00,6.370438016170093,6.596942262955763,6.351562662271287,6.436501979827881,2759600,0.0,0.0,AGI
2017-07-18 00:00:00-04:00,6.493127422477742,6.549753478775503,6.389312760919901,6.427063465118408,1275900,0.0,0.0,AGI
2017-07-19 00:00:00-04:00,6.3987507820129395,6.4742521918262534,6.33268682341434,6.3987507820129395,1558100,0.0,0.0,AGI
2017-07-20 00:00:00-04:00,6.389312668655691,6.5497533841944655,6.370437316829006,6.455376625061035,1208700,0.0,0.0,AGI
2017-07-21 00:00:00-04:00,6.52144044286342,6.672443714711712,6.455376933327204,6.625255107879639,1849600,0.0,0.0,AGI
2017-07-24 00:00:00-04:00,6.625254139014852,6.681880188918109,6.3987499394018235,6.408187389373779,1328900,0.0,0.0,AGI
2017-07-25 00:00:00-04:00,6.417626709279324,6.502565577915145,6.323249488535617,6.370438098907471,1558400,0.0,0.0,AGI
2017-07-26 00:00:00-04:00,6.351562517074896,6.7101946829778285,6.342124615329276,6.681881427764893,2537100,0.0,0.0,AGI
2017-07-27 00:00:00-04:00,6.719632415037566,6.719632415037566,6.427064199076475,6.48369026184082,1879600,0.0,0.0,AGI
2017-07-28 00:00:00-04:00,6.559191405215374,6.719632134699525,6.540316051748058,6.681881427764893,1259600,0.0,0.0,AGI
2017-07-31 00:00:00-04:00,6.700756917550896,6.747945527191144,6.663006209848271,6.691319465637207,1140400,0.0,0.0,AGI
2017-08-01 00:00:00-04:00,6.663006782531738,6.814009626320885,6.6441314270580945,6.663006782531738,1209600,0.0,0.0,AGI
2017-08-02 00:00:00-04:00,6.615818842551562,6.681882363931046,6.54975487114809,6.606380939483643,2246400,0.0,0.0,AGI
2017-08-03 00:00:00-04:00,6.870635314716883,7.465209165490601,6.832884158295392,7.257580280303955,4607800,0.0,0.0,AGI
2017-08-04 00:00:00-04:00,7.106577534052695,7.276455714738318,7.097139632335977,7.191516399383545,2371300,0.0,0.0,AGI
2017-08-07 00:00:00-04:00,7.191516304573212,7.361394933043139,7.0499509308562445,7.219829559326172,2099600,0.0,0.0,AGI
2017-08-08 00:00:00-04:00,7.238704399650531,7.238704399650531,7.002762276845879,7.144327640533447,2192400,0.0,0.0,AGI
2017-08-09 00:00:00-04:00,7.276454852342077,7.389706959376662,7.210390898226634,7.3425188064575195,2193400,0.0,0.0,AGI
2017-08-10 00:00:00-04:00,7.4557724870402415,7.484085294762399,7.3236450009475895,7.389708518981934,2016400,0.0,0.0,AGI
2017-08-11 00:00:00-04:00,7.248142463415949,7.597337176711095,7.21039175657711,7.484084606170654,1805500,0.0,0.0,AGI
2017-08-14 00:00:00-04:00,7.408582191300213,7.531272196958125,7.304767536510914,7.370831489562988,1258400,0.0,0.0,AGI
2017-08-15 00:00:00-04:00,7.200954100445398,7.38027017785109,7.172640846108116,7.285892963409424,1113700,0.0,0.0,AGI
2017-08-16 00:00:00-04:00,7.163202904937039,7.569023639223684,7.144327553343977,7.465208530426025,2513500,0.0,0.0,AGI
2017-08-17 00:00:00-04:00,7.502960389607694,7.540711098610142,7.30476894233287,7.33308219909668,1552100,0.0,0.0,AGI
2017-08-18 00:00:00-04:00,7.465210879124448,7.512399497965486,7.172642612372468,7.238706588745117,2420100,0.0,0.0,AGI
2017-08-21 00:00:00-04:00,7.276456039888994,7.389708165406781,7.26701813775054,7.361395359039307,822400,0.0,0.0,AGI
2017-08-22 00:00:00-04:00,7.314206107572731,7.370832165370426,7.248142148463469,7.276455402374268,589500,0.0,0.0,AGI
2017-08-23 00:00:00-04:00,7.351955870035454,7.361393770136806,7.248141219039803,7.314205169677734,849000,0.0,0.0,AGI
2017-08-24 00:00:00-04:00,7.267018233330422,7.342520101359266,7.229267524327974,7.33308219909668,773500,0.0,0.0,AGI
2017-08-25 00:00:00-04:00,7.361393700597591,7.427457200587609,7.285891850571532,7.3802690505981445,779000,0.0,0.0,AGI
2017-08-28 00:00:00-04:00,7.455772082893474,7.672838880434229,7.389708118416221,7.616212368011475,1463700,0.0,0.0,AGI
2017-08-29 00:00:00-04:00,7.710587882610571,7.795527182426597,7.644524382774853,7.776651382446289,1719700,0.0,0.0,AGI
2017-08-30 00:00:00-04:00,7.720026337517427,7.748339139475338,7.569023527011577,7.672837734222412,957300,0.0,0.0,AGI
2017-08-31 00:00:00-04:00,7.691712725285635,7.8899041413996915,7.653962022218565,7.861591339111328,1364700,0.0,0.0,AGI
2017-09-01 00:00:00-04:00,7.937096596991484,7.955972407709027,7.786093711443919,7.8238444328308105,905100,0.0,0.0,AGI
2017-09-05 00:00:00-04:00,7.90878126903162,8.031471299583117,7.871030559634845,7.927656173706055,1514100,0.0,0.0,AGI
2017-09-06 00:00:00-04:00,7.880467158536659,8.059782773499876,7.833278554583888,7.899342060089111,1476300,0.0,0.0,AGI
2017-09-07 00:00:00-04:00,8.003157761755796,8.097534987267641,7.918219338852648,8.050346374511719,1863800,0.0,0.0,AGI
2017-09-08 00:00:00-04:00,8.003157261583917,8.059783773361632,7.880468136153295,7.974844455718994,1031300,0.0,0.0,AGI
2017-09-11 00:00:00-04:00,7.1537659765050154,7.219829941072423,6.6441309641962745,6.700757026672363,9907400,0.0,0.0,AGI
2017-09-12 00:00:00-04:00,6.785695569801181,6.936698385811301,6.672443457793591,6.823446273803711,3974900,0.0,0.0,AGI
2017-09-13 00:00:00-04:00,6.861197163295444,6.983887179632478,6.795133204493064,6.946136474609375,2763200,0.0,0.0,AGI
2017-09-14 00:00:00-04:00,6.927260943415604,7.12545236468668,6.861196986317282,7.078263759613037,2750700,0.0,0.0,AGI
2017-09-15 00:00:00-04:00,7.078264924922313,7.125453537764714,6.974450246683409,6.983888149261475,5094200,0.0,0.0,AGI
2017-09-18 00:00:00-04:00,6.955574820633327,6.955574820633327,6.823447336055304,6.832884788513184,1693600,0.0,0.0,AGI
2017-09-19 00:00:00-04:00,6.851760322839046,6.908386385421524,6.719632393455988,6.7385077476501465,1945400,0.0,0.0,AGI
2017-09-20 00:00:00-04:00,6.757383559899956,6.908386853713075,6.606380716110808,6.663006782531738,1770700,0.0,0.0,AGI
2017-09-21 00:00:00-04:00,6.59694134223602,6.757382052995501,6.540315288442769,6.549753189086914,1615300,0.0,0.0,AGI
2017-09-22 00:00:00-04:00,6.587504139970419,6.634692744922449,6.521440183042355,6.568628787994385,1428000,0.0,0.0,AGI
2017-09-25 00:00:00-04:00,6.512003863469237,6.804572094940851,6.483690605574064,6.766821384429932,1441100,0.0,0.0,AGI
2017-09-26 00:00:00-04:00,6.691319646607142,6.804571772777972,6.578067070412365,6.59694242477417,1009000,0.0,0.0,AGI
2017-09-27 00:00:00-04:00,6.521440347947624,6.559191052854281,6.360999627082382,6.3987507820129395,1872800,0.0,0.0,AGI
2017-09-28 00:00:00-04:00,6.417626625929075,6.493128041524298,6.389313370068899,6.436501979827881,730600,0.0,0.0,AGI
2017-09-29 00:00:00-04:00,6.436500757208557,6.464813557666755,6.332686105472847,6.3798747062683105,2264000,0.0,0.0,AGI
2017-10-02 00:00:00-04:00,6.342124336697936,6.389312943305032,6.2666229261457085,6.294936180114746,4487800,0.0,0.0,AGI
2017-10-03 00:00:00-04:00,6.294935909522261,6.502564779615808,6.285498008596975,6.455376625061035,1527800,0.0,0.0,AGI
2017-10-04 00:00:00-04:00,6.4836894277891215,6.502564779615808,6.408188020482378,6.455376625061035,1357800,0.0,0.0,AGI
2017-10-05 00:00:00-04:00,6.4270640909506165,6.540316214574008,6.4081887370133845,6.474252700805664,2438100,0.0,0.0,AGI
2017-10-06 00:00:00-04:00,6.436501727241719,6.700756671454904,6.398751020925549,6.672443866729736,1839000,0.0,0.0,AGI
2017-10-09 00:00:00-04:00,6.681882546867389,6.870636563177586,6.672445093565079,6.842323303222656,1445100,0.0,0.0,AGI
2017-10-10 00:00:00-04:00,6.823446803781726,6.889510765929296,6.663006074297576,6.681881427764893,2300300,0.0,0.0,AGI
2017-10-11 00:00:00-04:00,6.700757416023838,6.766821384429932,6.540316671340444,6.766821384429932,1453300,0.0,0.0,AGI
2017-10-12 00:00:00-04:00,6.729069605963747,6.861197071782318,6.710194253703951,6.795133113861084,1639600,0.0,0.0,AGI
2017-10-13 00:00:00-04:00,6.832936994457947,6.8518386001565235,6.672273120695132,6.710076332092285,1236500,0.01,0.0,AGI
2017-10-16 00:00:00-04:00,6.681723523249243,6.728977307746326,6.5588628723872135,6.615567684173584,3354000,0.0,0.0,AGI
2017-10-17 00:00:00-04:00,6.539961630456047,6.757330312993742,6.5116089976686045,6.728977680206299,1569300,0.0,0.0,AGI
2017-10-18 00:00:00-04:00,6.681724583075472,6.776232617709879,6.662822976148591,6.747879981994629,2953300,0.0,0.0,AGI
2017-10-19 00:00:00-04:00,6.77623176574707,6.832936579398325,6.719526952095815,6.77623176574707,1522000,0.0,0.0,AGI
2017-10-20 00:00:00-04:00,6.747880863849981,6.747880863849981,6.681725456285221,6.719528675079346,1024600,0.0,0.0,AGI
2017-10-23 00:00:00-04:00,6.6628222145337945,6.700625424066343,6.521059953461837,6.558863162994385,1185400,0.0,0.0,AGI
2017-10-24 00:00:00-04:00,6.539961903748811,6.539961903748811,6.303691606362798,6.3225932121276855,1746500,0.0,0.0,AGI
2017-10-25 00:00:00-04:00,6.313141373325792,6.350944580001713,6.124125339946188,6.133575916290283,2449000,0.0,0.0,AGI
2017-10-26 00:00:00-04:00,6.143028266051914,6.152479295080854,5.868954733310818,5.8973069190979,2446200,0.0,0.0,AGI
2017-10-27 00:00:00-04:00,5.859503293963541,6.001265564921495,5.859503293963541,5.9634623527526855,1423700,0.0,0.0,AGI
2017-10-30 00:00:00-04:00,5.944559882910679,6.1808301499600695,5.935109306566584,6.133575916290283,1878300,0.0,0.0,AGI
2017-10-31 00:00:00-04:00,6.124126599878523,6.124126599878523,5.897306862509019,5.97291374206543,1536500,0.0,0.0,AGI
2017-11-01 00:00:00-04:00,6.086323815064316,6.086323815064316,5.897307278805237,5.9067583084106445,2035000,0.0,0.0,AGI
2017-11-02 00:00:00-04:00,5.972913405501997,6.218634285602324,5.935110193178869,6.0674214363098145,2289600,0.0,0.0,AGI
2017-11-03 00:00:00-04:00,6.105225289587884,6.114675868335913,5.944561395022432,6.020167827606201,1395100,0.0,0.0,AGI
2017-11-06 00:00:00-05:00,6.02016661769872,6.095773035087434,5.935109623461315,6.039068222045898,1828400,0.0,0.0,AGI
2017-11-07 00:00:00-05:00,5.982364038299671,6.039068857306084,5.802798552787773,5.8878560066223145,1691100,0.0,0.0,AGI
2017-11-08 00:00:00-05:00,5.954011775035402,6.048519805457426,5.897306506132351,5.9634623527526855,1464000,0.0,0.0,AGI
2017-11-09 00:00:00-05:00,6.010716956518703,6.039069142033727,5.9351105276121565,5.97291374206543,1265100,0.0,0.0,AGI
2017-11-10 00:00:00-05:00,5.963462535382302,6.010716777365382,5.887856108729254,5.916208744049072,1018900,0.0,0.0,AGI
2017-11-13 00:00:00-05:00,5.925659480009605,5.954012116085189,5.831151444174098,5.868954658508301,1091100,0.0,0.0,AGI
2017-11-14 00:00:00-05:00,5.8311515600436135,5.9445612052997605,5.8311515600436135,5.859503746032715,1454800,0.0,0.0,AGI
2017-11-15 00:00:00-05:00,5.8973067415988565,5.906757770343336,5.812249736147813,5.840601921081543,2125000,0.0,0.0,AGI
2017-11-16 00:00:00-05:00,5.868954556665127,5.878405134759752,5.764995493725125,5.840601921081543,1911800,0.0,0.0,AGI
2017-11-17 00:00:00-05:00,5.868953782921294,6.1430272712802765,5.850052178574115,6.039068222045898,3087300,0.0,0.0,AGI
2017-11-20 00:00:00-05:00,6.001265013351542,6.067420853891563,5.982363409004364,6.039068222045898,2116500,0.0,0.0,AGI
2017-11-21 00:00:00-05:00,6.0768717038189966,6.5399617071096126,6.0768717038189966,6.407650470733643,2909700,0.0,0.0,AGI
2017-11-22 00:00:00-05:00,6.445454684643867,6.653372374177591,6.445454684643867,6.577765941619873,3286300,0.0,0.0,AGI
2017-11-24 00:00:00-05:00,6.568314625619649,6.587216232934315,6.265888908584992,6.284790515899658,1151200,0.0,0.0,AGI
2017-11-27 00:00:00-05:00,6.398199450649402,6.464355294243347,6.246986608891603,6.265888214111328,1223400,0.0,0.0,AGI
2017-11-28 00:00:00-05:00,6.26588735704735,6.275337933039631,6.14302671459942,6.152477741241455,1353100,0.0,0.0,AGI
2017-11-29 00:00:00-05:00,6.07687225297129,6.124126495557867,5.906757790829353,5.944561004638672,2056400,0.0,0.0,AGI
2017-11-30 00:00:00-05:00,5.916208307748941,6.010716334095608,5.859503041291124,5.982363700866699,1866500,0.0,0.0,AGI
2017-12-01 00:00:00-05:00,5.97291374206543,6.095773963713636,5.944561105900543,5.97291374206543,1254400,0.0,0.0,AGI
2017-12-04 00:00:00-05:00,5.906757326304101,5.944560537140462,5.774446088376839,5.802798271179199,2122200,0.0,0.0,AGI
2017-12-05 00:00:00-05:00,5.74609375,5.850052810463443,5.604331476758913,5.74609375,2555800,0.0,0.0,AGI
2017-12-06 00:00:00-05:00,5.670486488612606,5.831150344560594,5.642133857883641,5.774445533752441,2065500,0.0,0.0,AGI
2017-12-07 00:00:00-05:00,5.670485771817322,5.840600182737942,5.65158417060392,5.793346405029297,1909700,0.0,0.0,AGI
2017-12-08 00:00:00-05:00,5.878403627976458,6.001264266263281,5.793346644327668,5.954010486602783,1667500,0.0,0.0,AGI
2017-12-11 00:00:00-05:00,5.954011604184038,6.0485196318941385,5.727191887029973,5.764995098114014,2917000,0.0,0.0,AGI
2017-12-12 00:00:00-05:00,5.717740220275449,5.8406004075671065,5.642133361861695,5.812248229980469,2069900,0.0,0.0,AGI
2017-12-13 00:00:00-05:00,5.802798786419413,6.105224950613044,5.802798786419413,6.010716915130615,2331100,0.0,0.0,AGI
2017-12-14 00:00:00-05:00,5.954010469862868,5.972912071803872,5.746092397862086,5.812248229980469,2280400,0.0,0.0,AGI
2017-12-15 00:00:00-05:00,5.859503085125562,5.86895411315584,5.613782214786013,5.6988396644592285,5919400,0.0,0.0,AGI
2017-12-18 00:00:00-05:00,5.783895601744094,5.868953035803481,5.736641822216453,5.812248229980469,1737400,0.0,0.0,AGI
2017-12-19 00:00:00-05:00,5.783895601744094,5.831149831921473,5.746092397862086,5.812248229980469,1144200,0.0,0.0,AGI
2017-12-20 00:00:00-05:00,5.84060132345223,6.029617823152346,5.793347536514557,5.991814613342285,1174500,0.0,0.0,AGI
2017-12-21 00:00:00-05:00,5.991813569196336,6.124124780474724,5.944559339843475,6.105223178863525,1239000,0.0,0.0,AGI
2017-12-22 00:00:00-05:00,6.124125949638483,6.275338791396282,6.067421133979308,6.265888214111328,1420000,0.0,0.0,AGI
2017-12-26 00:00:00-05:00,6.294241211089662,6.379298670909751,6.246987417250625,6.275339603424072,1022500,0.0,0.0,AGI
2017-12-27 00:00:00-05:00,6.284790540006026,6.284790540006026,6.095774015484494,6.143028259277344,2755800,0.0,0.0,AGI
2017-12-28 00:00:00-05:00,6.171379203306646,6.26588721432556,6.105223370268535,6.161928176879883,991500,0.0,0.0,AGI
2017-12-29 00:00:00-05:00,6.190280946510087,6.246985754413034,6.105223509330789,6.152477741241455,1023300,0.0,0.0,AGI
2018-01-02 00:00:00-05:00,6.209182534695004,6.398198560598302,6.180829905484632,6.294239521026611,2987900,0.0,0.0,AGI
2018-01-03 00:00:00-05:00,6.294240540090928,6.379297990843451,6.143027694886286,6.360396385192871,2938300,0.0,0.0,AGI
2018-01-04 00:00:00-05:00,6.369846590586265,6.398199222730774,6.275338567854234,6.388748645782471,2266900,0.0,0.0,AGI
2018-01-05 00:00:00-05:00,6.360396385192871,6.388749018993654,6.294240540090928,6.360396385192871,1135500,0.0,0.0,AGI
2018-01-08 00:00:00-05:00,6.464356322888611,6.464356322888611,6.180831748826874,6.228085994720459,2050200,0.0,0.0,AGI
2018-01-09 00:00:00-05:00,6.143028024008217,6.180831237334741,5.916208744049072,5.916208744049072,2532500,0.0,0.0,AGI
2018-01-10 00:00:00-05:00,5.954011518287608,6.048519544634274,5.9256588850586995,5.982363700866699,1807400,0.0,0.0,AGI
2018-01-11 00:00:00-05:00,5.982365140641084,5.982365140641084,5.5192754747658315,5.566529273986816,6627000,0.0,0.0,AGI
2018-01-12 00:00:00-05:00,5.661036257056487,5.81224955777867,5.623233044538401,5.7838969230651855,2528900,0.0,0.0,AGI
2018-01-16 00:00:00-05:00,5.821700198537049,5.887856046484004,5.670487346829545,5.850052833557129,2554200,0.0,0.0,AGI
2018-01-17 00:00:00-05:00,5.8122496206302525,5.95401189443096,5.774446407703377,5.850052833557129,2006400,0.0,0.0,AGI
2018-01-18 00:00:00-05:00,5.850053220237208,5.850053220237208,5.689389329353411,5.717741966247559,1916900,0.0,0.0,AGI
2018-01-19 00:00:00-05:00,5.755545181673173,5.764995760204639,5.698840358534752,5.717741966247559,1149600,0.0,0.0,AGI
2018-01-22 00:00:00-05:00,5.764994506626194,5.821699317434347,5.6893880922153235,5.774445533752441,1105500,0.0,0.0,AGI
2018-01-23 00:00:00-05:00,5.717741648759896,5.935110350712334,5.698840042096633,5.916208744049072,1560300,0.0,0.0,AGI
2018-01-24 00:00:00-05:00,6.048520421990792,6.1241268540350715,5.935110773924374,6.057971000671387,2070300,0.0,0.0,AGI
2018-01-25 00:00:00-05:00,6.076872004223103,6.095773610354051,5.793347912258866,5.821700096130371,2342700,0.0,0.0,AGI
2018-01-26 00:00:00-05:00,5.9918150506753705,6.086323082098516,5.954011838106112,6.029618263244629,2333500,0.0,0.0,AGI
2018-01-29 00:00:00-05:00,6.001265661574019,6.001265661574019,5.74609375,5.74609375,2630300,0.0,0.0,AGI
2018-01-30 00:00:00-05:00,5.783895472649715,5.82169867568797,5.613781058977569,5.6421332359313965,2142600,0.0,0.0,AGI
2018-01-31 00:00:00-05:00,5.7177409425566745,5.727191519396132,5.538175476109049,5.651585102081299,2199200,0.0,0.0,AGI
2018-02-01 00:00:00-05:00,5.63268349775259,5.698839338227966,5.585429261605922,5.651585102081299,1865800,0.0,0.0,AGI
2018-02-02 00:00:00-05:00,5.547626321091855,5.566527926334168,5.349159240722656,5.349159240722656,2554900,0.0,0.0,AGI
2018-02-05 00:00:00-05:00,5.4058628371202095,5.519272893643491,5.301904257060964,5.3680596351623535,2683500,0.0,0.0,AGI
2018-02-06 00:00:00-05:00,5.339708065378304,5.42476505411741,5.2168474197387695,5.2168474197387695,2212000,0.0,0.0,AGI
2018-02-07 00:00:00-05:00,5.1884956381297265,5.273553091426883,5.084537029266357,5.084537029266357,3637700,0.0,0.0,AGI
2018-02-08 00:00:00-05:00,5.112888849697603,5.179044692074489,5.0278318530985295,5.075085639953613,2367900,0.0,0.0,AGI
2018-02-09 00:00:00-05:00,5.1034377341359285,5.122339337013664,4.734856252695208,4.8671674728393555,3229400,0.0,0.0,AGI
2018-02-12 00:00:00-05:00,4.914423318767685,5.2073989623970585,4.819915264685605,5.131792068481445,2316400,0.0,0.0,AGI
2018-02-13 00:00:00-05:00,5.150692425697621,5.1601434541305675,5.037282788401306,5.084537029266357,929600,0.0,0.0,AGI
2018-02-14 00:00:00-05:00,5.093987895065364,5.443668305808151,5.0845373167479195,5.377512454986572,2316100,0.0,0.0,AGI
2018-02-15 00:00:00-05:00,5.368061426019262,5.415315669556084,5.254651782310725,5.377512454986572,1924500,0.0,0.0,AGI
2018-02-16 00:00:00-05:00,5.330258151567035,5.462569851723739,5.2262995379937305,5.311356544494629,2443400,0.0,0.0,AGI
2018-02-20 00:00:00-05:00,5.197946296946483,5.254651111562469,5.075085639953613,5.075085639953613,1599200,0.0,0.0,AGI
2018-02-21 00:00:00-05:00,5.141241258549049,5.245200306144927,5.037282210953172,5.056183815002441,2110000,0.0,0.0,AGI
2018-02-22 00:00:00-05:00,4.819913381743684,4.971126659852154,4.640347923811595,4.6781511306762695,4177500,0.0,0.0,AGI
2018-02-23 00:00:00-05:00,4.678151272959832,4.838815132346093,4.6403480649453925,4.810462951660156,1550600,0.0,0.0,AGI
2018-02-26 00:00:00-05:00,4.848266525952068,4.952225130520762,4.8388154979095575,4.923872947692871,1380400,0.0,0.0,AGI
2018-02-27 00:00:00-05:00,4.8577174792002245,4.91442229989324,4.782111051609537,4.791562080383301,2609400,0.0,0.0,AGI
2018-02-28 00:00:00-05:00,4.810463544515002,4.876618941368552,4.74430769701161,4.8010125160217285,1573100,0.0,0.0,AGI
2018-03-01 00:00:00-05:00,4.753758498776065,4.999479369433673,4.678151626385443,4.923872947692871,2583800,0.0,0.0,AGI
2018-03-02 00:00:00-05:00,4.9616761585632725,5.046733608346585,4.90497134225767,4.923872947692871,1580600,0.0,0.0,AGI
2018-03-05 00:00:00-05:00,4.914423182221464,4.999480653857007,4.886070992109574,4.971128463745117,1206500,0.0,0.0,AGI
2018-03-06 00:00:00-05:00,5.056183291439166,5.103437521994101,4.942773678887011,4.952224254608154,1882200,0.0,0.0,AGI
2018-03-07 00:00:00-05:00,4.933322582571441,4.971126236869254,4.734855988743902,4.744306564331055,2216600,0.0,0.0,AGI
2018-03-08 00:00:00-05:00,4.744306454307707,4.772659081711118,4.630896845993513,4.715953826904297,2347000,0.0,0.0,AGI
2018-03-09 00:00:00-05:00,4.697054008562191,4.810464110577596,4.687603429606679,4.725406646728516,1407800,0.0,0.0,AGI
2018-03-12 00:00:00-04:00,4.678151865801953,4.687602894328145,4.564742227386718,4.659250259399414,2742000,0.0,0.0,AGI
2018-03-13 00:00:00-04:00,4.668701271664787,4.848266757188414,4.659250243171512,4.8010125160217285,1745300,0.0,0.0,AGI
2018-03-14 00:00:00-04:00,4.801013092053876,4.876619526472064,4.772660904472004,4.8293657302856445,1115500,0.0,0.0,AGI
2018-03-15 00:00:00-04:00,4.782111226513257,4.876619264458208,4.715955374626854,4.848267078399658,3733200,0.0,0.0,AGI
2018-03-16 00:00:00-04:00,4.867167913563134,4.961675936509547,4.801012072175745,4.904971122741699,3801700,0.0,0.0,AGI
2018-03-19 00:00:00-04:00,4.88607011487166,4.91442229989324,4.697053595245086,4.791562080383301,2251600,0.0,0.0,AGI
2018-03-20 00:00:00-04:00,4.772660792597565,4.782111371353362,4.697053909301758,4.697053909301758,2929000,0.0,0.0,AGI
2018-03-21 00:00:00-04:00,4.791560674482218,4.914420857943513,4.744306445778065,4.895519256591797,2205000,0.0,0.0,AGI
2018-03-22 00:00:00-04:00,4.838815432023096,4.933323457912255,4.810463249581256,4.857717037200928,1593300,0.0,0.0,AGI
2018-03-23 00:00:00-04:00,5.0089298830729225,5.1601427110253875,4.990028279578864,5.103437900543213,2513500,0.0,0.0,AGI
2018-03-26 00:00:00-04:00,5.131791330462364,5.160143967934481,4.895521003910968,4.942775249481201,2424900,0.0,0.0,AGI
2018-03-27 00:00:00-04:00,4.876619645001953,4.914422863129882,4.782111599682129,4.819914817810059,3926500,0.0,0.0,AGI
2018-03-28 00:00:00-04:00,4.782110214233398,4.88606925929167,4.782110214233398,4.782110214233398,3040900,0.0,0.0,AGI
2018-03-29 00:00:00-04:00,4.848266525952068,4.942774553128071,4.791561709646467,4.923872947692871,2091400,0.0,0.0,AGI
2018-04-02 00:00:00-04:00,4.952225884385621,5.112889780367197,4.914422667760531,5.0089311599731445,1588000,0.0,0.0,AGI
2018-04-03 00:00:00-04:00,4.990028830650567,5.008930436232015,4.857717140930601,4.8860697746276855,2233200,0.0,0.0,AGI
2018-04-04 00:00:00-04:00,4.952226402803942,5.179046176948744,4.933324792512703,4.971128463745117,2709800,0.0,0.0,AGI
2018-04-05 00:00:00-04:00,4.914421343793978,5.093986799712381,4.895519740573608,5.0372819900512695,2619200,0.0,0.0,AGI
2018-04-06 00:00:00-04:00,5.056184392528619,5.19794666441537,5.056184392528619,5.188495635986328,1634900,0.0,0.0,AGI
2018-04-09 00:00:00-04:00,5.1601428625983194,5.16959343929806,5.00893003020416,5.056183815002441,2215100,0.0,0.0,AGI
2018-04-10 00:00:00-04:00,5.141241513537291,5.254651143457645,5.0939872757455715,5.179044723510742,1458800,0.0,0.0,AGI
2018-04-11 00:00:00-04:00,5.235748876061626,5.4531175312331275,5.235748876061626,5.264101505279541,3128700,0.0,0.0,AGI
2018-04-12 00:00:00-04:00,5.226298109168051,5.339707720597262,5.16959285280371,5.207396507263184,1444700,0.0,0.0,AGI
2018-04-13 00:00:00-04:00,5.292609683431121,5.425161495383701,5.254737737158955,5.415693283081055,1600800,0.01,0.0,AGI
2018-04-16 00:00:00-04:00,5.4346288567394465,5.453565279952801,5.302077054530215,5.349417209625244,1251200,0.0,0.0,AGI
2018-04-17 00:00:00-04:00,5.339948998018567,5.387289153113596,5.311545266136892,5.349417209625244,1017200,0.0,0.0,AGI
2018-04-18 00:00:00-04:00,5.434629416110121,5.481969576077735,5.34941776022533,5.406225681304932,2308900,0.0,0.0,AGI
2018-04-19 00:00:00-04:00,5.42516013911182,5.4346278975783475,5.216864486688123,5.254736423492432,1664700,0.0,0.0,AGI
2018-04-20 00:00:00-04:00,5.226333299928083,5.235801511774574,5.169525383256703,5.216865539550781,897300,0.0,0.0,AGI
2018-04-23 00:00:00-04:00,5.15058986982114,5.160057631041782,5.074845974179087,5.0937819480896,1304300,0.0,0.0,AGI
2018-04-24 00:00:00-04:00,5.131654443836908,5.169526395701666,5.103250254203699,5.150590419769287,1125400,0.0,0.0,AGI
2018-04-25 00:00:00-04:00,5.065377470685904,5.216865704742301,5.065377470685904,5.112717628479004,724600,0.0,0.0,AGI
2018-04-26 00:00:00-04:00,5.074846289805177,5.150590190158063,5.055910314716956,5.103250026702881,1049700,0.0,0.0,AGI
2018-04-27 00:00:00-04:00,5.1032498048743715,5.2263338633322105,5.093782043476435,5.1789937019348145,1052600,0.0,0.0,AGI
2018-04-30 00:00:00-04:00,5.1032494163327025,5.1884615197726,5.093781655655604,5.112717628479004,1080500,0.0,0.0,AGI
2018-05-01 00:00:00-04:00,5.074845043711274,5.093781014149896,4.8760171283711715,4.999101161956787,1595400,0.0,0.0,AGI
2018-05-02 00:00:00-04:00,5.122186006191894,5.3494181589150385,4.9896341804604605,5.226334095001221,2694600,0.0,0.0,AGI
2018-05-03 00:00:00-04:00,5.330481128749178,5.330481128749178,5.1411209637150455,5.169525146484375,963800,0.0,0.0,AGI
2018-05-04 00:00:00-04:00,5.131653068681607,5.160056799234044,5.074845156107575,5.084312915802002,839800,0.0,0.0,AGI
2018-05-07 00:00:00-04:00,5.103250255215483,5.14112220708775,5.018038589237519,5.027506351470947,960200,0.0,0.0,AGI
2018-05-08 00:00:00-04:00,5.018037077429524,5.027504836810554,4.904420804573159,4.970696926116943,1474800,0.0,0.0,AGI
2018-05-09 00:00:00-04:00,4.999102981082775,5.018038958412019,4.923358620296488,4.942294597625732,1812400,0.0,0.0,AGI
2018-05-10 00:00:00-04:00,4.9801657434870314,5.084313366707917,4.89495364133431,5.055909633636475,2293900,0.0,0.0,AGI
2018-05-11 00:00:00-04:00,5.074845714849102,5.093781687791967,4.904421506894111,5.018037796020508,1995600,0.0,0.0,AGI
2018-05-14 00:00:00-04:00,5.018037371150668,5.04644110242546,4.932825274387954,4.951761245727539,1517700,0.0,0.0,AGI
2018-05-15 00:00:00-04:00,4.847613120482862,4.866549091599234,4.73399729378463,4.800273418426514,1818200,0.0,0.0,AGI
2018-05-16 00:00:00-04:00,4.800273043246133,4.838144982518877,4.724528713231517,4.762401103973389,2392500,0.0,0.0,AGI
2018-05-17 00:00:00-04:00,4.7813381772957575,4.894954021340165,4.762402203288357,4.876018047332764,1227700,0.0,0.0,AGI
2018-05-18 00:00:00-04:00,4.866548027095137,4.894952203291173,4.809740126172127,4.838144302368164,2392100,0.0,0.0,AGI
2018-05-21 00:00:00-04:00,4.838145703055763,4.942293325831774,4.828677491092928,4.932825565338135,930000,0.0,0.0,AGI
2018-05-22 00:00:00-04:00,4.942293884804028,4.99910226006766,4.733998164224613,4.743466377258301,2280200,0.0,0.0,AGI
2018-05-23 00:00:00-04:00,4.7434652833425,4.970696926116943,4.724528861642154,4.970696926116943,2116700,0.0,0.0,AGI
2018-05-24 00:00:00-04:00,5.065377105285147,5.216865328413649,5.018037402376192,5.1979289054870605,2605300,0.0,0.0,AGI
2018-05-25 00:00:00-04:00,5.188461251371435,5.302077082434437,5.131653335839934,5.160057067871094,1791500,0.0,0.0,AGI
2018-05-29 00:00:00-04:00,5.0275058136681885,5.188461817642166,4.9991020785370335,5.0937819480896,1354500,0.0,0.0,AGI
2018-05-30 00:00:00-04:00,5.112718017741546,5.235802076199386,5.093782043476435,5.1789937019348145,1178600,0.0,0.0,AGI
2018-05-31 00:00:00-04:00,5.1789950529505,5.283143164311769,5.112719351468257,5.2452712059021,1726000,0.0,0.0,AGI
2018-06-01 00:00:00-04:00,5.20739924749243,5.311547358853699,5.131655330673092,5.2452712059021,1559700,0.0,0.0,AGI
2018-06-04 00:00:00-04:00,5.302077760392654,5.302077760392654,5.141121753404593,5.1789937019348145,1325700,0.0,0.0,AGI
2018-06-05 00:00:00-04:00,5.188461613475672,5.349417611116015,5.160057427992995,5.292609691619873,1490800,0.0,0.0,AGI
2018-06-06 00:00:00-04:00,5.3399487402042976,5.519840688823323,5.3399487402042976,5.491436958312988,2870700,0.0,0.0,AGI
2018-06-07 00:00:00-04:00,5.6239887322843085,5.680796644553546,5.529308878502247,5.586116790771484,2761900,0.0,0.0,AGI
2018-06-08 00:00:00-04:00,5.586116716360114,5.661860598376796,5.5577125348692835,5.652392387390137,1528600,0.0,0.0,AGI
2018-06-11 00:00:00-04:00,5.6334560983256035,5.671328037192365,5.548244461609953,5.6429243087768555,1669000,0.0,0.0,AGI
2018-06-12 00:00:00-04:00,5.605052947998047,5.652392650729408,5.56718100522529,5.605052947998047,1889300,0.0,0.0,AGI
2018-06-13 00:00:00-04:00,5.595584475877625,5.709200750371798,5.538776564365113,5.652392387390137,2062100,0.0,0.0,AGI
2018-06-14 00:00:00-04:00,5.709202310142589,5.803882188530262,5.595586004608109,5.6145219802856445,1931700,0.0,0.0,AGI
2018-06-15 00:00:00-04:00,5.548244870802813,5.6050527832926385,5.472500987483047,5.491436958312988,5301000,0.0,0.0,AGI
2018-06-18 00:00:00-04:00,5.481968747163439,5.5577126304832065,5.4440968055035555,5.491436958312988,870300,0.0,0.0,AGI
2018-06-19 00:00:00-04:00,5.415692778564688,5.472501144149982,5.377820835820605,5.387289047241211,1204900,0.0,0.0,AGI
2018-06-20 00:00:00-04:00,5.406224587054855,5.425160556915309,5.311544737752581,5.321012496948242,1282800,0.0,0.0,AGI
2018-06-21 00:00:00-04:00,5.292609056846278,5.3778207001359535,5.283140845664559,5.302076816558838,1484000,0.0,0.0,AGI
2018-06-22 00:00:00-04:00,5.330481133125087,5.396756807192647,5.302076950332441,5.387289047241211,783100,0.0,0.0,AGI
2018-06-25 00:00:00-04:00,5.377820995847004,5.42516115142038,5.273673375936268,5.283141136169434,1085200,0.0,0.0,AGI
2018-06-26 00:00:00-04:00,5.226334388256958,5.387290411411187,5.226334388256958,5.330482482910156,786400,0.0,0.0,AGI
2018-06-27 00:00:00-04:00,5.283139861831298,5.321011796567294,5.254736136513838,5.273672103881836,971700,0.0,0.0,AGI
2018-06-28 00:00:00-04:00,5.283141136169434,5.377820995847004,5.283141136169434,5.283141136169434,1151400,0.0,0.0,AGI
2018-06-29 00:00:00-04:00,5.321012921704481,5.43462874993673,5.311545161753045,5.387289047241211,946800,0.0,0.0,AGI
2018-07-02 00:00:00-04:00,5.31154450607397,5.444096289315517,5.31154450607397,5.36835241317749,856600,0.0,0.0,AGI
2018-07-03 00:00:00-04:00,5.444097884210102,5.548245970145509,5.387289960464218,5.481969833374023,1558100,0.0,0.0,AGI
2018-07-05 00:00:00-04:00,5.605054014032079,5.605054014032079,5.47250218911719,5.5671820640563965,2211700,0.0,0.0,AGI
2018-07-06 00:00:00-04:00,5.538776397705078,5.586116548275629,5.510372668538055,5.538776397705078,1716000,0.0,0.0,AGI
2018-07-09 00:00:00-04:00,5.576648652897997,5.6050528351402304,5.415692673620047,5.425160884857178,2094300,0.0,0.0,AGI
2018-07-10 00:00:00-04:00,5.4062255222476185,5.4535656808224315,5.330481629703287,5.415693283081055,1035200,0.0,0.0,AGI
2018-07-11 00:00:00-04:00,5.349419317263368,5.425163234082706,5.226335226697265,5.2452712059021,1758400,0.0,0.0,AGI
2018-07-12 00:00:00-04:00,5.2831423167579885,5.3588862214260296,5.245270364423968,5.330482482910156,773900,0.0,0.0,AGI
2018-07-13 00:00:00-04:00,5.283141479302577,5.349417611116015,5.254737745289112,5.292609691619873,929200,0.0,0.0,AGI
2018-07-16 00:00:00-04:00,5.264205164233919,5.349417263678324,5.254737404000754,5.283141136169434,766900,0.0,0.0,AGI
2018-07-17 00:00:00-04:00,5.226332647645968,5.368352647333945,5.216864888450308,5.321012496948242,1300400,0.0,0.0,AGI
2018-07-18 00:00:00-04:00,5.283141110590603,5.302077082434437,5.160057067871094,5.160057067871094,1682500,0.0,0.0,AGI
2018-07-19 00:00:00-04:00,5.06537785634415,5.311545973259829,5.036974120681102,5.1789937019348145,2092100,0.0,0.0,AGI
2018-07-20 00:00:00-04:00,5.27367388827081,5.3020776231988975,5.169525806772962,5.188461780548096,925500,0.0,0.0,AGI
2018-07-23 00:00:00-04:00,5.178994510343471,5.178994510343471,5.018038929700488,5.036974906921387,1512600,0.0,0.0,AGI
2018-07-24 00:00:00-04:00,5.055909185249565,5.1411208283760335,5.036973214391554,5.084312915802002,1484900,0.0,0.0,AGI
2018-07-25 00:00:00-04:00,5.131652574511598,5.481968227384531,5.1221843642597875,5.36835241317749,3659900,0.0,0.0,AGI
2018-07-26 00:00:00-04:00,5.33048000598583,5.4724999869803534,5.2642038944633,5.273672103881836,2150900,0.0,0.0,AGI
2018-07-27 00:00:00-04:00,5.283139861831298,5.396755666039287,5.254736136513838,5.273672103881836,1668200,0.0,0.0,AGI
2018-07-30 00:00:00-04:00,5.264205031322604,5.302076974237436,5.1505892025781055,5.1979289054870605,1124500,0.0,0.0,AGI
2018-07-31 00:00:00-04:00,5.131652674839574,5.226332521863176,5.1127167054348535,5.141120433807373,1331700,0.0,0.0,AGI
2018-08-01 00:00:00-04:00,5.1411222060684585,5.235802537199634,5.1127184679045286,5.150590419769287,1515900,0.0,0.0,AGI
2018-08-02 00:00:00-04:00,5.1127173639961,5.254737378559443,5.1127173639961,5.160057067871094,1177900,0.0,0.0,AGI
2018-08-03 00:00:00-04:00,5.112717227848589,5.197928873142134,4.942293034323162,4.951761245727539,1755000,0.0,0.0,AGI
2018-08-06 00:00:00-04:00,4.913889303048371,4.999101399811083,4.88548512030441,4.951761245727539,812000,0.0,0.0,AGI
2018-08-07 00:00:00-04:00,4.980165337496059,5.055909221470741,4.648785167903088,4.677189350128174,2919100,0.0,0.0,AGI
2018-08-08 00:00:00-04:00,4.686657055838891,4.715061237736389,4.610913172737769,4.64878511428833,1237600,0.0,0.0,AGI
2018-08-09 00:00:00-04:00,4.696126459767717,4.705594221825573,4.563574630672858,4.573042392730713,1119600,0.0,0.0,AGI
2018-08-10 00:00:00-04:00,4.544637680053711,4.677189480710102,4.516233497035612,4.544637680053711,1404900,0.0,0.0,AGI
2018-08-13 00:00:00-04:00,4.535170066846547,4.55410604086696,4.393150035958835,4.412086009979248,2282200,0.0,0.0,AGI
2018-08-14 00:00:00-04:00,4.412085506192172,4.4499574499086485,4.345809830422928,4.383681774139404,1307500,0.0,0.0,AGI
2018-08-15 00:00:00-04:00,4.3174053772241905,4.336341347899637,4.146981641145172,4.213257312774658,2777500,0.0,0.0,AGI
2018-08-16 00:00:00-04:00,4.260597064710922,4.402617057161774,4.052301406860352,4.052301406860352,1870600,0.0,0.0,AGI
2018-08-17 00:00:00-04:00,4.08070559185856,4.222725600227851,4.052301861066199,4.146981716156006,2345300,0.0,0.0,AGI
2018-08-20 00:00:00-04:00,4.184854214301402,4.260598108438568,4.109110320164236,4.203790187835693,1260500,0.0,0.0,AGI
2018-08-21 00:00:00-04:00,4.203790079360331,4.270066210754761,4.175385894057231,4.24166202545166,1028000,0.0,0.0,AGI
2018-08-22 00:00:00-04:00,4.260598048922009,4.2795340221917835,4.213257890012968,4.270066261291504,1646300,0.0,0.0,AGI
2018-08-23 00:00:00-04:00,4.24166204126649,4.251129802090016,3.9860261784622923,4.023898124694824,1566600,0.0,0.0,AGI
2018-08-24 00:00:00-04:00,4.0901758291194,4.383683751017849,4.0901758291194,4.289003849029541,1361000,0.0,0.0,AGI
2018-08-27 00:00:00-04:00,4.317405749518114,4.478361739873371,4.317405749518114,4.468893527984619,1223500,0.0,0.0,AGI
2018-08-28 00:00:00-04:00,4.506766178934259,4.525702152313428,4.270066285960046,4.2984700202941895,959800,0.0,0.0,AGI
2018-08-29 00:00:00-04:00,4.336341672777721,4.393149589060101,4.260597784401213,4.317405700683594,904700,0.0,0.0,AGI
2018-08-30 00:00:00-04:00,4.27953335060469,4.30793753178649,4.128045588219472,4.156449317932129,1179400,0.0,0.0,AGI
2018-08-31 00:00:00-04:00,4.184853499113929,4.25112916942289,4.118577377335824,4.156449317932129,903700,0.0,0.0,AGI
2018-09-04 00:00:00-04:00,4.071238096063048,4.109110040554587,3.881877922136168,4.004961967468262,1849600,0.0,0.0,AGI
2018-09-05 00:00:00-04:00,4.0238971819614004,4.061769119321156,3.881877191127765,3.9292173385620117,1465000,0.0,0.0,AGI
2018-09-06 00:00:00-04:00,4.004962044481104,4.128046092180025,3.986026071871209,4.061769962310791,1921300,0.0,0.0,AGI
2018-09-07 00:00:00-04:00,4.033366279609971,4.146982116691299,3.976557909600103,4.090174198150635,1217000,0.0,0.0,AGI
2018-09-10 00:00:00-04:00,4.061770186936806,4.109110346814173,3.9386861324310303,3.9386861324310303,1418000,0.0,0.0,AGI
2018-09-11 00:00:00-04:00,3.9197493456049997,4.004961435118955,3.844005466689986,3.9765572547912598,1137100,0.0,0.0,AGI
2018-09-12 00:00:00-04:00,4.00496220718247,4.355277940431695,3.9292183136657965,4.2984700202941895,2074400,0.0,0.0,AGI
2018-09-13 00:00:00-04:00,4.355277863725645,4.487829675045295,4.194321867102895,4.24166202545166,1279800,0.0,0.0,AGI
2018-09-14 00:00:00-04:00,4.241661259378209,4.298469168255299,4.175385139953708,4.260597229003906,1427000,0.0,0.0,AGI
2018-09-17 00:00:00-04:00,4.3268741298917535,4.364746075983082,4.165918133269003,4.24166202545166,4463600,0.0,0.0,AGI
2018-09-18 00:00:00-04:00,4.251129254125551,4.307937617621044,4.156449400748318,4.213257312774658,1430400,0.0,0.0,AGI
2018-09-19 00:00:00-04:00,4.251129648969136,4.41208564039455,4.251129648969136,4.374213695526123,1474100,0.0,0.0,AGI
2018-09-20 00:00:00-04:00,4.44995878282753,4.459426997327303,4.345811132145932,4.421555042266846,1509100,0.0,0.0,AGI
2018-09-21 00:00:00-04:00,4.345808730313895,4.421552598572854,4.260596652788033,4.393148422241211,4956100,0.0,0.0,AGI
2018-09-24 00:00:00-04:00,4.412085717603072,4.5446379784313375,4.374213772071911,4.431021690368652,1949700,0.0,0.0,AGI
2018-09-25 00:00:00-04:00,4.497297820782785,4.5446379784313375,4.402617956954883,4.431021690368652,1403600,0.0,0.0,AGI
2018-09-26 00:00:00-04:00,4.412086700253416,4.412086700253416,4.2605988843897356,4.307939052581787,1692900,0.0,0.0,AGI
2018-09-27 00:00:00-04:00,4.270066210754761,4.2890021838004255,4.165918133269003,4.24166202545166,1565200,0.0,0.0,AGI
2018-09-28 00:00:00-04:00,4.260597550381051,4.412085318813356,4.260597550381051,4.364745616912842,1381000,0.0,0.0,AGI
2018-10-01 00:00:00-04:00,4.355278968811035,4.393150924511793,4.298471035259899,4.355278968811035,1049000,0.0,0.0,AGI
2018-10-02 00:00:00-04:00,4.431022236746757,4.610914225936398,4.393150286545702,4.48783016204834,2112000,0.0,0.0,AGI
2018-10-03 00:00:00-04:00,4.5257031444177604,4.5257031444177604,4.345811132145932,4.421555042266846,883900,0.0,0.0,AGI
2018-10-04 00:00:00-04:00,4.440490196744483,4.563574253611782,4.393150035958835,4.412086009979248,1205200,0.0,0.0,AGI
2018-10-05 00:00:00-04:00,4.41208564039455,4.478361769648896,4.345809962609399,4.374213695526123,1500100,0.0,0.0,AGI
2018-10-08 00:00:00-04:00,4.251129620704423,4.487829500292932,4.222725887976549,4.468893527984619,1605100,0.0,0.0,AGI
2018-10-09 00:00:00-04:00,4.41208749587965,4.449959456674973,4.2795356330960175,4.289003849029541,1305400,0.0,0.0,AGI
2018-10-10 00:00:00-04:00,4.307937703750727,4.402617559020918,4.203789637218936,4.364745616912842,1278400,0.0,0.0,AGI
2018-10-11 00:00:00-04:00,4.459425882546073,4.800273844353262,4.317405860837311,4.771869659423828,3046500,0.0,0.0,AGI
2018-10-12 00:00:00-04:00,4.686656867099866,4.724528807125264,4.516233136985572,4.629848957061768,2216600,0.0,0.0,AGI
2018-10-15 00:00:00-04:00,4.6961265755165025,4.80027466953554,4.610914457549175,4.658254623413086,1574700,0.0,0.0,AGI
2018-10-16 00:00:00-04:00,4.667720574473743,4.715060721968106,4.5541047622502004,4.620380878448486,2061600,0.0,0.0,AGI
2018-10-17 00:00:00-04:00,4.629849406940689,4.733997477865092,4.554105519529917,4.60144567489624,1579700,0.0,0.0,AGI
2018-10-18 00:00:00-04:00,4.554105577594773,4.582509761470556,4.298469728589467,4.317405700683594,3345800,0.0,0.0,AGI
2018-10-19 00:00:00-04:00,4.38368158796688,4.440489501128995,4.364745616912842,4.364745616912842,1369600,0.0,0.0,AGI
2018-10-22 00:00:00-04:00,4.345810404124024,4.345810404124024,4.222726345062256,4.222726345062256,1366200,0.0,0.0,AGI
2018-10-23 00:00:00-04:00,4.383681747873996,4.554105493577024,4.383681747873996,4.4783616065979,2140800,0.0,0.0,AGI
2018-10-24 00:00:00-04:00,4.468893635899813,4.516233793548365,4.402617956954883,4.431021690368652,1125200,0.0,0.0,AGI
2018-10-25 00:00:00-04:00,4.449957565735619,4.4783617499968935,4.118577823856445,4.128046035766602,2368000,0.0,0.0,AGI
2018-10-26 00:00:00-04:00,4.156450384303139,4.298470423710244,4.109110672146944,4.1185784339904785,1549800,0.0,0.0,AGI
2018-10-29 00:00:00-04:00,4.118578107908112,4.1753860288794185,3.9292183713370914,3.9386861324310303,1969600,0.0,0.0,AGI
2018-10-30 00:00:00-04:00,3.910281369882134,4.004961213281523,3.853473463842501,3.9292173385620117,1994100,0.0,0.0,AGI
2018-10-31 00:00:00-04:00,3.900814051057876,3.900814051057876,3.7587942535103926,3.7777302265167236,2867000,0.0,0.0,AGI
2018-11-01 00:00:00-04:00,3.9102820033080836,4.014429622183714,3.8629418482052125,3.9954936504364014,2416700,0.0,0.0,AGI
2018-11-02 00:00:00-04:00,3.8440062097637884,3.9292183157498513,3.5410304098017864,3.664114236831665,2935300,0.0,0.0,AGI
2018-11-05 00:00:00-05:00,3.7209223611499995,3.787198267627796,3.6451782422979107,3.7587943077087402,1627700,0.0,0.0,AGI
2018-11-06 00:00:00-05:00,3.7587942867534365,3.796666458835647,3.5883703024546105,3.6830503940582275,1581300,0.0,0.0,AGI
2018-11-07 00:00:00-05:00,3.6925182881443863,3.720922247193546,3.645178130661186,3.6735823154449463,1471700,0.0,0.0,AGI
2018-11-08 00:00:00-05:00,3.635709773261215,3.683049925913013,3.5789018609605496,3.588369846343994,1535200,0.0,0.0,AGI
2018-11-09 00:00:00-05:00,3.53156221300003,3.550498185262663,3.3895421952956855,3.399010181427002,1954400,0.0,0.0,AGI
2018-11-12 00:00:00-05:00,3.3990102111084526,3.4368823816990286,3.266458404112527,3.304330348968506,1560400,0.0,0.0,AGI
2018-11-13 00:00:00-05:00,3.304330719010442,3.3422026681075847,3.143374709612962,3.21911883354187,2794500,0.0,0.0,AGI
2018-11-14 00:00:00-05:00,3.2001823089154575,3.3990100074990584,3.1812461118871975,3.3327341079711914,1525500,0.0,0.0,AGI
2018-11-15 00:00:00-05:00,3.3611382900569198,3.4368824060399135,3.323266344932722,3.3800742626190186,1224900,0.0,0.0,AGI
2018-11-16 00:00:00-05:00,3.4368824419282795,3.531562305727433,3.4084782570539325,3.4558184146881104,1515400,0.0,0.0,AGI
2018-11-19 00:00:00-05:00,3.4463503378181803,3.4842222823434468,3.3800742091643685,3.399010181427002,1442700,0.0,0.0,AGI
2018-11-20 00:00:00-05:00,3.3990105869876976,3.4084785742487087,3.24752279081152,3.342202663421631,2503600,0.0,0.0,AGI
2018-11-21 00:00:00-05:00,3.3611386180360787,3.427414528470613,3.351670630831145,3.389542579650879,1490500,0.0,0.0,AGI
2018-11-23 00:00:00-05:00,3.3327344956160045,3.3422024823641054,3.105502587926977,3.1528425216674805,1360300,0.0,0.0,AGI
2018-11-26 00:00:00-05:00,3.1717782695418775,3.2001824535002816,3.0865663948704465,3.1055023670196533,1719800,0.0,0.0,AGI
2018-11-27 00:00:00-05:00,3.0865660310473597,3.114969985923108,3.0108221513786977,3.0202901363372803,1364100,0.0,0.0,AGI
2018-11-28 00:00:00-05:00,3.0202905063168366,3.1717782842111113,3.0108225201984444,3.0581624507904053,2379400,0.0,0.0,AGI
2018-11-29 00:00:00-05:00,3.067630061130194,3.124437970881691,3.0013541664201147,3.0202901363372803,1480600,0.0,0.0,AGI
2018-11-30 00:00:00-05:00,3.0297584005148415,3.0676303438394066,2.935078316468841,3.048694372177124,1432000,0.0,0.0,AGI
2018-12-03 00:00:00-05:00,3.143374244437417,3.2096503712840976,3.1055023009447935,3.1717782020568848,1563600,0.0,0.0,AGI
2018-12-04 00:00:00-05:00,3.2191191747721626,3.266459116161679,3.14337504281429,3.1812469959259033,1664200,0.0,0.0,AGI
2018-12-06 00:00:00-05:00,3.1623104000128217,3.247522503559301,3.1244384543186543,3.1907143592834473,2416600,0.0,0.0,AGI
2018-12-07 00:00:00-05:00,3.2096503213770164,3.455818175985977,3.2096503213770164,3.408478021621704,2492900,0.0,0.0,AGI
2018-12-10 00:00:00-05:00,3.3800742979141862,3.484222373827856,3.3706063115342713,3.4558184146881104,2205700,0.0,0.0,AGI
2018-12-11 00:00:00-05:00,3.4842221592401432,3.5126261166305346,3.294862217569614,3.313798189163208,2410200,0.0,0.0,AGI
2018-12-12 00:00:00-05:00,3.285393866953509,3.3422017754261826,3.228585958480835,3.228585958480835,2628900,0.0,0.0,AGI
2018-12-13 00:00:00-05:00,3.2191189657199226,3.2191189657199226,2.9256108966962846,3.0108230113983154,7406100,0.0,0.0,AGI
2018-12-14 00:00:00-05:00,2.9256106327365625,2.954014593162982,2.745718883369238,2.811994791030884,8029500,0.0,0.0,AGI
2018-12-17 00:00:00-05:00,2.849866181348223,3.1339059558402735,2.84039819638964,3.0202901363372803,5954600,0.0,0.0,AGI
2018-12-18 00:00:00-05:00,3.0770982428689626,3.304330122140977,3.029758315048664,3.2569901943206787,4234400,0.0,0.0,AGI
2018-12-19 00:00:00-05:00,3.30433030032092,3.436882331099962,3.1055023670196533,3.1055023670196533,6304700,0.0,0.0,AGI
2018-12-20 00:00:00-05:00,3.1907141480702585,3.3516701323503963,3.1907141480702585,3.313798189163208,5767000,0.0,0.0,AGI
2018-12-21 00:00:00-05:00,3.3137987016385977,3.4084785742487087,3.2191188290284867,3.342202663421631,16970600,0.0,0.0,AGI
2018-12-24 00:00:00-05:00,3.417946460763889,3.541030517263686,3.3990104868000146,3.5031585693359375,2386900,0.0,0.0,AGI
2018-12-26 00:00:00-05:00,3.55996617139398,3.578902143656613,3.313798306245152,3.399010181427002,2435900,0.0,0.0,AGI
2018-12-27 00:00:00-05:00,3.4652864554657556,3.57890229380827,3.408478310559894,3.436882495880127,3150100,0.0,0.0,AGI
2018-12-28 00:00:00-05:00,3.446350283919306,3.5031581998187638,3.3611381843355277,3.4179461002349854,1929000,0.0,0.0,AGI
2018-12-31 00:00:00-05:00,3.408478021621704,3.455818175985977,3.3232661500882665,3.408478021621704,2382700,0.0,0.0,AGI
2019-01-02 00:00:00-05:00,3.380074668687236,3.626242567302714,3.380074668687236,3.569434642791748,2108800,0.0,0.0,AGI
2019-01-03 00:00:00-05:00,3.6073056628536646,3.6735817834382223,3.5410297680036753,3.6451776027679443,1803900,0.0,0.0,AGI
2019-01-04 00:00:00-05:00,3.6167738024943263,3.635709773261215,3.4936899925095526,3.588369846343994,2665400,0.0,0.0,AGI
2019-01-07 00:00:00-05:00,3.654645744028103,3.7871977651308986,3.5504979048102174,3.588369846343994,2894400,0.0,0.0,AGI
2019-01-08 00:00:00-05:00,3.550498647473846,3.6451785211126317,3.4842227359266955,3.616774559020996,1705300,0.0,0.0,AGI
2019-01-09 00:00:00-05:00,3.645178221976017,3.70198636723203,3.5883703024546105,3.6830503940582275,1957300,0.0,0.0,AGI
2019-01-10 00:00:00-05:00,3.6641139188075917,3.711454073906377,3.5410301024606827,3.6073060035705566,2658900,0.0,0.0,AGI
2019-01-11 00:00:00-05:00,3.6073058065064094,3.6735819297302625,3.5789018504395766,3.635709762573242,3194800,0.0,0.0,AGI
2019-01-14 00:00:00-05:00,3.616773989443396,3.6641139188075917,3.5126261448421654,3.6073060035705566,2303700,0.0,0.0,AGI
2019-01-15 00:00:00-05:00,3.607306543960425,3.7871985282275427,3.597838556669241,3.7114546298980713,3425500,0.0,0.0,AGI
2019-01-16 00:00:00-05:00,3.711455061772001,3.9008148296300424,3.6830510965932945,3.8818788528442383,3541200,0.0,0.0,AGI
2019-01-17 00:00:00-05:00,3.881878488407242,3.9481546266700955,3.8345387766217094,3.8440065383911133,2216700,0.0,0.0,AGI
2019-01-18 00:00:00-05:00,3.8061343775631933,3.8061343775631933,3.5883704512971972,3.6262423992156982,2568700,0.0,0.0,AGI
2019-01-22 00:00:00-05:00,3.61677396366722,3.7966661454382793,3.5410300772243213,3.74932599067688,3666300,0.0,0.0,AGI
2019-01-23 00:00:00-05:00,3.711454260843826,3.730390233543266,3.635710144311466,3.6735823154449463,1321200,0.0,0.0,AGI
2019-01-24 00:00:00-05:00,3.626242290053241,3.739858356123122,3.626242290053241,3.664114236831665,1337700,0.0,0.0,AGI
2019-01-25 00:00:00-05:00,3.7493261729570144,3.95762187080165,3.7493261729570144,3.8156023025512695,2766600,0.0,0.0,AGI
2019-01-28 00:00:00-05:00,3.8250709588870833,4.090175087880431,3.8250709588870833,4.033367156982422,4351800,0.0,0.0,AGI
2019-01-29 00:00:00-05:00,4.090173049590315,4.184852887237737,4.004960969973096,4.165916919708252,2459300,0.0,0.0,AGI
2019-01-30 00:00:00-05:00,4.1659183737489,4.270066457246662,4.061770290251137,4.194322109222412,2451000,0.0,0.0,AGI
2019-01-31 00:00:00-05:00,4.2511300808646695,4.298470242494347,4.175386183432578,4.222726345062256,1784700,0.0,0.0,AGI
2019-02-01 00:00:00-05:00,4.260598108438568,4.260598108438568,4.109110320164236,4.203790187835693,1566700,0.0,0.0,AGI
2019-02-04 00:00:00-05:00,4.128046425471393,4.213258083361166,4.0901744771938855,4.194322109222412,1124300,0.0,0.0,AGI
2019-02-05 00:00:00-05:00,4.194321975333938,4.213257948868229,4.09964210766248,4.203790187835693,1544500,0.0,0.0,AGI
2019-02-06 00:00:00-05:00,4.184852887237737,4.345808836972892,4.146980952178768,4.165916919708252,2913400,0.0,0.0,AGI
2019-02-07 00:00:00-05:00,4.146983386006923,4.184855343292611,4.004963320450921,4.071239471435547,1916200,0.0,0.0,AGI
2019-02-08 00:00:00-05:00,4.109111209687668,4.184855120221562,4.04283506223585,4.175386905670166,1230200,0.0,0.0,AGI
2019-02-11 00:00:00-05:00,4.1091096179213205,4.232193199124738,4.08070543673952,4.156449317932129,1479600,0.0,0.0,AGI
2019-02-12 00:00:00-05:00,4.2037909613018165,4.23219470109472,4.1091110762099685,4.184854984283447,1007300,0.0,0.0,AGI
2019-02-13 00:00:00-05:00,4.137514816002871,4.260598892356926,4.137514816002871,4.184854984283447,1857700,0.0,0.0,AGI
2019-02-14 00:00:00-05:00,4.184854180019179,4.326874206097551,4.137514020836649,4.2984700202941895,1394600,0.0,0.0,AGI
2019-02-15 00:00:00-05:00,4.326874206097551,4.364746152855887,4.222726126777516,4.2984700202941895,1639500,0.0,0.0,AGI
2019-02-19 00:00:00-05:00,4.374213790885651,4.648785622902118,4.336341845191601,4.554105758666992,3290000,0.0,0.0,AGI
2019-02-20 00:00:00-05:00,4.648784605769819,4.752932659375953,4.5541047622502004,4.620380878448486,3994800,0.0,0.0,AGI
2019-02-21 00:00:00-05:00,4.478361736227638,4.686657431449513,4.345809930177354,4.563573837280273,3513100,0.0,0.0,AGI
2019-02-22 00:00:00-05:00,4.563573653825269,4.781337552174112,4.563573653825269,4.667721271514893,1896000,0.0,0.0,AGI
2019-02-25 00:00:00-05:00,4.686657161480828,4.72452910388506,4.582509545603772,4.610913276672363,2704100,0.0,0.0,AGI
2019-02-26 00:00:00-05:00,4.601446695257961,4.73399852761992,4.591978481497466,4.658254623413086,1557000,0.0,0.0,AGI
2019-02-27 00:00:00-05:00,4.6298492196518115,4.658253402016422,4.535169364218381,4.582509517669678,1080900,0.0,0.0,AGI
2019-02-28 00:00:00-05:00,4.5446375754963055,4.601445488756363,4.497297422045008,4.582509517669678,1353800,0.0,0.0,AGI
2019-03-01 00:00:00-05:00,4.497297708520535,4.762401772090295,4.45942576393474,4.563573837280273,2232900,0.0,0.0,AGI
2019-03-04 00:00:00-05:00,4.5351696531063315,4.5919775699850245,4.4215538193489445,4.563573837280273,1595600,0.0,0.0,AGI
2019-03-05 00:00:00-05:00,4.554105758666992,4.591977704361042,4.516233812972942,4.554105758666992,1328400,0.0,0.0,AGI
2019-03-06 00:00:00-05:00,4.544638329816983,4.554106091197207,4.421554271589406,4.440490245819092,1179000,0.0,0.0,AGI
2019-03-07 00:00:00-05:00,4.4120862616462295,4.582510489020235,4.345810574529013,4.48783016204834,1701300,0.0,0.0,AGI
2019-03-08 00:00:00-05:00,4.601445623405269,4.809741311454029,4.601445623405269,4.790805339813232,2528500,0.0,0.0,AGI
2019-03-11 00:00:00-04:00,4.790805366077779,4.847613281311606,4.601445648631693,4.696125507354736,1689600,0.0,0.0,AGI
2019-03-12 00:00:00-04:00,4.715061378248152,4.961229005662747,4.705593166843776,4.951761245727539,1845100,0.0,0.0,AGI
2019-03-13 00:00:00-04:00,5.01803782120097,5.084313501098965,4.961229450618104,5.046441555023193,2354500,0.0,0.0,AGI
2019-03-14 00:00:00-04:00,4.894668357874193,4.913639923124954,4.780838966369629,4.780838966369629,1474600,0.01,0.0,AGI
2019-03-15 00:00:00-04:00,4.828269030823521,4.875697726879569,4.676496027417679,4.752382755279541,4512700,0.0,0.0,AGI
2019-03-18 00:00:00-04:00,4.828267745945859,4.828267745945859,4.676494782929178,4.761867046356201,2113700,0.0,0.0,AGI
2019-03-19 00:00:00-04:00,4.809297209522356,4.828268777412631,4.742896495747463,4.79032564163208,2391700,0.0,0.0,AGI
2019-03-20 00:00:00-04:00,4.799810680128612,5.046441488337159,4.723924416777615,5.017983913421631,2506300,0.0,0.0,AGI
2019-03-21 00:00:00-04:00,4.923126326752156,4.999012593841403,4.780839349800901,4.980041027069092,2559000,0.0,0.0,AGI
2019-03-22 00:00:00-04:00,4.961069747704194,5.093870722803876,4.875697466124041,4.970555305480957,1742300,0.0,0.0,AGI
2019-03-25 00:00:00-04:00,5.046440837754669,5.217184908282244,4.989526147578811,5.084383964538574,2990400,0.0,0.0,AGI
2019-03-26 00:00:00-04:00,5.027470664137618,5.188728771387919,4.970555505910599,5.160271644592285,1791600,0.0,0.0,AGI
2019-03-27 00:00:00-04:00,5.150784210251534,5.217184908282244,5.074897956683723,5.084383964538574,2220900,0.0,0.0,AGI
2019-03-28 00:00:00-04:00,5.008499857426033,5.027471428948489,4.866212844848633,4.866212844848633,2848400,0.0,0.0,AGI
2019-03-29 00:00:00-04:00,4.932612702762491,4.9610702838036564,4.818783283233643,4.818783283233643,1571900,0.0,0.0,AGI
2019-04-01 00:00:00-04:00,4.847240431638696,4.87569755782204,4.610095602627458,4.667010307312012,2360700,0.0,0.0,AGI
2019-04-02 00:00:00-04:00,4.667009518873148,4.742895778965755,4.629066388826845,4.67649507522583,1335200,0.0,0.0,AGI
2019-04-03 00:00:00-04:00,4.695465994374006,4.742895126566765,4.572151064844743,4.591122627258301,2221800,0.0,0.0,AGI
2019-04-04 00:00:00-04:00,4.515237681064155,4.818782767308565,4.458322525075472,4.79032564163208,2379200,0.0,0.0,AGI
2019-04-05 00:00:00-04:00,4.7903246182711285,4.809296182108494,4.714437910603909,4.761867046356201,1113500,0.0,0.0,AGI
2019-04-08 00:00:00-04:00,4.8377525340770395,4.885181662303533,4.780837851595861,4.847238540649414,1252900,0.0,0.0,AGI
2019-04-09 00:00:00-04:00,4.875696417855631,4.9326111092331955,4.847239298325729,4.913639545440674,1357000,0.0,0.0,AGI
2019-04-10 00:00:00-04:00,4.894668826886294,4.999012671922707,4.8472401353736245,4.856725692749023,1469700,0.0,0.0,AGI
2019-04-11 00:00:00-04:00,4.809296787971744,4.809296787971744,4.704952947562378,4.74289608001709,1446500,0.0,0.0,AGI
2019-04-12 00:00:00-04:00,4.761867770283893,4.818782470448502,4.714438627321138,4.72392463684082,1112300,0.0,0.0,AGI
2019-04-15 00:00:00-04:00,4.676495865267171,4.761868148452933,4.619581160582618,4.667010307312012,1182400,0.0,0.0,AGI
2019-04-16 00:00:00-04:00,4.600608892239677,4.629066466410249,4.477293491363525,4.477293491363525,2796300,0.0,0.0,AGI
2019-04-17 00:00:00-04:00,4.515237331390381,4.57215203065356,4.439350613388321,4.515237331390381,3044400,0.0,0.0,AGI
2019-04-18 00:00:00-04:00,4.524722270920535,4.629066098154719,4.429864451761168,4.458321571350098,1581900,0.0,0.0,AGI
2019-04-22 00:00:00-04:00,4.467808071449082,4.5152372124108515,4.372950241843352,4.3824357986450195,1681200,0.0,0.0,AGI
2019-04-23 00:00:00-04:00,4.353978633880615,4.401407322066609,4.287577927638858,4.353978633880615,1428600,0.0,0.0,AGI
2019-04-24 00:00:00-04:00,4.325522101370314,4.5247238157764,4.297064972065396,4.410894393920898,1688300,0.0,0.0,AGI
2019-04-25 00:00:00-04:00,4.420378887804567,4.515237168812165,4.325521059114775,4.353978633880615,1805600,0.0,0.0,AGI
2019-04-26 00:00:00-04:00,4.420379856549123,4.562666856925499,4.420379856549123,4.534209728240967,1141700,0.0,0.0,AGI
2019-04-29 00:00:00-04:00,4.467808071449082,4.505751203291374,4.372950241843352,4.3824357986450195,1526900,0.0,0.0,AGI
2019-04-30 00:00:00-04:00,4.372951253302397,4.448837534539399,4.344493671679564,4.410894393920898,1295200,0.0,0.0,AGI
2019-05-01 00:00:00-04:00,4.372951414224573,4.467809269261541,4.278093559187606,4.316036701202393,1849200,0.0,0.0,AGI
2019-05-02 00:00:00-04:00,4.135805856134213,4.211692127423635,3.9555757356629075,4.097862720489502,4455500,0.0,0.0,AGI
2019-05-03 00:00:00-04:00,4.116835117340088,4.192721403911121,4.097863545697329,4.116835117340088,1842600,0.0,0.0,AGI
2019-05-06 00:00:00-04:00,4.097862920725205,4.259121028935926,4.097862920725205,4.2116923332214355,1471800,0.0,0.0,AGI
2019-05-07 00:00:00-04:00,4.211691783762272,4.344492747682603,4.183234208191863,4.335007190704346,3331500,0.0,0.0,AGI
2019-05-08 00:00:00-04:00,4.39192183712731,4.401407393992395,4.221177290377649,4.230663299560547,1548900,0.0,0.0,AGI
2019-05-09 00:00:00-04:00,4.2591206346643755,4.448836756913738,4.249635077326717,4.3444929122924805,2517900,0.0,0.0,AGI
2019-05-10 00:00:00-04:00,4.344493314467038,4.353979325000663,4.202206322687811,4.2116923332214355,2922000,0.0,0.0,AGI
2019-05-13 00:00:00-04:00,4.344493058764783,4.6100954579414015,4.3065499234992455,4.505751609802246,3061300,0.0,0.0,AGI
2019-05-14 00:00:00-04:00,4.477293803786104,4.477293803786104,4.382435970461408,4.467808246612549,1795000,0.0,0.0,AGI
2019-05-15 00:00:00-04:00,4.486778301338268,4.543692982154171,4.401406053955577,4.439349174499512,1257700,0.0,0.0,AGI
2019-05-16 00:00:00-04:00,4.410893455801677,4.420379012779934,4.259120473289195,4.335007190704346,1760800,0.0,0.0,AGI
2019-05-17 00:00:00-04:00,4.3160357879616695,4.363464479285633,4.249635077326717,4.3444929122924805,1730300,0.0,0.0,AGI
2019-05-20 00:00:00-04:00,4.353978511850647,4.458321894326059,4.344492503088631,4.372950077056885,1138200,0.0,0.0,AGI
2019-05-21 00:00:00-04:00,4.3539798432171795,4.401408544576698,4.278093559187606,4.316036701202393,1222000,0.0,0.0,AGI
2019-05-22 00:00:00-04:00,4.316035572935378,4.372950271079326,4.192720167464581,4.230663299560547,1344000,0.0,0.0,AGI
2019-05-23 00:00:00-04:00,4.2686070394695514,4.3824364519657815,4.2116923332214355,4.2116923332214355,1272900,0.0,0.0,AGI
2019-05-24 00:00:00-04:00,4.211692959794191,4.325522389224804,4.211692959794191,4.297065258026123,1068600,0.0,0.0,AGI
2019-05-28 00:00:00-04:00,4.202205724329666,4.278092440839411,4.1832341582816825,4.230663299560547,1448100,0.0,0.0,AGI
2019-05-29 00:00:00-04:00,4.240149460186554,4.278093050003176,4.192720764472064,4.2116923332214355,881800,0.0,0.0,AGI
2019-05-30 00:00:00-04:00,4.221177444102555,4.410893563809194,4.173748753414268,4.3919219970703125,1126900,0.0,0.0,AGI
2019-05-31 00:00:00-04:00,4.439351095790493,4.667010369899629,4.429865537708126,4.61958122253418,2013200,0.0,0.0,AGI
2019-06-03 00:00:00-04:00,4.7334104434652255,4.951583698418239,4.64803861487864,4.942098140716553,3556300,0.0,0.0,AGI
2019-06-04 00:00:00-04:00,4.866211521612189,4.999012486157707,4.799810813180519,4.923126220703125,4013200,0.0,0.0,AGI
2019-06-05 00:00:00-04:00,5.017984052521353,5.074898751612289,4.8472399552485435,4.923126220703125,2022400,0.0,0.0,AGI
2019-06-06 00:00:00-04:00,4.942097650070634,5.084384620012657,4.942097650070634,5.017983913421631,2461700,0.0,0.0,AGI
2019-06-07 00:00:00-04:00,5.055927185248644,5.084384760953022,4.923126220703125,4.923126220703125,1900000,0.0,0.0,AGI
2019-06-10 00:00:00-04:00,4.799810180858783,5.017983391457717,4.714437917310316,4.989526271820068,2738300,0.0,0.0,AGI
2019-06-11 00:00:00-04:00,4.999012593841403,5.055927294158339,4.856725616890149,4.980041027069092,2376900,0.0,0.0,AGI
2019-06-12 00:00:00-04:00,5.036954569674771,5.093869256910236,4.894667625427246,4.894667625427246,1933600,0.0,0.0,AGI
2019-06-13 00:00:00-04:00,4.8946688823152105,5.094257354736328,4.8946688823152105,5.094257354736328,2798800,0.01,0.0,AGI
2019-06-14 00:00:00-04:00,5.160784960270071,5.303348175865636,5.084751366138029,5.1417765617370605,3933200,0.0,0.0,AGI
2019-06-17 00:00:00-04:00,5.179796064653124,5.284342537796222,5.122770839264945,5.265334129333496,2470500,0.0,0.0,AGI
2019-06-18 00:00:00-04:00,5.331862358510255,5.455416753851283,5.151282299847417,5.1892991065979,3387500,0.0,0.0,AGI
2019-06-19 00:00:00-04:00,5.1322743137552385,5.407896411703927,5.113265908834506,5.341366767883301,3113500,0.0,0.0,AGI
2019-06-20 00:00:00-04:00,5.550459695428016,5.7405437453278285,5.455417217281986,5.712031364440918,4258300,0.0,0.0,AGI
2019-06-21 00:00:00-04:00,5.712031364440918,5.807073389390824,5.569468100417996,5.712031364440918,5841100,0.0,0.0,AGI
2019-06-24 00:00:00-04:00,5.778560128412428,5.930627357098201,5.693022085678637,5.892610549926758,3924500,0.0,0.0,AGI
2019-06-25 00:00:00-04:00,5.930628334360898,5.959141171035936,5.674014617070208,5.854594707489014,4730600,0.0,0.0,AGI
2019-06-26 00:00:00-04:00,5.683518612110725,5.873602664744744,5.635997372354155,5.778560638427734,2774000,0.0,0.0,AGI
2019-06-27 00:00:00-04:00,5.769056443796992,5.769056443796992,5.64550158766847,5.7215352058410645,2852400,0.0,0.0,AGI
2019-06-28 00:00:00-04:00,5.7500481605529785,5.7500481605529785,5.60748489687389,5.7500481605529785,3429000,0.0,0.0,AGI
2019-07-01 00:00:00-04:00,5.588476672874561,5.626493483993751,5.502938621258315,5.550459861755371,3110000,0.0,0.0,AGI
2019-07-02 00:00:00-04:00,5.607484550516233,5.778560184446633,5.559963314493075,5.702526569366455,2743100,0.0,0.0,AGI
2019-07-03 00:00:00-04:00,5.721535422637529,5.7880650676575005,5.57897215656395,5.778560638427734,1547100,0.0,0.0,AGI
2019-07-05 00:00:00-04:00,5.6264930632437,5.750047916739684,5.540955018024003,5.69302225112915,2300400,0.0,0.0,AGI
2019-07-08 00:00:00-04:00,5.712031230167546,5.769056443796992,5.655005563341988,5.7215352058410645,1440800,0.0,0.0,AGI
2019-07-09 00:00:00-04:00,5.712031350664705,5.826081780329527,5.664510111706301,5.7500481605529785,1488000,0.0,0.0,AGI
2019-07-10 00:00:00-04:00,5.845089638232189,5.978148460388184,5.797568403721294,5.978148460388184,2058600,0.0,0.0,AGI
2019-07-11 00:00:00-04:00,5.9781500234865,6.016166839756987,5.835586735874076,5.930628776550293,2604800,0.0,0.0,AGI
2019-07-12 00:00:00-04:00,5.9401321545345525,5.978148964067884,5.864098535467889,5.902115345001221,1269600,0.0,0.0,AGI
2019-07-15 00:00:00-04:00,5.902114734761583,5.949635968362925,5.8640979291589375,5.911618709564209,1623100,0.0,0.0,AGI
2019-07-16 00:00:00-04:00,5.883107982810284,5.959141615351257,5.854595144009319,5.930628776550293,1853500,0.0,0.0,AGI
2019-07-17 00:00:00-04:00,5.978149671510204,6.215754985809326,5.930628427371912,6.215754985809326,2739600,0.0,0.0,AGI
2019-07-18 00:00:00-04:00,6.187241748314759,6.377325792252311,6.0826952975510515,6.320300579071045,4509700,0.0,0.0,AGI
2019-07-19 00:00:00-04:00,6.225259683124224,6.415343761444092,6.206251275292238,6.415343761444092,2849900,0.0,0.0,AGI
2019-07-22 00:00:00-04:00,6.46286309450472,6.519888301120249,6.367820630282782,6.377325057983398,1911200,0.0,0.0,AGI
2019-07-23 00:00:00-04:00,6.377325792252311,6.386829767851133,6.206250152708514,6.320300579071045,2861000,0.0,0.0,AGI
2019-07-24 00:00:00-04:00,6.367820513566407,6.472366950376664,6.310795307996099,6.424846172332764,2154100,0.0,0.0,AGI
2019-07-25 00:00:00-04:00,6.405838284467539,6.434351118155737,6.29178785610698,6.31079626083374,2482900,0.0,0.0,AGI
2019-07-26 00:00:00-04:00,6.33930874998376,6.415342364758412,6.282283538902773,6.3012919425964355,2084300,0.0,0.0,AGI
2019-07-29 00:00:00-04:00,6.339308261871338,6.386829040848456,6.253770225238045,6.339308261871338,3114400,0.0,0.0,AGI
2019-07-30 00:00:00-04:00,6.348812909329701,6.500880596484617,6.348812909329701,6.472367763519287,2837100,0.0,0.0,AGI
2019-07-31 00:00:00-04:00,6.443855713820392,6.567410121142637,6.215754398002154,6.225258827209473,3976100,0.0,0.0,AGI
2019-08-01 00:00:00-04:00,6.130216620008075,6.776503332514826,6.054182995759316,6.757494926452637,4078800,0.0,0.0,AGI
2019-08-02 00:00:00-04:00,6.671957116566475,6.833528800601798,6.662453139785896,6.7384867668151855,2953600,0.0,0.0,AGI
2019-08-05 00:00:00-04:00,7.004603897002159,7.394276883922526,6.947578681325158,7.2612175941467285,6052700,0.0,0.0,AGI
2019-08-06 00:00:00-04:00,7.2231996695051714,7.2231996695051714,6.8620395727308985,6.938073635101318,4866100,0.0,0.0,AGI
2019-08-07 00:00:00-04:00,7.185184776699732,7.22320159140215,6.766999361776953,6.7955121994018555,6091700,0.0,0.0,AGI
2019-08-08 00:00:00-04:00,6.709973443542764,7.147167220456542,6.614931416647623,7.109150409698486,4159800,0.0,0.0,AGI
2019-08-09 00:00:00-04:00,7.052123929610857,7.06162790399891,6.8430310547210835,6.871543884277344,3021300,0.0,0.0,AGI
2019-08-12 00:00:00-04:00,6.928570191540912,7.014108240610542,6.776502951591454,6.786006927490234,2656100,0.0,0.0,AGI
2019-08-13 00:00:00-04:00,6.871545388059354,6.9000582238554165,6.396334781563398,6.643444061279297,4030000,0.0,0.0,AGI
2019-08-14 00:00:00-04:00,6.728981421984892,6.814519467361411,6.529392951570416,6.548401355743408,3119500,0.0,0.0,AGI
2019-08-15 00:00:00-04:00,6.624435244976395,6.909561772498001,6.557906054231843,6.824023723602295,3259900,0.0,0.0,AGI
2019-08-16 00:00:00-04:00,6.786006733838121,6.80501513828936,6.557905880423244,6.652947902679443,3048700,0.0,0.0,AGI
2019-08-19 00:00:00-04:00,6.52939292745361,6.909561462705389,6.443855335589134,6.624434947967529,2655000,0.0,0.0,AGI
2019-08-20 00:00:00-04:00,6.690964084574982,6.900056967140738,6.595922071225123,6.814518928527832,3002100,0.0,0.0,AGI
2019-08-21 00:00:00-04:00,6.747989812929481,6.881048641879588,6.652947792250832,6.662452220916748,2246800,0.0,0.0,AGI
2019-08-22 00:00:00-04:00,6.6244351931363585,6.7479900509752415,6.576914407718717,6.605426788330078,1855000,0.0,0.0,AGI
2019-08-23 00:00:00-04:00,6.681460766636383,6.995099668120159,6.662452362097855,6.947578430175781,3868300,0.0,0.0,AGI
2019-08-26 00:00:00-04:00,6.93807380114602,6.976090606643034,6.6814601374431435,6.70046854019165,2474000,0.0,0.0,AGI
2019-08-27 00:00:00-04:00,6.709972910965954,7.033116229957377,6.709972910965954,6.966586589813232,3813300,0.0,0.0,AGI
2019-08-28 00:00:00-04:00,7.023611911954432,7.118653932801671,6.890553082768298,7.033116340637207,1967200,0.0,0.0,AGI
2019-08-29 00:00:00-04:00,7.004604230983299,7.023612637115291,6.576914866415399,6.643444061279297,3406000,0.0,0.0,AGI
2019-08-30 00:00:00-04:00,6.595922098476828,6.757493748437171,6.576913695728321,6.70046854019165,1854300,0.0,0.0,AGI
2019-09-03 00:00:00-04:00,6.7955105258578605,6.995098980490597,6.776502123187888,6.814518928527832,2512200,0.0,0.0,AGI
2019-09-04 00:00:00-04:00,6.786007958158609,6.900058858639035,6.709974326635786,6.890554428100586,1513700,0.0,0.0,AGI
2019-09-05 00:00:00-04:00,6.78600662189922,6.795511050566114,6.510384535304726,6.586418151855469,2923400,0.0,0.0,AGI
2019-09-06 00:00:00-04:00,6.586418240583616,6.719477524536011,6.320300579071045,6.320300579071045,2836000,0.0,0.0,AGI
2019-09-09 00:00:00-04:00,6.367821530191656,6.367821530191656,6.025670242145216,6.158729076385498,3563900,0.0,0.0,AGI
2019-09-10 00:00:00-04:00,6.130216828277366,6.33930975526137,6.082696038105484,6.149225234985352,2532700,0.0,0.0,AGI
2019-09-11 00:00:00-04:00,6.177738071645412,6.33930975526137,6.120712851521455,6.149225234985352,1837300,0.0,0.0,AGI
2019-09-12 00:00:00-04:00,6.339307806322085,6.443854237672621,6.025668965466502,6.035172939300537,2954500,0.0,0.0,AGI
2019-09-13 00:00:00-04:00,6.063731649030324,6.2065197717898,5.8352710157439045,5.844789981842041,3354200,0.01,0.0,AGI
2019-09-16 00:00:00-04:00,5.9495005975483055,6.044692516326904,5.825750876180692,6.044692516326904,3131100,0.0,0.0,AGI
2019-09-17 00:00:00-04:00,6.101808012935701,6.1589231674353835,5.978058738475171,6.0351738929748535,2261200,0.0,0.0,AGI
2019-09-18 00:00:00-04:00,6.035173837777705,6.0922889917550185,5.806712767957559,5.939981460571289,2882900,0.0,0.0,AGI
2019-09-19 00:00:00-04:00,5.997097335128806,6.130366033668515,5.949501144409166,6.111327648162842,1621900,0.0,0.0,AGI
2019-09-20 00:00:00-04:00,6.111328145294565,6.235077888103435,6.0446935636488,6.206520080566406,4277900,0.0,0.0,AGI
2019-09-23 00:00:00-04:00,6.235078348080373,6.377866034566455,6.206520538436566,6.330270290374756,4285500,0.0,0.0,AGI
2019-09-24 00:00:00-04:00,6.2826730682604195,6.415941765751116,6.168442756125536,6.387384414672852,3531300,0.0,0.0,AGI
2019-09-25 00:00:00-04:00,6.31123100480691,6.330269390559578,5.968539607347963,6.05421257019043,2925800,0.0,0.0,AGI
2019-09-26 00:00:00-04:00,6.063731187810914,6.139884726447332,5.930462495197184,5.939981460571289,1806800,0.0,0.0,AGI
2019-09-27 00:00:00-04:00,5.787676298392243,5.920945035103486,5.70200331212235,5.816234111785889,3010500,0.0,0.0,AGI
2019-09-30 00:00:00-04:00,5.663924412560918,5.768635750639791,5.4925789579952955,5.52113676071167,3694700,0.0,0.0,AGI
2019-10-01 00:00:00-04:00,5.454502948615639,5.682963586464429,5.406906755441672,5.540175914764404,2589900,0.0,0.0,AGI
2019-10-02 00:00:00-04:00,5.625849203767795,5.68296437111593,5.521138290585049,5.559215068817139,1909900,0.0,0.0,AGI
2019-10-03 00:00:00-04:00,5.549694910536709,5.711521423494813,5.511618137359619,5.511618137359619,2540700,0.0,0.0,AGI
2019-10-04 00:00:00-04:00,5.521136260487603,5.702000663631487,5.45450169612718,5.67344331741333,1995700,0.0,0.0,AGI
2019-10-07 00:00:00-04:00,5.625849203767795,5.692483792629453,5.4830615123529585,5.559215068817139,1449200,0.0,0.0,AGI
2019-10-08 00:00:00-04:00,5.635368076470968,5.721041046105256,5.540176140161179,5.711521625518799,1809600,0.0,0.0,AGI
2019-10-09 00:00:00-04:00,5.711521257417198,5.778155835494999,5.597290941207477,5.625848293304443,1473400,0.0,0.0,AGI
2019-10-10 00:00:00-04:00,5.606808753052907,5.740077881773752,5.511616842474329,5.67344331741333,1524400,0.0,0.0,AGI
2019-10-11 00:00:00-04:00,5.5972905878247445,5.616328972657717,5.406906285584119,5.416425704956055,2334600,0.0,0.0,AGI
2019-10-14 00:00:00-04:00,5.378349059135197,5.387868024815424,5.026138704659547,5.083253860473633,3724100,0.0,0.0,AGI
2019-10-15 00:00:00-04:00,5.016619250450051,5.111811176149966,4.740562438964844,4.740562438964844,5465700,0.0,0.0,AGI
2019-10-16 00:00:00-04:00,4.778638997644127,4.816715766238034,4.7310428099463016,4.788158416748047,2318400,0.0,0.0,AGI
2019-10-17 00:00:00-04:00,4.76912174218586,4.988063013136037,4.759602319669217,4.902390480041504,2095700,0.0,0.0,AGI
2019-10-18 00:00:00-04:00,4.883351413483234,4.959504967439067,4.778640049838468,4.826236248016357,1991400,0.0,0.0,AGI
2019-10-21 00:00:00-04:00,4.835754337023231,4.873831107085548,4.750081377427567,4.769120216369629,2254500,0.0,0.0,AGI
2019-10-22 00:00:00-04:00,4.807196986431945,4.8452737564942625,4.6739278373029345,4.769120216369629,2054500,0.0,0.0,AGI
2019-10-23 00:00:00-04:00,4.816716298941826,4.892869844551826,4.778639526136827,4.854793071746826,2008000,0.0,0.0,AGI
2019-10-24 00:00:00-04:00,4.8547936037943025,4.930947157750137,4.683448107393676,4.826236248016357,3764200,0.0,0.0,AGI
2019-10-25 00:00:00-04:00,4.921428426257892,5.035658762664676,4.845274868653369,4.8738322257995605,2121500,0.0,0.0,AGI
2019-10-28 00:00:00-04:00,4.816715951992073,4.873831107085548,4.7596007968985985,4.769120216369629,1363200,0.0,0.0,AGI
2019-10-29 00:00:00-04:00,4.740561976798137,4.9404652282344514,4.683446826946456,4.864311695098877,2223300,0.0,0.0,AGI
2019-10-30 00:00:00-04:00,4.883351413483234,4.9214281904611505,4.683448107393676,4.826236248016357,3080700,0.0,0.0,AGI
2019-10-31 00:00:00-04:00,4.883351964707331,5.387869543569275,4.864313574069352,5.178447246551514,5493200,0.0,0.0,AGI
2019-11-01 00:00:00-04:00,5.140369178504301,5.207003302101412,5.045177249143483,5.187964916229248,3219000,0.0,0.0,AGI
2019-11-04 00:00:00-05:00,5.17844584381199,5.207003195077812,5.083253916407727,5.149888038635254,2000800,0.0,0.0,AGI
2019-11-05 00:00:00-05:00,5.064216083120333,5.197484796017694,5.007100920450035,5.0927734375,2952200,0.0,0.0,AGI
2019-11-06 00:00:00-05:00,5.1308498096140465,5.226041739921083,5.0832540714159915,5.159407615661621,1631200,0.0,0.0,AGI
2019-11-07 00:00:00-05:00,5.140369203961005,5.168926555955213,4.9880616623185,5.064215660095215,2130000,0.0,0.0,AGI
2019-11-08 00:00:00-05:00,4.988061401065453,5.102292164792152,4.988061401065453,5.0166192054748535,2541500,0.0,0.0,AGI
2019-11-11 00:00:00-05:00,4.997580820505554,5.09277274535205,4.978542435536254,5.0166192054748535,2460600,0.0,0.0,AGI
2019-11-12 00:00:00-05:00,5.026139493429265,5.102293046465757,4.940466519307721,5.073735237121582,1699500,0.0,0.0,AGI
2019-11-13 00:00:00-05:00,5.130850457696194,5.159408267350932,5.045177936553955,5.045177936553955,3155100,0.0,0.0,AGI
2019-11-14 00:00:00-05:00,5.102292195454856,5.168926316292397,5.064215425287432,5.11181116104126,2953200,0.0,0.0,AGI
2019-11-15 00:00:00-05:00,5.0737343908738355,5.168926316292397,5.064215425287432,5.11181116104126,1250000,0.0,0.0,AGI
2019-11-18 00:00:00-05:00,5.0927731696293055,5.283157489094056,5.0927731696293055,5.16892671585083,3352900,0.0,0.0,AGI
2019-11-19 00:00:00-05:00,5.149888504664118,5.340272830612008,5.121331150814055,5.2736382484436035,2201800,0.0,0.0,AGI
2019-11-20 00:00:00-05:00,5.283156979948401,5.36882948423576,5.226041371875634,5.321233749389648,1949100,0.0,0.0,AGI
2019-11-21 00:00:00-05:00,5.311714240159448,5.3497910089561485,5.121330396175947,5.130849361419678,1804000,0.0,0.0,AGI
2019-11-22 00:00:00-05:00,5.140369892120361,5.178446669150728,5.0642163380596275,5.140369892120361,2290800,0.0,0.0,AGI
2019-11-25 00:00:00-05:00,5.111810977021328,5.254599086964397,5.073734208224628,5.130849361419678,3023400,0.0,0.0,AGI
2019-11-26 00:00:00-05:00,5.140369590236469,5.264119335273072,5.102292815442277,5.245080947875977,2371900,0.0,0.0,AGI
2019-11-27 00:00:00-05:00,5.216521875712575,5.27363702406323,5.159406727361919,5.226040840148926,1091600,0.0,0.0,AGI
2019-11-29 00:00:00-05:00,5.245080420708794,5.416425890061242,5.2260415813142735,5.397387504577637,2003000,0.0,0.0,AGI
2019-12-02 00:00:00-05:00,5.36883001777582,5.41642621126281,5.311714857937996,5.387868404388428,1475300,0.0,0.0,AGI
2019-12-03 00:00:00-05:00,5.464021682739258,5.587771416604733,5.42594491138233,5.464021682739258,3217500,0.0,0.0,AGI
2019-12-04 00:00:00-05:00,5.444984337070881,5.483061569611605,5.340273422794656,5.406907558441162,1724000,0.0,0.0,AGI
2019-12-05 00:00:00-05:00,5.368763660268156,5.502267422320015,5.368763660268156,5.416443347930908,1384400,0.01,0.0,AGI
2019-12-06 00:00:00-05:00,5.349689831059987,5.349689831059987,5.13989782333374,5.13989782333374,1451300,0.0,0.0,AGI
2019-12-09 00:00:00-05:00,5.187579077997531,5.187579077997531,5.044539124276775,5.073147296905518,1298400,0.0,0.0,AGI
2019-12-10 00:00:00-05:00,5.11129093170166,5.206650743826207,5.073147006851841,5.11129093170166,3411500,0.0,0.0,AGI
2019-12-11 00:00:00-05:00,5.158971110458244,5.31154727935791,5.101755217637679,5.31154727935791,2238500,0.0,0.0,AGI
2019-12-12 00:00:00-05:00,5.349691015645792,5.387834942822005,5.149435170614938,5.178042888641357,1829900,0.0,0.0,AGI
2019-12-13 00:00:00-05:00,5.130364030360455,5.235259619573204,5.120827819680267,5.149435997009277,2461400,0.0,0.0,AGI
2019-12-16 00:00:00-05:00,5.149434762110394,5.273402742954446,5.035002989659627,5.09221887588501,2444400,0.0,0.0,AGI
2019-12-17 00:00:00-05:00,5.111291223936189,5.225723005028202,5.073147296905518,5.073147296905518,2206100,0.0,0.0,AGI
2019-12-18 00:00:00-05:00,5.130364030360455,5.187579930306923,5.044539953084975,5.149435997009277,2871200,0.0,0.0,AGI
2019-12-19 00:00:00-05:00,5.158970515792236,5.178042477867363,5.035002989659627,5.09221887588501,2814300,0.0,0.0,AGI
2019-12-20 00:00:00-05:00,5.101754482163988,5.1112906902817485,4.968250751495361,4.968250751495361,3513400,0.0,0.0,AGI
2019-12-23 00:00:00-05:00,4.987323770949158,5.387835502624512,4.977787560808542,5.387835502624512,3594400,0.0,0.0,AGI
2019-12-24 00:00:00-05:00,5.464121635144105,5.616697311401367,5.425977716079789,5.616697311401367,1025600,0.0,0.0,AGI
2019-12-26 00:00:00-05:00,5.702521705878362,5.7883457563846905,5.6166976553720325,5.683449745178223,1541200,0.0,0.0,AGI
2019-12-27 00:00:00-05:00,5.654842202503284,5.69298612812434,5.511802708780056,5.52133846282959,2522400,0.0,0.0,AGI
2019-12-30 00:00:00-05:00,5.521339737107046,5.731131831152513,5.511803980856742,5.692987442016602,1932100,0.0,0.0,AGI
2019-12-31 00:00:00-05:00,5.712058691721996,5.7978827607519685,5.6453070422200256,5.74066686630249,1563500,0.0,0.0,AGI
2020-01-02 00:00:00-05:00,5.845562958320514,5.8550987134679,5.616698923533571,5.654842853546143,1925300,0.0,0.0,AGI
2020-01-03 00:00:00-05:00,5.797882005419631,5.807418213941281,5.569018457437438,5.588090419769287,2263500,0.0,0.0,AGI
2020-01-06 00:00:00-05:00,5.740667988194621,5.7502041998222735,5.5404120911299115,5.5690202713012695,2169200,0.0,0.0,AGI
2020-01-07 00:00:00-05:00,5.559481868823242,5.683449842860504,5.502265985739449,5.607161998748779,1319800,0.0,0.0,AGI
2020-01-08 00:00:00-05:00,5.6548414188069716,5.6548414188069716,5.31154613579427,5.368762016296387,2210000,0.0,0.0,AGI
2020-01-09 00:00:00-05:00,5.30201031157978,5.368762404346068,5.244794426942146,5.254330635070801,1147200,0.0,0.0,AGI
2020-01-10 00:00:00-05:00,5.292474729560996,5.4927305596337765,5.254330805233938,5.483194351196289,1498300,0.0,0.0,AGI
2020-01-13 00:00:00-05:00,5.425979428553584,5.425979428553584,5.168507666254028,5.18757963180542,1699300,0.0,0.0,AGI
2020-01-14 00:00:00-05:00,5.149434466355671,5.340154076153081,5.149434466355671,5.32108211517334,3326100,0.0,0.0,AGI
2020-01-15 00:00:00-05:00,5.330618247305096,5.492730140686035,5.282938118177262,5.492730140686035,3241200,0.0,0.0,AGI
2020-01-16 00:00:00-05:00,5.378298538219198,5.378298538219198,5.244794797954121,5.330618858337402,1599700,0.0,0.0,AGI
2020-01-17 00:00:00-05:00,5.349690914154053,5.445050730285463,5.235258680084889,5.349690914154053,1578400,0.0,0.0,AGI
2020-01-21 00:00:00-05:00,5.387835966621836,5.7215956201906435,5.359227788447794,5.692987442016602,5275300,0.0,0.0,AGI
2020-01-22 00:00:00-05:00,5.7215949584239,5.759738888436471,5.626235133392471,5.654842853546143,2302700,0.0,0.0,AGI
2020-01-23 00:00:00-05:00,5.6262344954826435,5.950457863828632,5.6262344954826435,5.912313938140869,3056200,0.0,0.0,AGI
2020-01-24 00:00:00-05:00,5.91231506252375,6.074427004882343,5.8550991631109905,6.045819282531738,2655100,0.0,0.0,AGI
2020-01-27 00:00:00-05:00,6.122106043630372,6.141178006659597,5.845562352350873,5.921850204467773,3910000,0.0,0.0,AGI
2020-01-28 00:00:00-05:00,5.8550988148453795,5.921850920878908,5.826491094196382,5.874170780181885,3303100,0.0,0.0,AGI
2020-01-29 00:00:00-05:00,5.864634434220176,6.207930230414192,5.864634434220176,6.141178131103516,4042300,0.0,0.0,AGI
2020-01-30 00:00:00-05:00,6.160250805637479,6.1983947368720775,5.940922973682775,5.988603115081787,3458100,0.0,0.0,AGI
2020-01-31 00:00:00-05:00,5.979065570987734,6.103033547198684,5.969529817662274,6.007673740386963,3990200,0.0,0.0,AGI
2020-02-03 00:00:00-05:00,5.9695302813839755,6.026746169915621,5.864634258386896,5.912313938140869,2684800,0.0,0.0,AGI
2020-02-04 00:00:00-05:00,5.7692738528620655,5.883705618196996,5.673913593704876,5.788345813751221,4395200,0.0,0.0,AGI
2020-02-05 00:00:00-05:00,5.769275198186866,5.9409228862154135,5.740667022826347,5.874170780181885,1186400,0.0,0.0,AGI
2020-02-06 00:00:00-05:00,5.921849915069543,5.979065801361103,5.864634028777982,5.959993839263916,1033500,0.0,0.0,AGI
2020-02-07 00:00:00-05:00,5.9599951192479175,6.007675262086518,5.816955145443659,5.826491355895996,1809500,0.0,0.0,AGI
2020-02-10 00:00:00-05:00,5.8550988148453795,5.912314710854895,5.769275198186866,5.874170780181885,1867000,0.0,0.0,AGI
2020-02-11 00:00:00-05:00,5.874170161283844,5.940922260284424,5.797882307975453,5.940922260284424,3125300,0.0,0.0,AGI
2020-02-12 00:00:00-05:00,5.931385491829562,5.931385491829562,5.673913783842183,5.731130123138428,2534800,0.0,0.0,AGI
2020-02-13 00:00:00-05:00,5.797882372359759,5.874170226515312,5.740666481743094,5.759738445281982,1020600,0.0,0.0,AGI
2020-02-14 00:00:00-05:00,5.73113102009817,5.807418878150807,5.654842707334031,5.72159481048584,3149300,0.0,0.0,AGI
2020-02-18 00:00:00-05:00,5.75020320749096,6.083962826763625,5.7406669975090034,6.0648908615112305,3722700,0.0,0.0,AGI
2020-02-19 00:00:00-05:00,6.103034155296907,6.255609861398101,5.940922240208652,6.227002143859863,3189000,0.0,0.0,AGI
2020-02-20 00:00:00-05:00,6.29375403046873,6.665657555778346,6.236538138475827,6.474937915802002,4528700,0.0,0.0,AGI
2020-02-21 00:00:00-05:00,6.570297609948155,6.732409528178835,6.484474000958339,6.646585464477539,3933300,0.0,0.0,AGI
2020-02-24 00:00:00-05:00,6.818233893633409,6.827769648515864,6.48447428794048,6.6084418296813965,3947600,0.0,0.0,AGI
2020-02-25 00:00:00-05:00,6.513081880573718,6.617977910508753,6.274682101901406,6.2842183113098145,5336500,0.0,0.0,AGI
2020-02-26 00:00:00-05:00,6.227002327840877,6.42725772065964,6.141178263267489,6.265146255493164,3196700,0.0,0.0,AGI
2020-02-27 00:00:00-05:00,6.350970094131601,6.350970094131601,5.67391467184719,5.72159481048584,5508300,0.0,0.0,AGI
2020-02-28 00:00:00-05:00,5.464121351245227,5.712056812281317,5.349689599997801,5.559481143951416,6975100,0.0,0.0,AGI
2020-03-02 00:00:00-05:00,5.721594052154906,5.740666014140298,5.425978414025609,5.6643781661987305,5336200,0.0,0.0,AGI
2020-03-03 00:00:00-05:00,5.76927463918526,6.093498018490914,5.607162722176693,5.855098247528076,3768800,0.0,0.0,AGI
2020-03-04 00:00:00-05:00,5.912314341791153,5.950458270083109,5.664378807893436,5.797882556915283,4085700,0.0,0.0,AGI
2020-03-05 00:00:00-05:00,5.874169556139127,6.093497339161798,5.7883459573642915,6.007673740386963,3947600,0.0,0.0,AGI
2020-03-06 00:00:00-05:00,6.045818994697536,6.246074860464026,5.759739056542112,6.188858509063721,4179900,0.0,0.0,AGI
2020-03-09 00:00:00-04:00,5.9695308988119145,6.064890722894379,5.5976269028230385,5.74066686630249,3689200,0.0,0.0,AGI
2020-03-10 00:00:00-04:00,5.816953080698608,5.9313848372395,5.425977685161534,5.702521324157715,3518300,0.0,0.0,AGI
2020-03-11 00:00:00-04:00,5.664378324702962,5.731130420875455,5.187578807014614,5.2161865234375,3353900,0.0,0.0,AGI
2020-03-12 00:00:00-04:00,4.729850573654644,5.063610097238012,4.157691325410099,4.596346855163574,4642600,0.0,0.0,AGI
2020-03-13 00:00:00-04:00,4.682171375142532,4.720315302273965,3.661820414953723,3.709500551223755,7650400,0.0,0.0,AGI
2020-03-16 00:00:00-04:00,3.2643609492836565,4.729015504502885,3.197350444573101,4.508838653564453,7520700,0.015,0.0,AGI
2020-03-17 00:00:00-04:00,4.460973707567027,5.849045244921086,4.365244746208191,5.820326328277588,7612300,0.0,0.0,AGI
2020-03-18 00:00:00-04:00,5.552283509329284,6.174521792838496,4.652430639529211,4.891753196716309,5710700,0.0,0.0,AGI
2020-03-19 00:00:00-04:00,4.834316802466237,5.925627753200798,4.24079639528559,5.102357864379883,6004500,0.0,0.0,AGI
2020-03-20 00:00:00-04:00,5.389545007577542,5.3991176741164235,4.212077809110871,4.259942054748535,6794000,0.0,0.0,AGI
2020-03-23 00:00:00-04:00,4.53755630730742,5.04492042355564,4.1450673867476135,4.681149959564209,5096200,0.0,0.0,AGI
2020-03-24 00:00:00-04:00,5.3608262168420335,5.389545130054572,4.891754133986489,5.226805686950684,4620600,0.0,0.0,AGI
2020-03-25 00:00:00-04:00,5.1693680227763394,5.7533152687743225,5.025774377829738,5.581002712249756,4714800,0.0,0.0,AGI
2020-03-26 00:00:00-04:00,5.686305086278627,6.069221341310465,5.284243041318779,5.561857223510742,4097400,0.0,0.0,AGI
2020-03-27 00:00:00-04:00,5.456554871620656,5.571430061785595,4.949191236239334,5.092784881591797,2974800,0.0,0.0,AGI
2020-03-30 00:00:00-04:00,5.102357619106594,5.360826001762993,4.671577133503137,4.843889236450195,3018400,0.0,0.0,AGI
2020-03-31 00:00:00-04:00,4.7481611845890255,5.054494326213763,4.700296474298011,4.786452770233154,2415000,0.0,0.0,AGI
2020-04-01 00:00:00-04:00,4.77687856417604,5.379971586247846,4.719441198712764,5.131076335906982,4483000,0.0,0.0,AGI
2020-04-02 00:00:00-04:00,5.245952253664786,5.638441234695378,5.207660668026276,5.418264389038086,3047600,0.0,0.0,AGI
2020-04-03 00:00:00-04:00,5.408691070118448,5.619294765791507,5.360826365593291,5.399117946624756,2231600,0.0,0.0,AGI
2020-04-06 00:00:00-04:00,5.542712211608887,5.753316386850978,5.4182643313723515,5.542712211608887,3641300,0.0,0.0,AGI
2020-04-07 00:00:00-04:00,5.6384406760028964,5.820325917999334,5.466128557703375,5.513993263244629,2351400,0.0,0.0,AGI
2020-04-08 00:00:00-04:00,5.513993952290567,5.734170347173611,5.456556115874786,5.590577125549316,1609700,0.0,0.0,AGI
2020-04-09 00:00:00-04:00,5.8394729314560445,6.145806106815407,5.791608672365736,6.069222927093506,3124700,0.0,0.0,AGI
2020-04-13 00:00:00-04:00,6.059648528933685,6.701033209128604,5.724596959771588,6.6340227127075195,5397000,0.0,0.0,AGI
2020-04-14 00:00:00-04:00,6.777616092292057,7.275407091825608,6.346835586406508,6.500001907348633,5215800,0.0,0.0,AGI
2020-04-15 00:00:00-04:00,6.3468352603668645,6.595730519111963,6.107512667953077,6.308543682098389,3375200,0.0,0.0,AGI
2020-04-16 00:00:00-04:00,6.356408548821132,6.66274166142241,6.2989711757968285,6.480856418609619,3241900,0.0,0.0,AGI
2020-04-17 00:00:00-04:00,6.126659219250371,6.356408717442317,5.944773971612575,6.107513427734375,8063300,0.0,0.0,AGI
2020-04-20 00:00:00-04:00,6.164950086186898,6.509574749916299,6.0405022275524445,6.365981101989746,3500900,0.0,0.0,AGI
2020-04-21 00:00:00-04:00,6.1458042462215525,6.41384529410089,6.059647966881671,6.308543682098389,2727700,0.0,0.0,AGI
2020-04-22 00:00:00-04:00,6.614875739005223,7.103094004622266,6.557438376545262,7.016937732696533,5554500,0.0,0.0,AGI
2020-04-23 00:00:00-04:00,7.179678578220574,7.687042275457359,7.179678578220574,7.351990699768066,5552200,0.0,0.0,AGI
2020-04-24 00:00:00-04:00,7.572167225779674,7.830636082500635,7.208397205908847,7.7349066734313965,5559100,0.0,0.0,AGI
2020-04-27 00:00:00-04:00,7.926363820626206,7.964655398003407,7.514729135585498,7.78277063369751,4985200,0.0,0.0,AGI
2020-04-28 00:00:00-04:00,7.801916179112829,7.93593716006695,7.648749865418543,7.8306355476379395,3625200,0.0,0.0,AGI
2020-04-29 00:00:00-04:00,7.830635913183814,7.935937530528463,7.438146531312778,7.897645950317383,5082700,0.0,0.0,AGI
2020-04-30 00:00:00-04:00,7.993375675741913,8.395437740446496,7.677469898180216,7.7253336906433105,6829900,0.0,0.0,AGI
2020-05-01 00:00:00-04:00,7.505156686040433,8.079530363272154,7.466865107558318,8.041238784790039,3938200,0.0,0.0,AGI
2020-05-04 00:00:00-04:00,8.2326969220134,8.242269131149655,7.926363406073955,7.993374347686768,3194200,0.0,0.0,AGI
2020-05-05 00:00:00-04:00,7.9263643267730055,8.203978508720875,7.72533330446984,8.146541595458984,2075200,0.0,0.0,AGI
2020-05-06 00:00:00-04:00,7.955083579365845,8.089103650301642,7.782771016227522,7.878499507904053,2556100,0.0,0.0,AGI
2020-05-07 00:00:00-04:00,7.9742305784157805,8.232699477119855,7.696616342554063,8.165688514709473,5275500,0.0,0.0,AGI
2020-05-08 00:00:00-04:00,8.10825029852217,8.290135080788229,7.80191673631253,7.916792392730713,2943100,0.0,0.0,AGI
2020-05-11 00:00:00-04:00,7.907219108111866,7.99337539219859,7.495583934338978,7.591312885284424,3957600,0.0,0.0,AGI
2020-05-12 00:00:00-04:00,7.629604400801264,7.849781214339831,7.466865413813315,7.505156993865967,2944800,0.0,0.0,AGI
2020-05-13 00:00:00-04:00,7.696614494520903,7.715760740024796,7.265834013058879,7.438146114349365,3737900,0.0,0.0,AGI
2020-05-14 00:00:00-04:00,7.419001126244012,7.859354777996874,7.3232721707481,7.840208530426025,3920800,0.0,0.0,AGI
2020-05-15 00:00:00-04:00,8.117823458911648,8.213552879479632,7.945511780010055,8.127396583557129,3956800,0.0,0.0,AGI
2020-05-18 00:00:00-04:00,8.136968598158633,8.194406425252447,7.687041843577505,7.773198127746582,3473800,0.0,0.0,AGI
2020-05-19 00:00:00-04:00,7.974227883081552,8.290133599424085,7.926363186950804,8.098675727844238,4415200,0.0,0.0,AGI
2020-05-20 00:00:00-04:00,8.136968187466948,8.165686643092723,7.89764559371792,8.041238784790039,3911400,0.0,0.0,AGI
2020-05-21 00:00:00-04:00,7.907217979431152,7.955082676307465,7.667895407992751,7.907217979431152,1955900,0.0,0.0,AGI
2020-05-22 00:00:00-04:00,7.945512236268522,8.17526176329259,7.821064347561285,7.8880743980407715,2831500,0.0,0.0,AGI
2020-05-26 00:00:00-04:00,7.754052501658749,7.821062536622302,7.428573623933051,7.457292079925537,3359900,0.0,0.0,AGI
2020-05-27 00:00:00-04:00,7.237115017375462,7.706187527935741,7.150958739493213,7.687041282653809,2623800,0.0,0.0,AGI
2020-05-28 00:00:00-04:00,7.821062730868562,7.983802173773256,7.533875424981261,7.658323287963867,3486600,0.0,0.0,AGI
2020-05-29 00:00:00-04:00,7.8784995881604445,7.897645834456746,7.687041689913784,7.754052639007568,2738900,0.0,0.0,AGI
2020-06-01 00:00:00-04:00,7.821063796264739,7.955084800720215,7.734907501467891,7.955084800720215,1467800,0.0,0.0,AGI
2020-06-02 00:00:00-04:00,7.916792297453392,7.974229212027931,7.457292416140593,7.466865539550781,2896300,0.0,0.0,AGI
2020-06-03 00:00:00-04:00,7.275406785507016,7.351989942753676,7.083948892390367,7.2179694175720215,3378100,0.0,0.0,AGI
2020-06-04 00:00:00-04:00,7.371135887530624,7.457292169486057,7.284980062046824,7.390281677246094,2059700,0.0,0.0,AGI
2020-06-05 00:00:00-04:00,7.036084435825753,7.150959175694928,6.930782362709857,7.14138650894165,3397000,0.0,0.0,AGI
2020-06-08 00:00:00-04:00,7.227543101133232,7.495584172289564,7.112667899880289,7.486011505126953,4838000,0.0,0.0,AGI
2020-06-09 00:00:00-04:00,7.639177308273919,7.715760922687681,7.399854711468937,7.457292079925537,2315600,0.0,0.0,AGI
2020-06-10 00:00:00-04:00,7.543448494464606,7.78277109550875,7.198823821148981,7.754052639007568,3917900,0.0,0.0,AGI
2020-06-11 00:00:00-04:00,7.801916839125772,7.926364707766014,7.380709440833917,7.514729976654053,5648800,0.0,0.0,AGI
2020-06-12 00:00:00-04:00,7.65832291645635,7.687041371768956,7.342417169187985,7.438146114349365,4288100,0.0,0.0,AGI
2020-06-15 00:00:00-04:00,7.241522185600512,7.663544257455647,7.011327870870445,7.6539530754089355,2450100,0.015,0.0,AGI
2020-06-16 00:00:00-04:00,7.596405007774307,7.701910302570655,7.31825385357564,7.337436676025391,1924300,0.0,0.0,AGI
2020-06-17 00:00:00-04:00,7.2894798130159,7.471716865510621,7.203157335674414,7.27988862991333,2628900,0.0,0.0,AGI
2020-06-18 00:00:00-04:00,7.270296809119005,7.299071272422153,7.078468578279947,7.107242584228516,1577600,0.0,0.0,AGI
2020-06-19 00:00:00-04:00,7.299071028435281,7.74027594461691,7.222339738664563,7.663544654846191,4278400,0.0,0.0,AGI
2020-06-22 00:00:00-04:00,7.960879841691618,8.229439381289898,7.836191255343684,8.08556842803955,4288300,0.0,0.0,AGI
2020-06-23 00:00:00-04:00,8.248620845341962,8.373308489506124,8.095157370391819,8.200663566589355,2762100,0.0,0.0,AGI
2020-06-24 00:00:00-04:00,8.181483032003285,8.315763274585517,7.922515103456011,7.960880756378174,3495400,0.0,0.0,AGI
2020-06-25 00:00:00-04:00,7.932104489231318,8.085567057270536,7.778641006483043,8.07597541809082,2702700,0.0,0.0,AGI
2020-06-26 00:00:00-04:00,7.999243433600156,8.421265458752732,7.8841465176494525,8.373308181762695,3535400,0.0,0.0,AGI
2020-06-29 00:00:00-04:00,8.440452041628989,8.718603259474623,8.277397784818513,8.699419975280762,3639200,0.0,0.0,AGI
2020-06-30 00:00:00-04:00,8.661051730009873,9.111848711873744,8.536363164187566,8.99675178527832,5718800,0.0,0.0,AGI
2020-07-01 00:00:00-04:00,8.996751627071129,9.054299632002333,8.737782860753578,9.015933990478516,2976600,0.0,0.0,AGI
2020-07-02 00:00:00-04:00,8.977570026487747,9.150215902959756,8.833699072567219,8.920022010803223,2670400,0.0,0.0,AGI
2020-07-06 00:00:00-04:00,9.13103473173991,9.418776677262757,9.02552849798615,9.332453727722168,3256400,0.0,0.0,AGI
2020-07-07 00:00:00-04:00,9.332451629193816,9.898345580302669,9.236537973823465,9.754474639892578,5166300,0.0,0.0,AGI
2020-07-08 00:00:00-04:00,9.975077629089355,10.138131861799305,9.68733572638634,9.975077629089355,4234800,0.0,0.0,AGI
2020-07-09 00:00:00-04:00,10.138132741077426,10.138132741077426,9.61060526389675,9.927122116088867,3586700,0.0,0.0,AGI
2020-07-10 00:00:00-04:00,10.032622185826582,10.09976181190052,9.754471130323243,9.850385665893555,1972800,0.0,0.0,AGI
2020-07-13 00:00:00-04:00,9.984668430504742,10.118948644599271,9.399592118889027,9.437957763671875,3258300,0.0,0.0,AGI
2020-07-14 00:00:00-04:00,9.437958556981807,9.975077629089355,9.370818901645663,9.975077629089355,2412200,0.0,0.0,AGI
2020-07-15 00:00:00-04:00,9.975076158639453,10.032625079522152,9.725699940705267,9.91752815246582,3445800,0.0,0.0,AGI
2020-07-16 00:00:00-04:00,9.917529147043068,10.032626085641871,9.62019470296429,9.716109275817871,2210400,0.0,0.0,AGI
2020-07-17 00:00:00-04:00,9.87916396642475,10.013443277097037,9.69692645235636,9.975077629089355,2172700,0.0,0.0,AGI
2020-07-20 00:00:00-04:00,10.205271417651476,10.512196571210913,10.195679777925466,10.310776710510254,3365500,0.0,0.0,AGI
2020-07-21 00:00:00-04:00,10.65606756787074,10.780756140879001,10.493013350452948,10.694433212280273,3285000,0.0,0.0,AGI
2020-07-22 00:00:00-04:00,10.838303569698091,10.886260847271554,10.454646263819377,10.636883735656738,3630400,0.0,0.0,AGI
2020-07-23 00:00:00-04:00,10.493015102400886,10.6464786203709,10.051809660671605,10.262821197509766,3611300,0.0,0.0,AGI
2020-07-24 00:00:00-04:00,10.40669272543686,10.540972041436538,10.272412494727945,10.502606391906738,2809200,0.0,0.0,AGI
2020-07-27 00:00:00-04:00,10.934217751358084,11.068497952268585,10.771163548362843,10.962992668151855,4338000,0.0,0.0,AGI
2020-07-28 00:00:00-04:00,10.780756785007943,11.106865239327867,10.69443385125159,11.001359939575195,3438200,0.0,0.0,AGI
2020-07-29 00:00:00-04:00,11.068497404399926,11.087680681312907,10.435463901615385,10.636883735656738,3443100,0.0,0.0,AGI
2020-07-30 00:00:00-04:00,10.291593181844766,10.416281751136198,9.648968885818277,10.013442039489746,3824300,0.0,0.0,AGI
2020-07-31 00:00:00-04:00,10.234046009327699,10.301185661843876,10.070991783466274,10.166906356811523,2833300,0.0,0.0,AGI
2020-08-03 00:00:00-04:00,10.214864137220554,10.24363906201717,9.773658685474627,10.042219161987305,2205300,0.0,0.0,AGI
2020-08-04 00:00:00-04:00,10.042217194162037,10.445056915283203,9.8791629777697,10.445056915283203,2969600,0.0,0.0,AGI
2020-08-05 00:00:00-04:00,10.761574136396478,10.761574136396478,10.253228187561035,10.253228187561035,4502700,0.0,0.0,AGI
2020-08-06 00:00:00-04:00,10.454647104021944,10.464238743249279,9.898344834763327,10.051807403564453,2528600,0.0,0.0,AGI
2020-08-07 00:00:00-04:00,9.888753870018832,9.975075876840659,9.639376744420554,9.821613311767578,3149800,0.0,0.0,AGI
2020-08-10 00:00:00-04:00,9.927118570883515,10.090172759504675,9.66814983082322,9.687333106994629,1810100,0.0,0.0,AGI
2020-08-11 00:00:00-04:00,9.15021339811761,9.495504141830155,9.015933207097138,9.131031036376953,3631500,0.0,0.0,AGI
2020-08-12 00:00:00-04:00,9.303679415387775,9.39959400393469,9.092667869410146,9.121442794799805,4135500,0.0,0.0,AGI
2020-08-13 00:00:00-04:00,9.332451121507306,9.601011537236483,9.226945831926683,9.495505332946777,2713700,0.0,0.0,AGI
2020-08-14 00:00:00-04:00,9.48591664466343,9.620195966646007,9.38041041772366,9.610605239868164,1847600,0.0,0.0,AGI
2020-08-17 00:00:00-04:00,10.023035372239578,10.310778202698597,9.975078081378202,10.301186561584473,2293500,0.0,0.0,AGI
2020-08-18 00:00:00-04:00,10.540971873934527,10.540971873934527,9.994261148145126,10.205272674560547,2347900,0.0,0.0,AGI
2020-08-19 00:00:00-04:00,10.176496823903934,10.23404574939122,9.898345665918521,9.936711311340332,2094200,0.0,0.0,AGI
2020-08-20 00:00:00-04:00,9.90793718534407,10.099765410118039,9.783248610563708,9.955894470214844,3243100,0.0,0.0,AGI
2020-08-21 00:00:00-04:00,9.831204844589521,9.85997884655272,9.553053719721204,9.639376640319824,1569500,0.0,0.0,AGI
2020-08-24 00:00:00-04:00,9.802430838058111,9.802430838058111,9.466730794710815,9.505096435546875,1954900,0.0,0.0,AGI
2020-08-25 00:00:00-04:00,9.476322710638854,9.514688352596538,9.159805935810684,9.466731071472168,2322900,0.0,0.0,AGI
2020-08-26 00:00:00-04:00,9.332453179068734,9.802433552858611,9.332453179068734,9.792841911315918,2552000,0.0,0.0,AGI
2020-08-27 00:00:00-04:00,9.994259334422134,9.994259334422134,9.361225784765798,9.466731071472168,2552400,0.0,0.0,AGI
2020-08-28 00:00:00-04:00,9.668151410014158,9.946302556969977,9.591420122213181,9.859979629516602,1857200,0.0,0.0,AGI
2020-08-31 00:00:00-04:00,9.965486499422227,10.214862744015447,9.88875520651521,10.032626152038574,1915600,0.0,0.0,AGI
2020-09-01 00:00:00-04:00,10.349142596141625,10.349142596141625,9.639377704622678,9.754474639892578,2318200,0.0,0.0,AGI
2020-09-02 00:00:00-04:00,9.601010193641196,9.725698744628492,9.31326745403274,9.687333106994629,2574700,0.0,0.0,AGI
2020-09-03 00:00:00-04:00,9.543464468802405,9.716110353199214,9.342044575242548,9.696927070617676,1950300,0.0,0.0,AGI
2020-09-04 00:00:00-04:00,9.610602638356628,9.706516283136962,9.188579674254264,9.639376640319824,2615000,0.0,0.0,AGI
2020-09-08 00:00:00-04:00,9.351637011126362,9.696927894549512,9.26531406159324,9.3995943069458,3268300,0.0,0.0,AGI
2020-09-09 00:00:00-04:00,9.543463410565087,9.773657287762694,9.495506124138297,9.716109275817871,2833700,0.0,0.0,AGI
2020-09-10 00:00:00-04:00,9.792841854577066,9.859981515568355,9.543464664167598,9.610605239868164,2038600,0.0,0.0,AGI
2020-09-11 00:00:00-04:00,9.706516852007528,9.735290855657084,9.265311498974954,9.294085502624512,2000200,0.0,0.0,AGI
2020-09-14 00:00:00-04:00,9.44755000012704,9.764066818249828,9.437958359648364,9.74488353729248,2485900,0.0,0.0,AGI
2020-09-15 00:00:00-04:00,9.855350432085284,9.93219519476315,9.605604495351312,9.663238525390625,2349400,0.015,0.0,AGI
2020-09-16 00:00:00-04:00,9.740081561878977,9.740081561878977,9.384674368465568,9.442307472229004,2864900,0.0,0.0,AGI
2020-09-17 00:00:00-04:00,9.22137808886843,9.394278298242384,9.086899333967294,9.269405364990234,2581300,0.0,0.0,AGI
2020-09-18 00:00:00-04:00,9.317435822864082,9.432702962496375,9.067689895629883,9.067689895629883,5103500,0.0,0.0,AGI
2020-09-21 00:00:00-04:00,8.846759167814023,8.95242045631947,8.58740748321671,8.81794261932373,4881800,0.0,0.0,AGI
2020-09-22 00:00:00-04:00,8.856365627373497,8.952421101281818,8.74109850904654,8.933210372924805,1693200,0.0,0.0,AGI
2020-09-23 00:00:00-04:00,8.760308321639945,8.817942332809436,8.174366969047528,8.260817527770996,5571200,0.0,0.0,AGI
2020-09-24 00:00:00-04:00,8.126340018078183,8.577803606877435,7.982256342278813,8.491353034973145,4174700,0.0,0.0,AGI
2020-09-25 00:00:00-04:00,8.395293907643147,8.491350270949821,8.231998639658622,8.424111366271973,2035400,0.0,0.0,AGI
2020-09-28 00:00:00-04:00,8.597011987611145,8.66425181186896,8.385688526914937,8.500956535339355,1894300,0.0,0.0,AGI
2020-09-29 00:00:00-04:00,8.548986013981114,8.645042407151909,8.462536359401385,8.47214126586914,2717900,0.0,0.0,AGI
2020-09-30 00:00:00-04:00,8.424113486374118,8.606619523314569,8.356873648712602,8.462535858154297,1888900,0.0,0.0,AGI
2020-10-01 00:00:00-04:00,8.539381980895996,8.69307149283885,8.472142132374685,8.539381980895996,1438100,0.0,0.0,AGI
2020-10-02 00:00:00-04:00,8.481746789115764,8.558591534516232,8.366479671015064,8.414507865905762,1206800,0.0,0.0,AGI
2020-10-05 00:00:00-04:00,8.500957061618019,8.683463073476025,8.46253469511836,8.597012519836426,2620800,0.0,0.0,AGI
2020-10-06 00:00:00-04:00,8.635434062758414,8.73149042787722,8.270421157792894,8.289632797241211,2651200,0.0,0.0,AGI
2020-10-07 00:00:00-04:00,8.452929152805366,8.481745699613574,8.299239681746242,8.395295143127441,2420400,0.0,0.0,AGI
2020-10-08 00:00:00-04:00,8.46253531811258,8.529774235421602,8.328056567432993,8.452929496765137,1490800,0.0,0.0,AGI
2020-10-09 00:00:00-04:00,8.693069702671588,8.904393196105957,8.57780259245145,8.904393196105957,1946300,0.0,0.0,AGI
2020-10-12 00:00:00-04:00,8.904392675842132,9.12532106184032,8.769913930411816,8.981237411499023,2316400,0.0,0.0,AGI
2020-10-13 00:00:00-04:00,8.856365520871481,8.885182071091283,8.54898562630102,8.741098403930664,2189500,0.0,0.0,AGI
2020-10-14 00:00:00-04:00,8.904393036420743,8.942815405805081,8.63543553466882,8.7122802734375,2411100,0.0,0.0,AGI
2020-10-15 00:00:00-04:00,8.568196910810354,8.664253295592893,8.491352169408954,8.510562896728516,1473400,0.0,0.0,AGI
2020-10-16 00:00:00-04:00,8.568199543945376,8.577805368587956,8.164764069575519,8.193580627441406,3043000,0.0,0.0,AGI
2020-10-19 00:00:00-04:00,8.308847505265232,8.337664978257576,7.963046073913574,7.963046073913574,1879600,0.0,0.0,AGI
2020-10-20 00:00:00-04:00,7.991860515237624,8.107127628507984,7.838171030877144,8.011072158813477,2019400,0.0,0.0,AGI
2020-10-21 00:00:00-04:00,8.107130037781886,8.347270157475283,8.068707655273416,8.193580627441406,2113200,0.0,0.0,AGI
2020-10-22 00:00:00-04:00,8.068707043602284,8.164763450622559,7.90541170130489,8.164763450622559,1781200,0.0,0.0,AGI
2020-10-23 00:00:00-04:00,8.155157089866147,8.155157089866147,7.991861758318245,8.068706512451172,2079100,0.0,0.0,AGI
2020-10-26 00:00:00-04:00,8.020677580301573,8.366478902854233,8.020677580301573,8.280028343200684,2674500,0.0,0.0,AGI
2020-10-27 00:00:00-04:00,8.280028672524313,8.510562896728516,8.280028672524313,8.510562896728516,4489100,0.0,0.0,AGI
2020-10-28 00:00:00-04:00,8.308846574952643,8.318452398207894,7.770933297522781,7.799749851226807,5978700,0.0,0.0,AGI
2020-10-29 00:00:00-04:00,8.03028379430177,8.827548771613689,7.99186141886728,8.7891263961792,6229100,0.0,0.0,AGI
2020-10-30 00:00:00-04:00,8.885182792796266,8.9332109911048,8.539381413885863,8.7891263961792,3757600,0.0,0.0,AGI
2020-11-02 00:00:00-05:00,8.88518215884513,9.106110572814941,8.702676117568398,9.106110572814941,2352600,0.0,0.0,AGI
2020-11-03 00:00:00-05:00,9.182957234122288,9.2117737877643,8.92360550315901,9.019661903381348,2286500,0.0,0.0,AGI
2020-11-04 00:00:00-05:00,8.923603907829177,9.058082660886477,8.721886236274008,8.81794261932373,2441700,0.0,0.0,AGI
2020-11-05 00:00:00-05:00,9.211772405333745,9.67284085865929,9.096505292002359,9.634418487548828,4118500,0.0,0.0,AGI
2020-11-06 00:00:00-05:00,9.6728413126041,9.807320075832576,9.442307075122395,9.6248140335083,2703400,0.0,0.0,AGI
2020-11-09 00:00:00-05:00,8.856364487041196,8.981237411499023,8.500957355612691,8.981237411499023,4235400,0.0,0.0,AGI
2020-11-10 00:00:00-05:00,9.058084968888942,9.067689876792,8.683466078815904,8.702677726745605,2349400,0.0,0.0,AGI
2020-11-11 00:00:00-05:00,8.645040264517219,8.73149081373222,8.472139166087217,8.520167350769043,2696200,0.0,0.0,AGI
2020-11-12 00:00:00-05:00,8.645041792091137,8.789125455534686,8.587407777076763,8.616225242614746,2753900,0.0,0.0,AGI
2020-11-13 00:00:00-05:00,8.837153315119394,8.837153315119394,8.61622491737065,8.645041465759277,2373800,0.0,0.0,AGI
2020-11-16 00:00:00-05:00,8.625832261898237,8.779522700906563,8.452932006614324,8.65464973449707,2773300,0.0,0.0,AGI
2020-11-17 00:00:00-05:00,8.635434444368569,8.635434444368569,8.414506077318169,8.520167350769043,2441600,0.0,0.0,AGI
2020-11-18 00:00:00-05:00,8.452929351765196,8.539379910286149,8.347267150878906,8.347267150878906,2129000,0.0,0.0,AGI
2020-11-19 00:00:00-05:00,8.299242519189258,8.414509661892493,8.212791933146379,8.308847427368164,3226600,0.0,0.0,AGI
2020-11-20 00:00:00-05:00,8.462535301141632,8.58740731416181,8.29924000280873,8.36647891998291,2046400,0.0,0.0,AGI
2020-11-23 00:00:00-05:00,8.241604721538796,8.308843628356916,7.866985991991977,7.895803451538086,4886500,0.0,0.0,AGI
2020-11-24 00:00:00-05:00,7.684482313483795,7.828565990436946,7.463553428649902,7.463553428649902,7098400,0.0,0.0,AGI
2020-11-25 00:00:00-05:00,7.626849154910065,7.838172228186083,7.588426777950789,7.799749851226807,3701500,0.0,0.0,AGI
2020-11-27 00:00:00-05:00,7.694087758363444,7.924621996591308,7.636453740775662,7.915016174316406,1281500,0.0,0.0,AGI
2020-11-30 00:00:00-05:00,7.828565320167784,7.953438256997877,7.6652704697332,7.943833351135254,1974100,0.0,0.0,AGI
2020-12-01 00:00:00-05:00,8.21278931856767,8.395295340730717,8.116732938864049,8.347267150878906,3158700,0.0,0.0,AGI
2020-12-02 00:00:00-05:00,8.289634916465706,8.347268017421637,8.174367798492222,8.328057289123535,2293800,0.0,0.0,AGI
2020-12-03 00:00:00-05:00,8.395296841479936,8.41450848727956,8.145550942454989,8.356874465942383,2953000,0.0,0.0,AGI
2020-12-04 00:00:00-05:00,8.443523678768543,8.51091752710428,8.27022416227971,8.424267768859863,2627300,0.02,0.0,AGI
2020-12-07 00:00:00-05:00,8.424269404885667,9.078955778166266,8.38575849576166,8.944167137145996,4001500,0.0,0.0,AGI
2020-12-08 00:00:00-05:00,8.963422681291794,9.050071534619477,8.867144953364422,8.905655860900879,2154100,0.0,0.0,AGI
2020-12-09 00:00:00-05:00,8.83826243905151,8.85751743468511,8.578313111704109,8.751612663269043,3362100,0.0,0.0,AGI
2020-12-10 00:00:00-05:00,8.934538936572192,9.069327573915194,8.645706666935741,8.770867347717285,3582800,0.0,0.0,AGI
2020-12-11 00:00:00-05:00,8.761236872643787,8.80937480022354,8.549426502238838,8.616820335388184,2770500,0.0,0.0,AGI
2020-12-14 00:00:00-05:00,8.616821064965801,8.847886442332303,8.472405433654785,8.472405433654785,2582700,0.0,0.0,AGI
2020-12-15 00:00:00-05:00,8.713099422339644,8.944164817148383,8.693843513686119,8.876770973205566,2660200,0.0,0.0,AGI
2020-12-16 00:00:00-05:00,8.924910611347633,9.011559453389903,8.69384427805122,8.98267650604248,2495300,0.0,0.0,AGI
2020-12-17 00:00:00-05:00,9.175231404278378,9.48331955556501,9.12709254456118,9.46406364440918,3848500,0.0,0.0,AGI
2020-12-18 00:00:00-05:00,9.435181528156503,9.435181528156503,8.89602790447365,8.905655860900879,7240200,0.0,0.0,AGI
2020-12-21 00:00:00-05:00,8.944165709386311,9.088581366005098,8.7804941421931,8.847887992858887,2362400,0.0,0.0,AGI
2020-12-22 00:00:00-05:00,8.857515999978748,8.934537806382465,8.376129250869333,8.4338960647583,2722400,0.0,0.0,AGI
2020-12-23 00:00:00-05:00,8.549428774363877,8.645705573282346,8.30873539980917,8.4338960647583,3193900,0.0,0.0,AGI
2020-12-24 00:00:00-05:00,8.414639915902564,8.559056487451226,8.308735164638078,8.482034683227539,1033800,0.0,0.0,AGI
2020-12-28 00:00:00-05:00,8.616824806147543,8.693846632043744,8.327992499950499,8.356876373291016,1630800,0.0,0.0,AGI
2020-12-29 00:00:00-05:00,8.376131309647537,8.46278109269255,8.260598571645046,8.32799243927002,1876500,0.0,0.0,AGI
2020-12-30 00:00:00-05:00,8.356874249043166,8.66496147431476,8.356874249043166,8.655333518981934,2329500,0.0,0.0,AGI
2020-12-31 00:00:00-05:00,8.66496113368443,8.67458908863877,8.318363018879088,8.424267768859863,1961700,0.0,0.0,AGI
2021-01-04 00:00:00-05:00,8.857515674910314,9.348530361343174,8.770865916343064,9.281136512756348,5390100,0.0,0.0,AGI
2021-01-05 00:00:00-05:00,9.454434936675511,9.50257379256298,9.040442979656817,9.165603637695312,2523800,0.0,0.0,AGI
2021-01-06 00:00:00-05:00,9.050070781983848,9.271509170532227,8.886399209022294,9.271509170532227,3013600,0.0,0.0,AGI
2021-01-07 00:00:00-05:00,9.14634855005101,9.281137175014875,8.896027211477714,9.078954696655273,2929100,0.0,0.0,AGI
2021-01-08 00:00:00-05:00,8.924913951772881,8.924913951772881,8.395388155292876,8.578314781188965,4024600,0.0,0.0,AGI
2021-01-11 00:00:00-05:00,8.356875453791822,8.4435252279342,8.145064996796284,8.16431999206543,3065900,0.0,0.0,AGI
2021-01-12 00:00:00-05:00,8.164320276204942,8.183576190316733,7.9332548158985805,8.116182327270508,2666500,0.0,0.0,AGI
2021-01-13 00:00:00-05:00,8.135436515542695,8.222086284098324,7.991020846731599,8.010275840759277,2116200,0.0,0.0,AGI
2021-01-14 00:00:00-05:00,8.029531210480707,8.09692506228307,7.856231685077641,7.95250940322876,3091300,0.0,0.0,AGI
2021-01-15 00:00:00-05:00,7.942881360368567,7.971764308227101,7.577027320861816,7.577027320861816,3361400,0.0,0.0,AGI
2021-01-19 00:00:00-05:00,7.740699129361988,7.817720938157837,7.567400059571326,7.625166416168213,3236200,0.0,0.0,AGI
2021-01-20 00:00:00-05:00,7.798466056866943,7.9621376324480995,7.692560379624783,7.933253765106201,3266200,0.0,0.0,AGI
2021-01-21 00:00:00-05:00,7.933254055848155,7.933254055848155,7.654049755184183,7.7888383865356445,1923100,0.0,0.0,AGI
2021-01-22 00:00:00-05:00,7.586655070444849,7.769581626150824,7.480749859968101,7.654048919677734,1792100,0.0,0.0,AGI
2021-01-25 00:00:00-05:00,7.740698783514054,7.769581730978935,7.461494509560615,7.615538120269775,2233500,0.0,0.0,AGI
2021-01-26 00:00:00-05:00,7.625166880832999,7.88511527181671,7.586655974088284,7.721444606781006,2134100,0.0,0.0,AGI
2021-01-27 00:00:00-05:00,7.577026895883787,7.856231157982649,7.384472390672899,7.605910301208496,2878000,0.0,0.0,AGI
2021-01-28 00:00:00-05:00,7.827348919337665,8.17394706004979,7.567400084260476,7.750327110290527,3008000,0.0,0.0,AGI
2021-01-29 00:00:00-05:00,8.0872965477854,8.11618041213751,7.634793231917172,7.702187538146973,2520500,0.0,0.0,AGI
2021-02-01 00:00:00-05:00,8.000647259105216,8.029530203659979,7.6155373529619395,7.827347755432129,3930900,0.0,0.0,AGI
2021-02-02 00:00:00-05:00,7.692560269321485,7.73107117371941,7.461494842933936,7.625166416168213,3062100,0.0,0.0,AGI
2021-02-03 00:00:00-05:00,7.663677875416233,7.894743318532914,7.605911514637062,7.808093547821045,2430300,0.0,0.0,AGI
2021-02-04 00:00:00-05:00,7.6444212022506735,7.70218755381394,7.336333534827101,7.605910301208496,5075400,0.0,0.0,AGI
2021-02-05 00:00:00-05:00,7.682932087665051,7.769581385290621,7.596282330953329,7.702187538146973,3521900,0.0,0.0,AGI
2021-02-08 00:00:00-05:00,7.85623227339219,7.933254086411923,7.759955466203743,7.817721366882324,2704900,0.0,0.0,AGI
2021-02-09 00:00:00-05:00,7.894742527998211,7.933253431328062,7.750326870054363,7.798465728759766,2069500,0.0,0.0,AGI
2021-02-10 00:00:00-05:00,7.875487866767204,7.981392625836965,7.750327196136179,7.933253765106201,2254800,0.0,0.0,AGI
2021-02-11 00:00:00-05:00,7.981392918343136,8.0776706433331,7.750327480174145,7.7888383865356445,2648700,0.0,0.0,AGI
2021-02-12 00:00:00-05:00,7.740700524267653,7.971765992294138,7.605912334585537,7.84660530090332,2341700,0.0,0.0,AGI
2021-02-16 00:00:00-05:00,7.769582271575928,7.981392710124678,7.615538650148621,7.769582271575928,2242300,0.0,0.0,AGI
2021-02-17 00:00:00-05:00,7.70218755381394,7.750326409659738,7.528888499124141,7.605910301208496,3049800,0.0,0.0,AGI
2021-02-18 00:00:00-05:00,7.644421321679417,7.692559719191128,7.35558910026451,7.374844551086426,2866400,0.0,0.0,AGI
2021-02-19 00:00:00-05:00,7.403728592598663,7.451866994243876,7.086013397212696,7.143779754638672,5126700,0.0,0.0,AGI
2021-02-22 00:00:00-05:00,7.22080213253412,7.5000064449318735,7.15340781402609,7.451867580413818,8028300,0.0,0.0,AGI
2021-02-23 00:00:00-05:00,7.345962554031219,7.413356411077053,7.095641201900354,7.249685287475586,2515200,0.0,0.0,AGI
2021-02-24 00:00:00-05:00,7.249685126168243,7.528889422510322,7.114896496903218,7.480750560760498,3270300,0.0,0.0,AGI
2021-02-25 00:00:00-05:00,7.4807504585366225,7.8947429194003425,7.230429574482295,7.297823429107666,4858700,0.0,0.0,AGI
2021-02-26 00:00:00-05:00,7.259312334531268,7.317078690883298,6.797181024628839,6.835691928863525,6504700,0.0,0.0,AGI
2021-03-01 00:00:00-05:00,6.980108025474231,7.086013241301422,6.787553504957694,6.931969165802002,5853300,0.0,0.0,AGI
2021-03-02 00:00:00-05:00,6.9415963858090715,7.317077890571755,6.854946631215321,7.26893949508667,4251600,0.0,0.0,AGI
2021-03-03 00:00:00-05:00,7.076385760228681,7.124524623128788,6.758670550529394,7.028247356414795,4366400,0.0,0.0,AGI
2021-03-04 00:00:00-05:00,7.00899128160152,7.480750076213472,6.980107874605234,7.259312152862549,5409100,0.0,0.0,AGI
2021-03-05 00:00:00-05:00,7.268939985239163,7.413355640518662,7.153406818294922,7.394100189208984,3544000,0.0,0.0,AGI
2021-03-08 00:00:00-05:00,7.45186709960769,7.480750508272168,7.2111737107198,7.326706886291504,3176800,0.0,0.0,AGI
2021-03-09 00:00:00-05:00,7.567399035997155,7.788836935876401,7.442238384090161,7.471121788024902,3082800,0.0,0.0,AGI
2021-03-10 00:00:00-05:00,7.557772023098089,7.644421786609794,7.365217503167842,7.567399978637695,2813000,0.0,0.0,AGI
2021-03-11 00:00:00-05:00,7.634793145940839,7.769581297796423,7.480749543820172,7.644421100616455,2951000,0.0,0.0,AGI
2021-03-12 00:00:00-05:00,7.509633860009845,7.8177211016357155,7.394100685313941,7.740699291229248,3411800,0.0,0.0,AGI
2021-03-15 00:00:00-04:00,7.8080928023494405,7.923625512877385,7.596282833048209,7.7310709953308105,3264400,0.0,0.0,AGI
2021-03-16 00:00:00-04:00,7.745557574535308,7.745557574535308,7.600689993249924,7.648979187011719,1968800,0.025,0.0,AGI
2021-03-17 00:00:00-04:00,7.59103270383485,8.015976058454909,7.552401531643927,7.929055690765381,3178000,0.0,0.0,AGI
2021-03-18 00:00:00-04:00,7.822821419478006,7.938714954154133,7.764874191619973,7.8324785232543945,2716300,0.0,0.0,AGI
2021-03-19 00:00:00-04:00,7.842135893589178,8.035291768595835,7.764873543586515,7.9773454666137695,5346000,0.0,0.0,AGI
2021-03-22 00:00:00-04:00,7.929057545024797,8.102898321057598,7.919399519458528,7.958030700683594,1763200,0.0,0.0,AGI
2021-03-23 00:00:00-04:00,7.851792668287128,7.909738961049258,7.658636363493974,7.697267532348633,2298300,0.0,0.0,AGI
2021-03-24 00:00:00-04:00,7.726242033586619,7.726242033586619,7.484796970037037,7.513770580291748,2474200,0.0,0.0,AGI
2021-03-25 00:00:00-04:00,7.455823078311633,7.552401468501388,7.330272000000762,7.4751386642456055,2230300,0.0,0.0,AGI
2021-03-26 00:00:00-04:00,7.465482114928913,7.677953589044217,7.397877324723155,7.658638000488281,2022500,0.0,0.0,AGI
2021-03-29 00:00:00-04:00,7.562058822448441,7.658636749452149,7.349587383040285,7.648979187011719,2271600,0.0,0.0,AGI
2021-03-30 00:00:00-04:00,7.455823174357312,7.46548119770866,7.204720553980979,7.281982898712158,4194800,0.0,0.0,AGI
2021-03-31 00:00:00-04:00,7.320614207363906,7.726241985273974,7.272325471267888,7.542743682861328,2929900,0.0,0.0,AGI
2021-04-01 00:00:00-04:00,7.6586383145047074,7.890425847199566,7.648980750090742,7.880767822265625,2160500,0.0,0.0,AGI
2021-04-05 00:00:00-04:00,7.8421354198074225,7.9290557885691,7.697268292044596,7.735899925231934,2973200,0.0,0.0,AGI
2021-04-06 00:00:00-04:00,7.822820093755419,8.122211444004652,7.784188922076815,8.015975952148438,2486300,0.0,0.0,AGI
2021-04-07 00:00:00-04:00,7.9966609755793545,8.015977024522641,7.813163115817662,7.822821140289307,2142000,0.0,0.0,AGI
2021-04-08 00:00:00-04:00,7.977346843702304,8.054609207042374,7.938715662032269,8.006319999694824,1803100,0.0,0.0,AGI
2021-04-09 00:00:00-04:00,7.871108278022442,8.112553328526687,7.803503958613981,8.073922157287598,2487600,0.0,0.0,AGI
2021-04-12 00:00:00-04:00,8.044950569229517,8.064266619114798,7.745559164327264,7.774532318115234,1692600,0.0,0.0,AGI
2021-04-13 00:00:00-04:00,7.871110157704826,8.18981762679707,7.822821872904178,8.180160522460938,3273300,0.0,0.0,AGI
2021-04-14 00:00:00-04:00,8.199474611334677,8.209132635484817,7.977345582120699,7.9966607093811035,2314600,0.0,0.0,AGI
2021-04-15 00:00:00-04:00,8.112554764511675,8.498867466322668,8.08358161121383,8.421605110168457,2702200,0.0,0.0,AGI
2021-04-16 00:00:00-04:00,8.566471197248418,8.566471197248418,8.363657296299454,8.508524894714355,2920600,0.0,0.0,AGI
2021-04-19 00:00:00-04:00,8.50852549110193,8.556813772918359,8.392631035830675,8.421605110168457,2744900,0.0,0.0,AGI
2021-04-20 00:00:00-04:00,8.247763513271215,8.489208582068429,8.199474315303805,8.469893455505371,3398000,0.0,0.0,AGI
2021-04-21 00:00:00-04:00,8.450577512253593,8.672706536190843,8.402288313689887,8.624418258666992,2646600,0.0,0.0,AGI
2021-04-22 00:00:00-04:00,8.518181796183395,8.518181796183395,8.353999074489352,8.411946296691895,2041500,0.0,0.0,AGI
2021-04-23 00:00:00-04:00,8.508523711615146,8.537496858853498,8.267078668869468,8.305709838867188,1616100,0.0,0.0,AGI
2021-04-26 00:00:00-04:00,8.296051816107822,8.33468298610554,8.199473430593653,8.305709838867188,1217900,0.0,0.0,AGI
2021-04-27 00:00:00-04:00,8.315368138016735,8.325026162166877,7.98700360627084,7.9966607093811035,2554300,0.0,0.0,AGI
2021-04-28 00:00:00-04:00,7.919398601256424,8.073923308240564,7.822821119911289,8.064266204833984,3247300,0.0,0.0,AGI
2021-04-29 00:00:00-04:00,7.987005567202824,8.141530307383755,7.8711110910270214,7.967689514160156,2275600,0.0,0.0,AGI
2021-04-30 00:00:00-04:00,7.890425269973207,7.967687621712685,7.706926954331976,7.726242542266846,2596500,0.0,0.0,AGI
2021-05-03 00:00:00-04:00,7.871109967209912,8.267080708687981,7.803505633293155,8.189817428588867,3160300,0.0,0.0,AGI
2021-05-04 00:00:00-04:00,8.160844187829543,8.363658108473256,7.977346317266163,8.035292625427246,2476700,0.0,0.0,AGI
2021-05-05 00:00:00-04:00,8.131870963025452,8.141528987981625,7.948372173018016,8.093239784240723,2413400,0.0,0.0,AGI
2021-05-06 00:00:00-04:00,8.20913136566605,8.508523620730177,8.180158218737178,8.363656044006348,3261100,0.0,0.0,AGI
2021-05-07 00:00:00-04:00,8.498865812588951,8.576128153709233,8.353998232208601,8.460234642028809,2176200,0.0,0.0,AGI
2021-05-10 00:00:00-04:00,8.585787819034556,8.643734125439776,8.30571154863617,8.31536865234375,1881200,0.0,0.0,AGI
2021-05-11 00:00:00-04:00,8.170501992147301,8.450578263466301,8.122212789290936,8.421605110168457,1969900,0.0,0.0,AGI
2021-05-12 00:00:00-04:00,8.431262530908679,8.440920556051065,8.141529144956882,8.189817428588867,2256100,0.0,0.0,AGI
2021-05-13 00:00:00-04:00,8.160842628035907,8.238104971510062,8.05460713601889,8.122211456298828,1601500,0.0,0.0,AGI
2021-05-14 00:00:00-04:00,8.276738766047032,8.42160639674774,8.247765608322922,8.402290344238281,1092700,0.0,0.0,AGI
2021-05-17 00:00:00-04:00,8.460235544105451,8.972098838864932,8.421604369426241,8.836889266967773,3882100,0.0,0.0,AGI
2021-05-18 00:00:00-04:00,8.836889198827633,9.020387967918833,8.73065369953894,8.78860092163086,3027000,0.0,0.0,AGI
2021-05-19 00:00:00-04:00,8.769283979584594,8.933466684221026,8.605101274948161,8.730652809143066,2887000,0.0,0.0,AGI
2021-05-20 00:00:00-04:00,8.7113381562395,8.904494018908265,8.68236408605933,8.865862846374512,2352400,0.0,0.0,AGI
2021-05-21 00:00:00-04:00,8.914152850545436,8.962442055840349,8.653392615616884,8.769286155700684,2786200,0.0,0.0,AGI
2021-05-24 00:00:00-04:00,8.76928487392027,8.846547222682927,8.711338572868202,8.78860092163086,726600,0.0,0.0,AGI
2021-05-25 00:00:00-04:00,8.730653961469129,8.904494711920465,8.624418458993242,8.827232360839844,2341600,0.0,0.0,AGI
2021-05-26 00:00:00-04:00,8.894836489506515,9.049361188223351,8.788600989398654,8.836889266967773,2688400,0.0,0.0,AGI
2021-05-27 00:00:00-04:00,8.778942632071004,8.875520104581376,8.711338309209761,8.749969482421875,1391500,0.0,0.0,AGI
2021-05-28 00:00:00-04:00,8.692022947931576,8.827232525362652,8.653391771671254,8.817574501037598,1702000,0.0,0.0,AGI
2021-06-01 00:00:00-04:00,8.88518004983636,8.943127282707302,8.730655323567209,8.856206893920898,1679900,0.0,0.0,AGI
2021-06-02 00:00:00-04:00,8.817573821176078,9.059018884446925,8.769284624313944,8.962440490722656,2272900,0.0,0.0,AGI
2021-06-03 00:00:00-04:00,8.740312652157069,8.740312652157069,8.508525581238946,8.576129913330078,2577200,0.0,0.0,AGI
2021-06-04 00:00:00-04:00,8.672707130980797,8.769285534731731,8.595444776396018,8.643733978271484,1442500,0.0,0.0,AGI
2021-06-07 00:00:00-04:00,8.566469440334743,8.605100607781134,8.469891982238604,8.498865127563477,1764200,0.0,0.0,AGI
2021-06-08 00:00:00-04:00,8.460235559215878,8.479550686070052,8.325025987077227,8.353999137878418,1970300,0.0,0.0,AGI
2021-06-09 00:00:00-04:00,8.421603348860343,8.508523711615146,8.305709838867188,8.305709838867188,1982700,0.0,0.0,AGI
2021-06-10 00:00:00-04:00,8.344342330535701,8.6051025390625,8.305711154419141,8.6051025390625,1895900,0.0,0.0,AGI
2021-06-11 00:00:00-04:00,8.556813173146118,8.59544434851545,8.45057767114042,8.508524894714355,1592500,0.0,0.0,AGI
2021-06-14 00:00:00-04:00,8.402287587834456,8.595443444363108,8.296052097003642,8.450576782226562,1553300,0.0,0.0,AGI
2021-06-15 00:00:00-04:00,8.600701306638896,8.678185027301325,8.503846193971455,8.552273750305176,2960000,0.025,0.0,AGI
2021-06-16 00:00:00-04:00,8.581330282619483,8.823467150992617,8.465104696641841,8.484476089477539,2709500,0.0,0.0,AGI
2021-06-17 00:00:00-04:00,8.184226596526793,8.222968461502772,7.738694687463567,7.7871222496032715,5374200,0.0,0.0,AGI
2021-06-18 00:00:00-04:00,7.748379824854466,7.932403439276064,7.544984817504883,7.544984817504883,4153100,0.0,0.0,AGI
2021-06-21 00:00:00-04:00,7.641840376002282,7.758066438107776,7.5353004733448445,7.670897006988525,2243500,0.0,0.0,AGI
2021-06-22 00:00:00-04:00,7.632153728273617,7.777435470809057,7.544984313280835,7.719322681427002,2446400,0.0,0.0,AGI
2021-06-23 00:00:00-04:00,7.8258635492087025,7.854919714921828,7.544984817504883,7.544984817504883,2798900,0.0,0.0,AGI
2021-06-24 00:00:00-04:00,7.603098370875159,7.6515259343577195,7.457816142266951,7.506243705749512,1724700,0.0,0.0,AGI
2021-06-25 00:00:00-04:00,7.593412447663899,7.6321543102059035,7.438444535656447,7.467501163482666,1464300,0.0,0.0,AGI
2021-06-28 00:00:00-04:00,7.438444884758744,7.515929075318686,7.283477427317766,7.35127592086792,1527000,0.0,0.0,AGI
2021-06-29 00:00:00-04:00,7.2641063467667735,7.33190483893213,7.128509824275505,7.186622619628906,2215900,0.0,0.0,AGI
2021-06-30 00:00:00-04:00,7.215678298745068,7.525613648190326,7.147880273000996,7.409388065338135,3046100,0.0,0.0,AGI
2021-07-01 00:00:00-04:00,7.554671531466143,7.554671531466143,7.2931636956298265,7.370647430419922,1922200,0.0,0.0,AGI
2021-07-02 00:00:00-04:00,7.4771868995726125,7.603098192196681,7.399703169293019,7.564356327056885,1878400,0.0,0.0,AGI
2021-07-06 00:00:00-04:00,7.719322944002995,7.83554898855998,7.535299335619878,7.6321539878845215,3851700,0.0,0.0,AGI
2021-07-07 00:00:00-04:00,7.680581540973181,7.690267237696762,7.535299784834985,7.58372688293457,1676200,0.0,0.0,AGI
2021-07-08 00:00:00-04:00,7.612783943349812,7.651525808764155,7.322219490902775,7.390017986297607,3211800,0.0,0.0,AGI
2021-07-09 00:00:00-04:00,7.428759230973528,7.593412376145994,7.428759230973528,7.544984817504883,2134000,0.0,0.0,AGI
2021-07-12 00:00:00-04:00,7.467501140644671,7.564355796703472,7.370646484585871,7.419073581695557,2119000,0.0,0.0,AGI
2021-07-13 00:00:00-04:00,7.419073291062894,7.864605153319667,7.390017126303206,7.6321539878845215,3415500,0.0,0.0,AGI
2021-07-14 00:00:00-04:00,7.845235812363806,8.029259447198093,7.787122550812531,7.893662452697754,4224400,0.0,0.0,AGI
2021-07-15 00:00:00-04:00,7.932404319172285,7.990517580723561,7.777436853274159,7.893662452697754,2311000,0.0,0.0,AGI
2021-07-16 00:00:00-04:00,7.816178470427651,7.942089763373291,7.564356346375836,7.612783908843994,3102800,0.0,0.0,AGI
2021-07-19 00:00:00-04:00,7.438445190984817,7.603098352214028,7.380332392052061,7.457816123962402,2584200,0.0,0.0,AGI
2021-07-20 00:00:00-04:00,7.506243687326101,7.651525915577727,7.360961459074476,7.457816123962402,2903300,0.0,0.0,AGI
2021-07-21 00:00:00-04:00,7.35127601447769,7.719323730586663,7.35127601447769,7.690267562866211,1894800,0.0,0.0,AGI
2021-07-22 00:00:00-04:00,7.670896706702105,7.670896706702105,7.4481307506596135,7.612783908843994,1426000,0.0,0.0,AGI
2021-07-23 00:00:00-04:00,7.554670513968875,7.6030976107705595,7.467501093150646,7.544984817504883,1541300,0.0,0.0,AGI
2021-07-26 00:00:00-04:00,7.5449853625836685,7.796807946766997,7.535300127259404,7.7871222496032715,2363000,0.0,0.0,AGI
2021-07-27 00:00:00-04:00,7.806494387654052,7.825864860148003,7.593413648146539,7.699953556060791,2303200,0.0,0.0,AGI
2021-07-28 00:00:00-04:00,7.632154055122801,7.835549057590143,7.583726497644133,7.825863361358643,2178400,0.0,0.0,AGI
2021-07-29 00:00:00-04:00,7.806493095248269,8.000202406513232,7.515928666511398,7.86460542678833,5079800,0.0,0.0,AGI
2021-07-30 00:00:00-04:00,7.777436005799383,7.951774847777277,7.7386941435463905,7.86460542678833,1681400,0.0,0.0,AGI
2021-08-02 00:00:00-04:00,7.893662050842858,7.903347747888145,7.690267493125828,7.816178321838379,1816400,0.0,0.0,AGI
2021-08-03 00:00:00-04:00,7.7871222884153415,7.893662186710565,7.748380423246267,7.88397741317749,2620200,0.0,0.0,AGI
2021-08-04 00:00:00-04:00,8.038943525003212,8.34887839435198,8.019572133829529,8.126112937927246,7770100,0.0,0.0,AGI
2021-08-05 00:00:00-04:00,8.126114214172942,8.126114214172942,7.622469048702504,7.641839981079102,2643200,0.0,0.0,AGI
2021-08-06 00:00:00-04:00,7.40938921746721,7.525614818391997,7.302848852366412,7.448131084442139,2315000,0.0,0.0,AGI
2021-08-09 00:00:00-04:00,7.331904765134064,7.428759423081525,7.186622547293155,7.264106273651123,4229900,0.0,0.0,AGI
2021-08-10 00:00:00-04:00,7.205993551413373,7.302848210335708,7.147880756059972,7.186622619628906,1894200,0.0,0.0,AGI
2021-08-11 00:00:00-04:00,7.3028479944249955,7.477186375330836,7.3028479944249955,7.419073581695557,1564200,0.0,0.0,AGI
2021-08-12 00:00:00-04:00,7.360961135458708,7.360961135458708,7.244735542702914,7.3028483390808105,1983400,0.0,0.0,AGI
2021-08-13 00:00:00-04:00,7.428759680561556,7.5449852741268755,7.390017816039783,7.496557712554932,1958300,0.0,0.0,AGI
2021-08-16 00:00:00-04:00,7.486873416520708,7.564357155284053,7.3997039794921875,7.3997039794921875,1500100,0.0,0.0,AGI
2021-08-17 00:00:00-04:00,7.380332067584673,7.43844486396257,7.244735542702914,7.3028483390808105,1615700,0.0,0.0,AGI
2021-08-18 00:00:00-04:00,7.2834781291171895,7.322219997210406,7.012284590625176,7.1188249588012695,4725000,0.0,0.0,AGI
2021-08-19 00:00:00-04:00,7.070398134887803,7.118825241004313,6.973542998975752,7.031656265258789,3274000,0.0,0.0,AGI
2021-08-20 00:00:00-04:00,6.973542152605929,7.138195309465256,6.925115052366954,7.051026344299316,1676300,0.0,0.0,AGI
2021-08-23 00:00:00-04:00,7.235050432697765,7.448131165210017,7.147881461978653,7.370647430419922,2213900,0.0,0.0,AGI
2021-08-24 00:00:00-04:00,7.457816202668249,7.477187135850264,7.3512763010869,7.3803324699401855,1820400,0.0,0.0,AGI
2021-08-25 00:00:00-04:00,7.331906318664551,7.39970436267353,7.225365941428178,7.331906318664551,1748200,0.0,0.0,AGI
2021-08-26 00:00:00-04:00,7.264107354631811,7.535300899080782,7.264107354631811,7.428760528564453,1818300,0.0,0.0,AGI
2021-08-27 00:00:00-04:00,7.428760395282564,7.816179077773845,7.409389461158,7.729010105133057,5252600,0.0,0.0,AGI
2021-08-30 00:00:00-04:00,7.758066805388116,7.806494372044673,7.496558499650108,7.554671764373779,1946500,0.0,0.0,AGI
2021-08-31 00:00:00-04:00,7.55467130864277,7.6612112099170355,7.535300375516587,7.651525974273682,1263900,0.0,0.0,AGI
2021-09-01 00:00:00-04:00,7.6999523619801336,7.6999523619801336,7.496557352100861,7.515928745269775,1522800,0.0,0.0,AGI
2021-09-02 00:00:00-04:00,7.496557559470433,7.603097915649414,7.448130460726856,7.603097915649414,1630900,0.0,0.0,AGI
2021-09-03 00:00:00-04:00,7.748381152694864,7.874292457267637,7.641840782530248,7.79680871963501,3782200,0.0,0.0,AGI
2021-09-07 00:00:00-04:00,7.651525529685327,7.680581696766568,7.438444815838801,7.477186679840088,2260600,0.0,0.0,AGI
2021-09-08 00:00:00-04:00,7.477186780294045,7.5449852741268755,7.3609611867287255,7.496557712554932,1511400,0.0,0.0,AGI
2021-09-09 00:00:00-04:00,7.535299807214912,7.535299807214912,7.3028481653924215,7.360960960388184,3465100,0.0,0.0,AGI
2021-09-10 00:00:00-04:00,7.33190445645708,7.390017248778977,7.157565617651968,7.205993175506592,2554400,0.0,0.0,AGI
2021-09-13 00:00:00-04:00,7.22536492823138,7.574042183667386,7.205993995253794,7.457816123962402,2958300,0.0,0.0,AGI
2021-09-14 00:00:00-04:00,7.5256147384643555,7.6224694048730095,7.457816241058558,7.5256147384643555,2071100,0.0,0.0,AGI
2021-09-15 00:00:00-04:00,7.491605989309624,7.705374048673051,7.472172529367494,7.608206748962402,1806200,0.025,0.0,AGI
2021-09-16 00:00:00-04:00,7.3750054695382286,7.3847219681602185,7.151520441269487,7.248687744140625,3264000,0.0,0.0,AGI
2021-09-17 00:00:00-04:00,7.180669429020992,7.277836718746747,7.132086015823207,7.238969802856445,3148600,0.0,0.0,AGI
2021-09-20 00:00:00-04:00,7.141803124120551,7.316704723920138,7.054352787550982,7.306987762451172,3555000,0.0,0.0,AGI
2021-09-21 00:00:00-04:00,7.404155814940781,7.423589276528673,7.200104236602783,7.200104236602783,2793300,0.0,0.0,AGI
2021-09-22 00:00:00-04:00,7.238970667996984,7.365288391401984,7.180670287193963,7.19038724899292,2791100,0.0,0.0,AGI
2021-09-23 00:00:00-04:00,7.141803411768371,7.180670332549213,6.966902268254579,6.976618766784668,2156400,0.0,0.0,AGI
2021-09-24 00:00:00-04:00,6.908602274603493,7.044636504966931,6.811434967201038,6.928035736083984,1557800,0.0,0.0,AGI
2021-09-27 00:00:00-04:00,6.966903185215663,7.141804351749377,6.898885833231844,6.957186222076416,1636200,0.0,0.0,AGI
2021-09-28 00:00:00-04:00,6.850301025017704,6.976618277022791,6.782283686760957,6.966901779174805,3139200,0.0,0.0,AGI
2021-09-29 00:00:00-04:00,6.928034540881616,6.928034540881616,6.743416457001538,6.811433792114258,2745900,0.0,0.0,AGI
2021-09-30 00:00:00-04:00,6.908601924600561,7.054353109985347,6.850301543112696,6.996052265167236,4112800,0.0,0.0,AGI
2021-10-01 00:00:00-04:00,7.073786454592832,7.073786454592832,6.889168351240699,6.937751770019531,1812400,0.0,0.0,AGI
2021-10-04 00:00:00-04:00,6.918318230997792,7.209820593669647,6.850301352816529,7.132086753845215,3444700,0.0,0.0,AGI
2021-10-05 00:00:00-04:00,7.102936558168794,7.248687744140625,6.957185372196963,7.248687744140625,2443900,0.0,0.0,AGI
2021-10-06 00:00:00-04:00,7.209820426051374,7.306987723572911,7.112653128529837,7.2875542640686035,4829000,0.0,0.0,AGI
2021-10-07 00:00:00-04:00,7.238971159778567,7.345855430177107,7.122370390251217,7.200104236602783,3604500,0.0,0.0,AGI
2021-10-08 00:00:00-04:00,7.404155814940781,7.472173162163537,7.1806707750148915,7.200104236602783,4319800,0.0,0.0,AGI
2021-10-11 00:00:00-04:00,7.209821150360753,7.287554996187241,7.132087304534266,7.17095422744751,2115800,0.0,0.0,AGI
2021-10-12 00:00:00-04:00,7.200104155170959,7.433306154918459,7.132087272047732,7.404155731201172,2756400,0.0,0.0,AGI
2021-10-13 00:00:00-04:00,7.462456215678628,7.812258988339739,7.462456215678628,7.705374717712402,3304200,0.0,0.0,AGI
2021-10-14 00:00:00-04:00,7.8219758791565335,7.938576647865211,7.802541954374818,7.919142723083496,3343200,0.0,0.0,AGI
2021-10-15 00:00:00-04:00,7.753957940486297,7.967726000133485,7.637357180678739,7.851125240325928,2966000,0.0,0.0,AGI
2021-10-18 00:00:00-04:00,7.831692950561116,7.8511259489527925,7.705374754373019,7.724808216094971,2165000,0.0,0.0,AGI
2021-10-19 00:00:00-04:00,7.909425807884072,7.909425807884072,7.676223833066768,7.715090751647949,1997100,0.0,0.0,AGI
2021-10-20 00:00:00-04:00,7.792826722380446,7.928860503240542,7.773392795594356,7.831693649291992,1755000,0.0,0.0,AGI
2021-10-21 00:00:00-04:00,7.783108736735743,7.821975658542417,7.685940968888802,7.792825698852539,1760400,0.0,0.0,AGI
2021-10-22 00:00:00-04:00,7.880274559447685,8.035743153241583,7.744240350705866,7.773390769958496,2616900,0.0,0.0,AGI
2021-10-25 00:00:00-04:00,7.860842803843175,7.977443572578311,7.763675033233627,7.909426689147949,2156400,0.0,0.0,AGI
2021-10-26 00:00:00-04:00,7.831692866457343,7.948293635536887,7.763675056165536,7.928859710693359,2484600,0.0,0.0,AGI
2021-10-27 00:00:00-04:00,7.928858988850238,8.074610631925848,7.802541268848891,8.045459747314453,2453500,0.0,0.0,AGI
2021-10-28 00:00:00-04:00,7.715091417966859,7.889992566687626,7.4430225010709625,7.569340229034424,6922000,0.0,0.0,AGI
2021-10-29 00:00:00-04:00,7.472172240470672,7.472172240470672,7.190386850539352,7.229253768920898,3764000,0.0,0.0,AGI
2021-11-01 00:00:00-04:00,7.248687881930336,7.355572148785466,7.132087116268516,7.316705226898193,1991700,0.0,0.0,AGI
2021-11-02 00:00:00-04:00,7.238971932040863,7.3555731773376465,7.170955040892254,7.3555731773376465,2757900,0.0,0.0,AGI
2021-11-03 00:00:00-04:00,7.238970209812579,7.472172181594587,7.190386793883561,7.433305263519287,1690100,0.0,0.0,AGI
2021-11-04 00:00:00-04:00,7.588773845863281,7.7345250377891865,7.404155731201172,7.404155731201172,2143800,0.0,0.0,AGI
2021-11-05 00:00:00-04:00,7.481888776830645,7.715090751647949,7.394438441688096,7.715090751647949,1920900,0.0,0.0,AGI
2021-11-08 00:00:00-05:00,7.802540725880931,7.821974647602815,7.676223478000054,7.773390769958496,2001700,0.0,0.0,AGI
2021-11-09 00:00:00-05:00,7.831690650377978,8.0065912911766,7.705372491289776,7.987158298492432,3610800,0.0,0.0,AGI
2021-11-10 00:00:00-05:00,8.171777851898483,8.307812539839066,8.152344854570114,8.23007869720459,4365100,0.0,0.0,AGI
2021-11-11 00:00:00-05:00,8.385546831003074,8.579881447983913,8.210645212390043,8.46328067779541,3709700,0.0,0.0,AGI
2021-11-12 00:00:00-05:00,8.366112833113494,8.589598335690518,8.268945988799583,8.424413681030273,2399400,0.0,0.0,AGI
2021-11-15 00:00:00-05:00,8.375828716548885,8.453562552650373,8.307811841625188,8.366111755371094,2010500,0.0,0.0,AGI
2021-11-16 00:00:00-05:00,8.414694217315331,8.424411176856498,8.142625836784516,8.152342796325684,3148600,0.0,0.0,AGI
2021-11-17 00:00:00-05:00,8.220361834057215,8.453563364764815,8.171777950161337,8.288378715515137,2035900,0.0,0.0,AGI
2021-11-18 00:00:00-05:00,8.239792595340232,8.35639425570886,8.10375886934393,8.132908821105957,2013000,0.0,0.0,AGI
2021-11-19 00:00:00-05:00,8.103761552572378,8.239795323610688,8.035744667053223,8.035744667053223,1645800,0.0,0.0,AGI
2021-11-22 00:00:00-05:00,7.8219757080078125,7.938576474165208,7.676224518645941,7.8219757080078125,2770600,0.0,0.0,AGI
2021-11-23 00:00:00-05:00,7.6956572923573585,7.812258048100903,7.5596230773232245,7.715090751647949,3128700,0.0,0.0,AGI
2021-11-24 00:00:00-05:00,7.637356914485587,7.792825052140529,7.637356914485587,7.715090751647949,1331200,0.0,0.0,AGI
2021-11-26 00:00:00-05:00,7.783108351771803,7.812258310019882,7.462455567731313,7.608206748962402,1857800,0.0,0.0,AGI
2021-11-29 00:00:00-05:00,7.549906655243862,7.588773576601005,7.4333058911724335,7.511039733886719,2045800,0.0,0.0,AGI
2021-11-30 00:00:00-05:00,7.598490846099002,7.821975884611628,7.413872730516375,7.42358922958374,4475800,0.0,0.0,AGI
2021-12-01 00:00:00-05:00,7.530472135363896,7.763673630705708,7.229253305548962,7.238969802856445,4904900,0.0,0.0,AGI
2021-12-02 00:00:00-05:00,7.190387475305571,7.229254397064229,6.908602060890172,7.064069747924805,4897300,0.0,0.0,AGI
2021-12-03 00:00:00-05:00,7.073786335760411,7.180670133276444,6.957185113323472,7.1126532554626465,4637600,0.0,0.0,AGI
2021-12-06 00:00:00-05:00,7.107778103571338,7.234528716976012,7.000527548773685,7.205278396606445,2268000,0.025,0.0,AGI
2021-12-07 00:00:00-05:00,7.215028218100589,7.41002879227167,7.195528160683482,7.302778244018555,2182200,0.0,0.0,AGI
2021-12-08 00:00:00-05:00,7.3027790015480365,7.3222795259060085,7.1955289070877315,7.283278942108154,3233700,0.0,0.0,AGI
2021-12-09 00:00:00-05:00,7.137029528767197,7.195529713644206,6.961528509218029,7.029778957366943,2571700,0.0,0.0,AGI
2021-12-10 00:00:00-05:00,7.107778124425272,7.107778124425272,6.8445270999990795,6.971277713775635,3189200,0.0,0.0,AGI
2021-12-13 00:00:00-05:00,6.971277910146829,7.088278265427968,6.903027470440454,6.990777969360352,5088800,0.0,0.0,AGI
2021-12-14 00:00:00-05:00,6.873776781407092,6.951777008812433,6.756775975381053,6.815276145935059,3511800,0.0,0.0,AGI
2021-12-15 00:00:00-05:00,6.786027008416884,6.795776805411242,6.474025600990126,6.649526596069336,7149600,0.0,0.0,AGI
2021-12-16 00:00:00-05:00,6.7762761210689595,7.039527124472205,6.7762761210689595,7.010277271270752,4465200,0.0,0.0,AGI
2021-12-17 00:00:00-05:00,7.088277513151809,7.205277856015748,6.981026966400847,7.059027194976807,8630700,0.0,0.0,AGI
2021-12-20 00:00:00-05:00,7.0492778048566995,7.107777979657901,6.922527193661732,7.098028182983398,2739400,0.0,0.0,AGI
2021-12-21 00:00:00-05:00,7.137028589931208,7.205278564184081,7.020027770649849,7.1272783279418945,2443400,0.0,0.0,AGI
2021-12-22 00:00:00-05:00,7.146777772246005,7.273528377695677,7.059027281562688,7.2540283203125,1582800,0.0,0.0,AGI
2021-12-23 00:00:00-05:00,7.263778533101288,7.371029087318284,7.176028502303806,7.3417792320251465,1486100,0.0,0.0,AGI
2021-12-27 00:00:00-05:00,7.302778929113039,7.410029487427634,7.254029013455921,7.322279453277588,1118500,0.0,0.0,AGI
2021-12-28 00:00:00-05:00,7.341779512524052,7.4587798680028365,7.302778929113039,7.322279453277588,1406200,0.0,0.0,AGI
2021-12-29 00:00:00-05:00,7.205278704348627,7.4295296203663135,7.185778644908746,7.283278942108154,2124800,0.0,0.0,AGI
2021-12-30 00:00:00-05:00,7.224778153002035,7.429528992270097,7.224778153002035,7.41002893447876,1300400,0.0,0.0,AGI
2021-12-31 00:00:00-05:00,7.449029940265234,7.507530120630367,7.410029820021812,7.4977803230285645,1687500,0.0,0.0,AGI
2022-01-03 00:00:00-05:00,7.400278901528414,7.458779073032753,7.293028354644775,7.293028354644775,1721000,0.0,0.0,AGI
2022-01-04 00:00:00-05:00,7.3222791735236985,7.5367798170396245,7.254028736309598,7.3417792320251465,2334800,0.0,0.0,AGI
2022-01-05 00:00:00-05:00,7.380779175305605,7.5465294362075905,7.117528159273202,7.137028217315674,3512800,0.0,0.0,AGI
2022-01-06 00:00:00-05:00,7.000527917593198,7.0492782991381775,6.864027500152588,6.864027500152588,3226400,0.0,0.0,AGI
2022-01-07 00:00:00-05:00,6.88352650963464,6.942026679612961,6.786026226337441,6.854276657104492,3254700,0.0,0.0,AGI
2022-01-10 00:00:00-05:00,6.854276814414913,7.029777328377732,6.737276006855,7.010277271270752,3315200,0.0,0.0,AGI
2022-01-11 00:00:00-05:00,7.039527656497918,7.1760285314811245,6.961527422174982,7.156528472900391,4351700,0.0,0.0,AGI
2022-01-12 00:00:00-05:00,7.215028855080866,7.322279412802618,7.098028500248818,7.224778652191162,3005000,0.0,0.0,AGI
2022-01-13 00:00:00-05:00,7.176028416051667,7.234528590852869,7.0492778048566995,7.098028182983398,2665200,0.0,0.0,AGI
2022-01-14 00:00:00-05:00,7.117527873920139,7.137027931180823,6.912777040223941,6.922526836395264,2234400,0.0,0.0,AGI
2022-01-18 00:00:00-05:00,6.756776429978384,6.786026749682369,6.454525295988154,6.483775615692139,11320800,0.0,0.0,AGI
2022-01-19 00:00:00-05:00,6.610526530378373,7.205278564184081,6.5812762093285135,7.1272783279418945,7893800,0.0,0.0,AGI
2022-01-20 00:00:00-05:00,7.273528274673997,7.273528274673997,6.971277157056792,7.010277271270752,6196900,0.0,0.0,AGI
2022-01-21 00:00:00-05:00,7.03952696291016,7.078527541147063,6.82502633965632,6.854276657104492,3556400,0.0,0.0,AGI
2022-01-24 00:00:00-05:00,6.766527304293748,6.883527663869086,6.610526824859966,6.873777866363525,4706800,0.0,0.0,AGI
2022-01-25 00:00:00-05:00,6.7957768109255285,7.068778100760222,6.776276752002913,6.981027603149414,5186200,0.0,0.0,AGI
2022-01-26 00:00:00-05:00,6.922527141235553,7.059027548071269,6.6495263275641205,6.717776298522949,4680400,0.0,0.0,AGI
2022-01-27 00:00:00-05:00,6.581275906508655,6.727526575192459,6.474025354151458,6.483775615692139,3196100,0.0,0.0,AGI
2022-01-28 00:00:00-05:00,6.405775688449723,6.561776161193848,6.366775570263692,6.561776161193848,4004200,0.0,0.0,AGI
2022-01-31 00:00:00-05:00,6.600776307911206,6.678776544620418,6.522776071201994,6.659276485443115,4498400,0.0,0.0,AGI
2022-02-01 00:00:00-05:00,6.756776497624797,6.786026817621625,6.591026234036317,6.678776264190674,4385700,0.0,0.0,AGI
2022-02-02 00:00:00-05:00,6.66902663394369,6.756776666288476,6.571525874799144,6.600776195526123,3436400,0.0,0.0,AGI
2022-02-03 00:00:00-05:00,6.542276051994239,6.610526490756112,6.4057756393885725,6.415525436401367,5438600,0.0,0.0,AGI
2022-02-04 00:00:00-05:00,6.386275600919838,6.522776013963137,6.347275482907467,6.46427583694458,6665200,0.0,0.0,AGI
2022-02-07 00:00:00-05:00,6.561775908768954,6.942027278913913,6.522775792083218,6.912777423858643,4648300,0.0,0.0,AGI
2022-02-08 00:00:00-05:00,6.883527103885309,6.961527337256781,6.844526987199573,6.912777423858643,2440600,0.0,0.0,AGI
2022-02-09 00:00:00-05:00,6.932276883742253,6.942026679612961,6.8347766004450525,6.854276657104492,3031700,0.0,0.0,AGI
2022-02-10 00:00:00-05:00,6.815276747270063,6.8932774464756985,6.54227592726358,6.591026306152344,3513100,0.0,0.0,AGI
2022-02-11 00:00:00-05:00,6.630026463668985,7.078528278471667,6.600776143173996,7.0200276374816895,5985100,0.0,0.0,AGI
2022-02-14 00:00:00-05:00,7.059027693594679,7.146778189399949,6.990777721228862,7.107778072357178,5128200,0.0,0.0,AGI
2022-02-15 00:00:00-05:00,6.932277883046705,7.039527977674971,6.815277061306094,7.000527858734131,3620000,0.0,0.0,AGI
2022-02-16 00:00:00-05:00,7.0882787913936935,7.23452947880628,7.059028467943929,7.185779094696045,3180400,0.0,0.0,AGI
2022-02-17 00:00:00-05:00,7.293027999072452,7.458778709379237,7.156527605550752,7.351528167724609,6145700,0.0,0.0,AGI
2022-02-18 00:00:00-05:00,7.3515290587077295,7.361279320457132,7.117528355738923,7.156528472900391,5632200,0.0,0.0,AGI
2022-02-22 00:00:00-05:00,7.205279511997969,7.263779696874979,6.971278772489934,7.029778957366943,4318000,0.0,0.0,AGI
2022-02-23 00:00:00-05:00,7.0687780681114205,7.322279297852644,7.039527747403558,7.16627836227417,4429300,0.0,0.0,AGI
2022-02-24 00:00:00-05:00,7.536779590443172,7.575779706273513,6.912777272239667,7.039527416229248,7829100,0.0,0.0,AGI
2022-02-25 00:00:00-05:00,6.990778132098825,7.263778967443344,6.922527690803648,7.244278907775879,4685500,0.0,0.0,AGI
2022-02-28 00:00:00-05:00,7.3710288298511335,7.439279264681273,7.098028020366676,7.176028251647949,5028800,0.0,0.0,AGI
2022-03-01 00:00:00-05:00,7.224778476954389,7.546529677397497,7.215028680080573,7.536779880523682,4569800,0.0,0.0,AGI
2022-03-02 00:00:00-05:00,7.400279810016652,7.5075299051487105,7.254029130842464,7.429529666900635,3809300,0.0,0.0,AGI
2022-03-03 00:00:00-05:00,7.429529602053899,7.517280101776123,7.283278924156222,7.517280101776123,4622600,0.0,0.0,AGI
2022-03-04 00:00:00-05:00,7.7122810261578065,7.722031288730548,7.507530161311307,7.644031047821045,6773100,0.0,0.0,AGI
2022-03-07 00:00:00-05:00,7.702529766234143,8.043780987888221,7.575779166359822,8.014531135559082,7104600,0.0,0.0,AGI
2022-03-08 00:00:00-05:00,8.121782342845943,8.541034313792093,8.01453224950826,8.219283103942871,10002200,0.0,0.0,AGI
2022-03-09 00:00:00-05:00,7.761029536038149,8.170531166896733,7.702529369475208,8.160780906677246,4737700,0.0,0.0,AGI
2022-03-10 00:00:00-05:00,8.209533455458823,8.502034830775425,8.199783192653147,8.472784042358398,5657000,0.0,0.0,AGI
2022-03-11 00:00:00-05:00,8.209533755002038,8.599534983096753,8.180283895354004,8.502035140991211,6277600,0.0,0.0,AGI
2022-03-14 00:00:00-04:00,8.316781694354534,8.336282215598944,7.80002996924607,7.868279933929443,5510900,0.0,0.0,AGI
2022-03-15 00:00:00-04:00,7.57577941827719,8.121781484063524,7.566029622149274,7.995030879974365,3765200,0.0,0.0,AGI
2022-03-16 00:00:00-04:00,7.921682864250953,8.078160393860315,7.7945441719336115,8.009700775146484,3526400,0.025,0.0,AGI
2022-03-17 00:00:00-04:00,8.05860046480164,8.371556465573128,8.05860046480164,8.117280006408691,6021900,0.0,0.0,AGI
2022-03-18 00:00:00-04:00,8.039041239385737,8.215077998847548,7.9314622352194215,8.117280006408691,7014000,0.0,0.0,AGI
2022-03-21 00:00:00-04:00,8.185738712492274,8.400895788621202,8.127060103435086,8.175958633422852,3369500,0.0,0.0,AGI
2022-03-22 00:00:00-04:00,8.195519399118156,8.195519399118156,7.98036230703904,8.078161239624023,2415000,0.0,0.0,AGI
2022-03-23 00:00:00-04:00,8.175957070413693,8.254195822652713,8.039039720335154,8.215076446533203,3164500,0.0,0.0,AGI
2022-03-24 00:00:00-04:00,8.32265702142517,8.361776405023186,8.156399407963681,8.175958633422852,2435300,0.0,0.0,AGI
2022-03-25 00:00:00-04:00,8.087939943620807,8.215077228602977,7.999921105802701,8.166178703308105,1718100,0.0,0.0,AGI
2022-03-28 00:00:00-04:00,8.019482098815875,8.058601487290886,7.863004544915825,7.931463241577148,2270800,0.0,0.0,AGI
2022-03-29 00:00:00-04:00,7.745647192423032,8.058602333068848,7.686968103551942,8.058602333068848,2710800,0.0,0.0,AGI
2022-03-30 00:00:00-04:00,8.107500559885523,8.224858719575911,8.068381173322061,8.136839866638184,1415500,0.0,0.0,AGI
2022-03-31 00:00:00-04:00,8.087940758094774,8.371556523691876,8.068380599863405,8.234638214111328,3913700,0.0,0.0,AGI
2022-04-01 00:00:00-04:00,8.175958637100589,8.498693785099317,8.136839253484975,8.479134559631348,3376300,0.0,0.0,AGI
2022-04-04 00:00:00-04:00,8.547594845364074,8.635613708120156,8.381337200753665,8.498695373535156,2248900,0.0,0.0,AGI
2022-04-05 00:00:00-04:00,8.557374056647806,8.694292377318881,8.273758268077525,8.312877655029297,2645800,0.0,0.0,AGI
2022-04-06 00:00:00-04:00,8.293316823446078,8.381335670127882,8.136839288313839,8.234638214111328,1719000,0.0,0.0,AGI
2022-04-07 00:00:00-04:00,8.234638585055768,8.420455433225843,8.215078425943275,8.332437515258789,1677900,0.0,0.0,AGI
2022-04-08 00:00:00-04:00,8.351997121446617,8.586713445390465,8.342217041445682,8.48891544342041,2096600,0.0,0.0,AGI
2022-04-11 00:00:00-04:00,8.61605258671833,8.704070497463857,8.440014899867986,8.557373046875,3006800,0.0,0.0,AGI
2022-04-12 00:00:00-04:00,8.704071329831514,8.792090181673903,8.54759378552493,8.625832557678223,2192800,0.0,0.0,AGI
2022-04-13 00:00:00-04:00,8.704070177255302,8.860548633521045,8.645391572250308,8.821429252624512,2354100,0.0,0.0,AGI
2022-04-14 00:00:00-04:00,8.811649174230476,8.87032777923547,8.694291031540876,8.821429252624512,1750100,0.0,0.0,AGI
2022-04-18 00:00:00-04:00,8.92900839716716,9.017027248002936,8.733411469020835,8.752970695495605,1812200,0.0,0.0,AGI
2022-04-19 00:00:00-04:00,8.61605224471299,8.723630308695974,8.45957378890191,8.518253326416016,2437000,0.0,0.0,AGI
2022-04-20 00:00:00-04:00,8.537812468602334,8.684510844641167,8.44001448392271,8.645391464233398,1658000,0.0,0.0,AGI
2022-04-21 00:00:00-04:00,8.547593669417882,8.557373748974129,8.20529927906675,8.332437515258789,4022000,0.0,0.0,AGI
2022-04-22 00:00:00-04:00,8.1368411182303,8.27375945860279,7.9999237105377015,8.058602333068848,3098100,0.0,0.0,AGI
2022-04-25 00:00:00-04:00,7.765204395808181,7.872782924038639,7.5207080375006425,7.7065253257751465,4715200,0.0,0.0,AGI
2022-04-26 00:00:00-04:00,7.7358654836566245,7.774984868007517,7.462029793200377,7.5011491775512695,2891000,0.0,0.0,AGI
2022-04-27 00:00:00-04:00,7.510928249830544,7.540268019151752,7.325110954369057,7.383790493011475,2506400,0.0,0.0,AGI
2022-04-28 00:00:00-04:00,7.325111534177744,7.667406849213216,7.080615147060893,7.618507385253906,5889000,0.0,0.0,AGI
2022-04-29 00:00:00-04:00,7.794544117929092,7.902122651960082,7.579387516206932,7.589167594909668,4856100,0.0,0.0,AGI
2022-05-02 00:00:00-04:00,7.31533135254202,7.442469575881422,7.207752819997925,7.413129806518555,4492200,0.0,0.0,AGI
2022-05-03 00:00:00-04:00,7.491369309278538,7.686966702881599,7.452249923825897,7.608727931976318,3611300,0.0,0.0,AGI
2022-05-04 00:00:00-04:00,7.5793876059694005,7.814103901536949,7.510928453258953,7.765204906463623,3052900,0.0,0.0,AGI
2022-05-05 00:00:00-04:00,7.843443682722522,7.892342208617724,7.413129566479806,7.550047397613525,3960700,0.0,0.0,AGI
2022-05-06 00:00:00-04:00,7.530488322588575,7.608727555967279,7.43268986378999,7.510928630828857,2424900,0.0,0.0,AGI
2022-05-09 00:00:00-04:00,7.2859923799344966,7.315332152505797,7.070835757657796,7.090395450592041,4265000,0.0,0.0,AGI
2022-05-10 00:00:00-04:00,7.1881935545569675,7.276212401514185,6.8458987122142245,7.021935939788818,4580000,0.0,0.0,AGI
2022-05-11 00:00:00-04:00,7.080614705372395,7.266432003950708,7.00237594098991,7.041495323181152,2947600,0.0,0.0,AGI
2022-05-12 00:00:00-04:00,6.9045773721636925,6.963256444487259,6.6111820105458605,6.836118221282959,5886400,0.0,0.0,AGI
2022-05-13 00:00:00-04:00,6.748100517733967,7.012156602646433,6.718760745481533,6.914358139038086,6140300,0.0,0.0,AGI
2022-05-16 00:00:00-04:00,6.8850180596377735,6.9632568270341375,6.816558904996035,6.93391752243042,2780100,0.0,0.0,AGI
2022-05-17 00:00:00-04:00,7.041495791937888,7.109954948499841,6.933917716920342,7.0121564865112305,2454300,0.0,0.0,AGI
2022-05-18 00:00:00-04:00,6.953477632241185,7.012156711315558,6.777439928678202,6.816559314727783,2896300,0.0,0.0,AGI
2022-05-19 00:00:00-04:00,7.031715913918344,7.501148980112915,6.982816451596892,7.422910213470459,4514900,0.0,0.0,AGI
2022-05-20 00:00:00-04:00,7.462029698999669,7.481589390928193,7.237093008651716,7.325111389160156,2882900,0.0,0.0,AGI
2022-05-23 00:00:00-04:00,7.471809189560387,7.569607647603095,7.295771965083512,7.393570423126221,2818500,0.0,0.0,AGI
2022-05-24 00:00:00-04:00,7.383790605550423,7.628286977040969,7.285991683882349,7.589167594909668,3125300,0.0,0.0,AGI
2022-05-25 00:00:00-04:00,7.462030083452762,7.510929082623491,7.315332153260847,7.452250003814697,2439400,0.0,0.0,AGI
2022-05-26 00:00:00-04:00,7.442470215028246,7.5011492924534275,7.285992208887909,7.403350830078125,2581200,0.0,0.0,AGI
2022-05-27 00:00:00-04:00,7.501148648267343,7.530487951290397,7.295771661746713,7.413129806518555,2664200,0.0,0.0,AGI
2022-05-31 00:00:00-04:00,7.49136932010637,7.677186634444917,7.227313234749457,7.305552005767822,4450700,0.0,0.0,AGI
2022-06-01 00:00:00-04:00,7.354450835782037,7.64784666810662,7.334891144716386,7.589167594909668,3592700,0.0,0.0,AGI
2022-06-02 00:00:00-04:00,7.696744479779813,8.273755977052216,7.696744479779813,8.215076446533203,5184900,0.0,0.0,AGI
2022-06-03 00:00:00-04:00,8.078161636949146,8.195519802215552,7.8336652261408535,7.872784614562988,4346200,0.0,0.0,AGI
2022-06-06 00:00:00-04:00,7.94124190090372,7.990141360917633,7.58916746762687,7.657626152038574,3807600,0.0,0.0,AGI
2022-06-07 00:00:00-04:00,7.628287185070765,7.765205026264185,7.530488260735631,7.696745872497559,2628700,0.0,0.0,AGI
2022-06-08 00:00:00-04:00,7.667406429927774,7.784764577404671,7.54026820365789,7.735865116119385,2838200,0.0,0.0,AGI
2022-06-09 00:00:00-04:00,7.696745935716087,7.696745935716087,7.501149018118918,7.510928630828857,2955900,0.0,0.0,AGI
2022-06-10 00:00:00-04:00,7.393570694179718,8.0488206202577,7.315331924877263,7.951022624969482,5182600,0.0,0.0,AGI
2022-06-13 00:00:00-04:00,7.647846788108426,7.745645244971229,7.197973420199705,7.217533111572266,5621200,0.0,0.0,AGI
2022-06-14 00:00:00-04:00,7.237093182254961,7.237093182254961,6.91435802452262,7.0121564865112305,3511900,0.0,0.0,AGI
2022-06-15 00:00:00-04:00,7.193716339960785,7.301671287586535,6.938550653175362,7.125018119812012,5812100,0.025,0.0,AGI
2022-06-16 00:00:00-04:00,7.017063273610327,7.350741484229607,6.889480194387777,7.213344573974609,6765500,0.0,0.0,AGI
2022-06-17 00:00:00-04:00,7.134832488386546,7.193716882082272,6.918923044835547,6.997435569763184,7223500,0.0,0.0,AGI
2022-06-21 00:00:00-04:00,6.948364584497061,7.301671393124303,6.9385507534646145,7.213344573974609,5342000,0.0,0.0,AGI
2022-06-22 00:00:00-04:00,7.164273972077077,7.331112831505817,7.046504732283584,7.10538911819458,3794900,0.0,0.0,AGI
2022-06-23 00:00:00-04:00,7.105389254539551,7.183902238565628,6.761896762815061,6.840409278869629,3270700,0.0,0.0,AGI
2022-06-24 00:00:00-04:00,6.830596220306177,7.036691832227001,6.7324555641466315,6.997435569763184,3031500,0.0,0.0,AGI
2022-06-27 00:00:00-04:00,7.066133665000381,7.105389926741484,6.8894804871654145,7.026877403259277,3832700,0.0,0.0,AGI
2022-06-28 00:00:00-04:00,7.085762161473885,7.105390293357186,6.771712051341063,6.830596446990967,7993800,0.0,0.0,AGI
2022-06-29 00:00:00-04:00,7.026877428047512,7.213344905961319,7.007249297107719,7.134832382202148,7393800,0.0,0.0,AGI
2022-06-30 00:00:00-04:00,7.154461090722312,7.213345488295433,6.850224802608723,6.889481067657471,6083300,0.0,0.0,AGI
2022-07-01 00:00:00-04:00,6.879666683392013,7.527395472697512,6.810967991082938,7.360556125640869,7307800,0.0,0.0,AGI
2022-07-05 00:00:00-04:00,7.272229169123999,7.3605559907640625,6.752083474507404,6.93855094909668,8069300,0.0,0.0,AGI
2022-07-06 00:00:00-04:00,6.948364780405827,7.026877302765197,6.624500391687656,6.93855094909668,5690400,0.0,0.0,AGI
2022-07-07 00:00:00-04:00,7.007249153264579,7.134832235740013,6.899294669297561,7.056319713592529,3972400,0.0,0.0,AGI
2022-07-08 00:00:00-04:00,7.075948192160424,7.242787543915606,6.9385512716444495,7.085762023925781,3648700,0.0,0.0,AGI
2022-07-11 00:00:00-04:00,6.97780722794972,7.26241535620906,6.97780722794972,7.046505451202393,2916600,0.0,0.0,AGI
2022-07-12 00:00:00-04:00,7.075947695607321,7.125018254905295,6.8207815360123165,6.97780704498291,6626000,0.0,0.0,AGI
2022-07-13 00:00:00-04:00,6.899294302631308,7.350741280986978,6.879666173137583,7.262414932250977,7622100,0.0,0.0,AGI
2022-07-14 00:00:00-04:00,6.9679925827205675,7.05631940019939,6.712826897073948,7.017063140869141,7514700,0.0,0.0,AGI
2022-07-15 00:00:00-04:00,7.134831801962269,7.154459931305805,6.7226406177765,6.928736209869385,7255300,0.0,0.0,AGI
2022-07-18 00:00:00-04:00,7.066133101204459,7.2918568221914315,7.0465049719000055,7.164274215698242,5760000,0.0,0.0,AGI
2022-07-19 00:00:00-04:00,7.213345192542963,7.448883241149807,7.203531360668947,7.291857719421387,6824300,0.0,0.0,AGI
2022-07-20 00:00:00-04:00,7.282042547299354,7.370369357766962,7.017062583868017,7.036690711975098,3280400,0.0,0.0,AGI
2022-07-21 00:00:00-04:00,7.036692114860702,7.193717171022995,6.967993418803908,7.154460906982422,3600800,0.0,0.0,AGI
2022-07-22 00:00:00-04:00,7.232973291416576,7.478325170783257,7.017063843481388,7.075948238372803,4670800,0.0,0.0,AGI
2022-07-25 00:00:00-04:00,7.036691489709359,7.0759477502623405,6.761897197866944,6.850224018096924,6017500,0.0,0.0,AGI
2022-07-26 00:00:00-04:00,6.860037803649902,7.0268771438768445,6.703012762481738,6.860037803649902,8090000,0.0,0.0,AGI
2022-07-27 00:00:00-04:00,6.869853118017262,7.0170643498548095,6.673571787548267,6.958179950714111,6647700,0.0,0.0,AGI
2022-07-28 00:00:00-04:00,7.28204253981061,7.645163143403924,7.2427862836368195,7.507766246795654,9330900,0.0,0.0,AGI
2022-07-29 00:00:00-04:00,7.615722115302023,7.821817251397312,7.448882772203011,7.74330472946167,7044200,0.0,0.0,AGI
2022-08-01 00:00:00-04:00,7.733490396572456,7.772746654993919,7.517580507282895,7.635349750518799,4844000,0.0,0.0,AGI
2022-08-02 00:00:00-04:00,7.733491293650564,7.851260082576029,7.537209510803223,7.537209510803223,5076500,0.0,0.0,AGI
2022-08-03 00:00:00-04:00,7.576465442978901,7.605907872910552,7.213344792327311,7.389998435974121,5998700,0.0,0.0,AGI
2022-08-04 00:00:00-04:00,7.517580994910926,7.861073980336678,7.448882772203011,7.74330472946167,5462400,0.0,0.0,AGI
2022-08-05 00:00:00-04:00,7.507766632406582,7.654977834605047,7.429254116026471,7.645163536071777,3135200,0.0,0.0,AGI
2022-08-08 00:00:00-04:00,7.821817251397312,7.861073980336678,7.664792207526028,7.74330472946167,6801600,0.0,0.0,AGI
2022-08-09 00:00:00-04:00,7.831631660461426,7.861074090585985,7.674606614387909,7.831631660461426,2573600,0.0,0.0,AGI
2022-08-10 00:00:00-04:00,7.890515640708523,8.07698263919803,7.812003121771568,7.929771900177002,3758900,0.0,0.0,AGI
2022-08-11 00:00:00-04:00,7.959214616480421,8.018099479245489,7.743305168904263,7.753119468688965,3013900,0.0,0.0,AGI
2022-08-12 00:00:00-04:00,7.8120034288539735,7.988657071377737,7.792375298348171,7.969028472900391,2099600,0.0,0.0,AGI
2022-08-15 00:00:00-04:00,7.733490734164758,7.812003254435014,7.674606343962066,7.7825608253479,3064300,0.0,0.0,AGI
2022-08-16 00:00:00-04:00,7.743304565212773,7.831631384502578,7.704048305077645,7.7825608253479,2190700,0.0,0.0,AGI
2022-08-17 00:00:00-04:00,7.733490361335305,7.743304191910198,7.517580473029524,7.527394771575928,3752900,0.0,0.0,AGI
2022-08-18 00:00:00-04:00,7.566652167347394,7.704049091851973,7.527395903203229,7.596094131469727,1954900,0.0,0.0,AGI
2022-08-19 00:00:00-04:00,7.4979538018259975,7.537210067701662,7.399813137136835,7.409627437591553,2993600,0.0,0.0,AGI
2022-08-22 00:00:00-04:00,7.291858171992956,7.4194412700746675,7.262416206572009,7.409627437591553,2559200,0.0,0.0,AGI
2022-08-23 00:00:00-04:00,7.478325101135637,7.772747540822248,7.4685112693975855,7.6549787521362305,3636400,0.0,0.0,AGI
2022-08-24 00:00:00-04:00,7.596093400181332,7.802189001082829,7.566651438893425,7.772747039794922,2709900,0.0,0.0,AGI
2022-08-25 00:00:00-04:00,7.85125987445285,7.870888473391676,7.664792396278008,7.8120036125183105,2053800,0.0,0.0,AGI
2022-08-26 00:00:00-04:00,7.802188919388196,7.831631348339356,7.370370059895749,7.448882579803467,3507900,0.0,0.0,AGI
2022-08-29 00:00:00-04:00,7.370369866002301,7.586279290068563,7.3507412685702125,7.380183696746826,1836100,0.0,0.0,AGI
2022-08-30 00:00:00-04:00,7.3801835082940626,7.3998116372534275,7.154459791275604,7.193716049194336,3090700,0.0,0.0,AGI
2022-08-31 00:00:00-04:00,7.174088496813755,7.27222914949811,7.056319713592529,7.056319713592529,3559800,0.0,0.0,AGI
2022-09-01 00:00:00-04:00,6.958179307005504,6.967993138635263,6.722641264260982,6.771711826324463,5116300,0.0,0.0,AGI
2022-09-02 00:00:00-04:00,6.889479517186246,7.1642737786568675,6.850223260972085,7.036690711975098,3889400,0.0,0.0,AGI
2022-09-06 00:00:00-04:00,7.095575993815418,7.213344777354472,6.899294687916995,6.93855094909668,2679100,0.0,0.0,AGI
2022-09-07 00:00:00-04:00,6.928736454460633,7.213344573974609,6.85022393431492,7.213344573974609,3149600,0.0,0.0,AGI
2022-09-08 00:00:00-04:00,7.115203727062281,7.282043061744702,7.0661331693422085,7.262414932250977,2703000,0.0,0.0,AGI
2022-09-09 00:00:00-04:00,7.409627437591553,7.4390694030125,7.291858171992956,7.409627437591553,3531900,0.0,0.0,AGI
2022-09-12 00:00:00-04:00,7.52739437488255,7.615721185259325,7.3998113083319845,7.507766246795654,3829400,0.0,0.0,AGI
2022-09-13 00:00:00-04:00,7.242787624108159,7.478325204743428,7.223159492388553,7.291857719421387,3361700,0.0,0.0,AGI
2022-09-14 00:00:00-04:00,7.34601736127132,7.385406156542093,7.247545373094388,7.2770867347717285,1656800,0.025,0.0,AGI
2022-09-15 00:00:00-04:00,7.178614551007009,7.277086536500984,6.932434352496339,6.991517543792725,3008500,0.0,0.0,AGI
2022-09-16 00:00:00-04:00,6.912739686366542,7.1786142716286605,6.853656497369565,7.0702948570251465,5416300,0.0,0.0,AGI
2022-09-19 00:00:00-04:00,6.942281392940951,7.277086124673055,6.942281392940951,7.247544765472412,3389400,0.0,0.0,AGI
2022-09-20 00:00:00-04:00,7.149072565389619,7.149072565389619,6.9521281420608325,7.030905723571777,2462500,0.0,0.0,AGI
2022-09-21 00:00:00-04:00,7.109683653650007,7.29678065368704,6.961975915851013,7.139225482940674,3472400,0.0,0.0,AGI
2022-09-22 00:00:00-04:00,7.1884621975476675,7.25739235466224,6.971823353483776,7.0013651847839355,2813200,0.0,0.0,AGI
2022-09-23 00:00:00-04:00,6.824114521846659,6.833961954577503,6.528698583192881,6.627170562744141,5068800,0.0,0.0,AGI
2022-09-26 00:00:00-04:00,6.5976293575394624,6.627171188972085,6.25297716176677,6.380990982055664,6404200,0.0,0.0,AGI
2022-09-27 00:00:00-04:00,6.528698430228577,6.5976285795237395,6.380990229586703,6.3908371925354,3729500,0.0,0.0,AGI
2022-09-28 00:00:00-04:00,6.55824033806777,7.030906337990315,6.548393374294105,6.991517543792725,4555000,0.0,0.0,AGI
2022-09-29 00:00:00-04:00,6.922587451129041,7.119531423892419,6.824114995195883,7.109683990478516,3373200,0.0,0.0,AGI
2022-09-30 00:00:00-04:00,7.129378449993815,7.483878073614121,7.050600860200741,7.296781063079834,4517300,0.0,0.0,AGI
2022-10-03 00:00:00-04:00,7.4346415758990645,7.661127358821261,7.336169128892646,7.651279926300049,4821900,0.0,0.0,AGI
2022-10-04 00:00:00-04:00,7.720211366512219,8.035321727887263,7.680822571340338,7.897461414337158,5102700,0.0,0.0,AGI
2022-10-05 00:00:00-04:00,7.700516493124172,7.8285298347473145,7.6315858710567515,7.8285298347473145,2746400,0.0,0.0,AGI
2022-10-06 00:00:00-04:00,7.7792940861158595,7.99593244638477,7.7792940861158595,7.966391086578369,3650400,0.0,0.0,AGI
2022-10-07 00:00:00-04:00,7.828530045819252,7.90730763341947,7.680822303844574,7.700516700744629,6433900,0.0,0.0,AGI
2022-10-10 00:00:00-04:00,7.6315861482012375,7.66112797860337,7.4247947440407,7.4740309715271,2812000,0.0,0.0,AGI
2022-10-11 00:00:00-04:00,7.474031039767579,7.651280615144333,7.37555858389569,7.385406017303467,4118400,0.0,0.0,AGI
2022-10-12 00:00:00-04:00,7.395253383190031,7.56265552363057,7.336169722385765,7.4740309715271,3004700,0.0,0.0,AGI
2022-10-13 00:00:00-04:00,7.188462112027104,7.464183676308118,6.971823270540549,7.434642314910889,4220700,0.0,0.0,AGI
2022-10-14 00:00:00-04:00,7.3854060218987145,7.395253455312618,7.060448232063406,7.109683990478516,2518500,0.0,0.0,AGI
2022-10-17 00:00:00-04:00,7.31647477417688,7.4937248041351205,7.188461437547676,7.218002796173096,2583200,0.0,0.0,AGI
2022-10-18 00:00:00-04:00,7.306628295832954,7.3558640533251545,7.188461914389918,7.286933898925781,2774700,0.0,0.0,AGI
2022-10-19 00:00:00-04:00,7.149072785551205,7.267239161456653,7.021058976877916,7.247544765472412,3810500,0.0,0.0,AGI
2022-10-20 00:00:00-04:00,7.267239770729774,7.4543367830416845,7.218003541865569,7.2770867347717285,2446000,0.0,0.0,AGI
2022-10-21 00:00:00-04:00,7.326322289707045,7.5725024722796554,7.296780461195701,7.5429606437683105,4056600,0.0,0.0,AGI
2022-10-24 00:00:00-04:00,7.4543365744428325,7.572502956948436,7.346017155703631,7.4740309715271,3130000,0.0,0.0,AGI
2022-10-25 00:00:00-04:00,7.5232666571313125,7.661127904947212,7.503572260236393,7.631586074829102,2834900,0.0,0.0,AGI
2022-10-26 00:00:00-04:00,7.7792946876906575,7.966391702621427,7.720211493957492,7.927002906799316,3049300,0.0,0.0,AGI
2022-10-27 00:00:00-04:00,8.192876971097586,8.192876971097586,7.917155402790292,8.01562786102295,4312600,0.0,0.0,AGI
2022-10-28 00:00:00-04:00,7.927002836434149,8.035321789207703,7.808835980465258,8.01562786102295,3332900,0.0,0.0,AGI
2022-10-31 00:00:00-04:00,7.91715457534594,7.986084725442938,7.759599409922596,7.76944637298584,2408300,0.0,0.0,AGI
2022-11-01 00:00:00-04:00,7.946697569100806,8.074711402121522,7.946697569100806,7.986086368560791,2251900,0.0,0.0,AGI
2022-11-02 00:00:00-04:00,8.015627448925125,8.074710169544801,7.4937252314195995,7.5134196281433105,3772900,0.0,0.0,AGI
2022-11-03 00:00:00-04:00,7.414947847250197,7.533114230823144,7.286934030270436,7.3164753913879395,5890600,0.0,0.0,AGI
2022-11-04 00:00:00-04:00,7.592198373960934,7.9959338032015514,7.592198373960934,7.986086368560791,4773900,0.0,0.0,AGI
2022-11-07 00:00:00-05:00,7.976238442671298,8.0451685945895,7.779294011137218,7.84822416305542,3755800,0.0,0.0,AGI
2022-11-08 00:00:00-05:00,7.877766065260479,8.399667804135175,7.828529839532022,8.311042785644531,6221500,0.0,0.0,AGI
2022-11-09 00:00:00-05:00,8.261808260706362,8.419363446280718,8.094405641257863,8.163335800170898,4397400,0.0,0.0,AGI
2022-11-10 00:00:00-05:00,8.645848413210553,8.813251025348709,8.468599306731226,8.7443208694458,5375500,0.0,0.0,AGI
2022-11-11 00:00:00-05:00,8.724626002557574,8.813251025348709,8.62615448542527,8.7443208694458,3747100,0.0,0.0,AGI
2022-11-14 00:00:00-05:00,8.704932334301972,8.872334951431084,8.655696104716414,8.803403854370117,3085200,0.0,0.0,AGI
2022-11-15 00:00:00-05:00,8.872334757022772,8.951112346992321,8.754168372068447,8.793557167053223,5827500,0.0,0.0,AGI
2022-11-16 00:00:00-05:00,8.77386230000936,8.85263988997891,8.704932143561743,8.793557167053223,3643100,0.0,0.0,AGI
2022-11-17 00:00:00-05:00,8.675390851131676,8.724626140927214,8.507988236338571,8.70493221282959,4017500,0.0,0.0,AGI
2022-11-18 00:00:00-05:00,8.704931937953171,8.79355695935135,8.527681895156817,8.783709526062012,4414100,0.0,0.0,AGI
2022-11-21 00:00:00-05:00,8.665541942649119,8.892027242290068,8.655694510724869,8.862485885620117,2670400,0.0,0.0,AGI
2022-11-22 00:00:00-05:00,8.951113170063312,9.315459791950543,8.941265735635891,9.295764923095703,3680900,0.0,0.0,AGI
2022-11-23 00:00:00-05:00,9.345000791867884,9.64041723945411,9.295764560753014,9.601028442382812,4261900,0.0,0.0,AGI
2022-11-25 00:00:00-05:00,9.551791256202158,9.66011114164477,9.423777443744557,9.463166236877441,1603200,0.0,0.0,AGI
2022-11-28 00:00:00-05:00,9.40408218270857,9.423776106929868,9.069277019021559,9.079124450683594,3707500,0.0,0.0,AGI
2022-11-29 00:00:00-05:00,9.216987185689323,9.47301484228978,9.177598387681792,9.335153579711914,4109600,0.0,0.0,AGI
2022-11-30 00:00:00-05:00,9.394236957586987,9.679805969141716,9.364695594764909,9.55179214477539,5457700,0.0,0.0,AGI
2022-12-01 00:00:00-05:00,9.719194480512677,9.876749663074115,9.571486731637068,9.768430709838867,2838500,0.0,0.0,AGI
2022-12-02 00:00:00-05:00,9.532096413011102,9.935831738593935,9.492707623664066,9.876748085021973,3099100,0.0,0.0,AGI
2022-12-05 00:00:00-05:00,9.763224249529719,9.822454605496592,9.585531298730032,9.63489055633545,2939500,0.025,0.0,AGI
2022-12-06 00:00:00-05:00,9.72373656390975,9.802710995699009,9.536171582323144,9.575658798217773,3700900,0.0,0.0,AGI
2022-12-07 00:00:00-05:00,9.654633544139715,9.921172966187969,9.654633544139715,9.822454452514648,3591900,0.0,0.0,AGI
2022-12-08 00:00:00-05:00,9.871812493190586,10.02976134244973,9.812581203993703,9.911299705505371,4416200,0.0,0.0,AGI
2022-12-09 00:00:00-05:00,9.9409155778785,10.069249262281284,9.71386432647705,9.71386432647705,3144200,0.0,0.0,AGI
2022-12-12 00:00:00-05:00,9.615145884377295,9.773094745824642,9.526299414450792,9.763223648071289,3005500,0.0,0.0,AGI
2022-12-13 00:00:00-05:00,10.108736509071486,10.227198154711056,9.79283878736596,9.881685256958008,4217200,0.0,0.0,AGI
2022-12-14 00:00:00-05:00,9.871814444204958,9.911301664323794,9.615147042707727,9.792840003967285,2910800,0.0,0.0,AGI
2022-12-15 00:00:00-05:00,9.546043930668587,9.605274285703098,9.318991725837577,9.368350982666016,5265000,0.0,0.0,AGI
2022-12-16 00:00:00-05:00,9.328863021083265,9.625017596972302,9.328863021083265,9.516427993774414,4849100,0.0,0.0,AGI
2022-12-19 00:00:00-05:00,9.506556551538964,9.585530984539224,9.358478783576349,9.388094902038574,3761700,0.0,0.0,AGI
2022-12-20 00:00:00-05:00,9.575658994276662,9.782967117330413,9.50655660040858,9.723736763000488,5226300,0.0,0.0,AGI
2022-12-21 00:00:00-05:00,9.792839339231977,9.950788208985795,9.782967299509982,9.871813774108887,2826000,0.0,0.0,AGI
2022-12-22 00:00:00-05:00,9.782966748200296,9.891557296123674,9.6348899265132,9.881685256958008,2268300,0.0,0.0,AGI
2022-12-23 00:00:00-05:00,9.90142855343511,10.03963427963367,9.733607650711678,9.86194133758545,2370200,0.0,0.0,AGI
2022-12-27 00:00:00-05:00,9.901429859545994,10.316046151384773,9.86194263848752,10.158097267150879,2233300,0.0,0.0,AGI
2022-12-28 00:00:00-05:00,10.069250328955144,10.118609588408024,9.852070152232214,9.931045532226562,2349400,0.0,0.0,AGI
2022-12-29 00:00:00-05:00,10.010020020836079,10.118609639015865,9.950788720906464,9.980403900146484,2331300,0.0,0.0,AGI
2022-12-30 00:00:00-05:00,9.980403900146484,10.029763159846233,9.881686322196561,9.980403900146484,2418300,0.0,0.0,AGI
2023-01-03 00:00:00-05:00,10.108737892590687,10.424636598980747,10.098865852073898,10.22719955444336,3647300,0.0,0.0,AGI
2023-01-04 00:00:00-05:00,10.365405487362716,10.80963696281691,10.30617418462567,10.710919380187988,6042900,0.0,0.0,AGI
2023-01-05 00:00:00-05:00,10.47399427290661,10.651687225455019,10.365404658265662,10.641815185546875,3493300,0.0,0.0,AGI
2023-01-06 00:00:00-05:00,10.710917857843299,10.868866720759966,10.543096955631967,10.720788955688477,4104500,0.0,0.0,AGI
2023-01-09 00:00:00-05:00,10.83925057383945,10.849122613107667,10.543096927388785,10.55296802520752,2736800,0.0,0.0,AGI
2023-01-10 00:00:00-05:00,10.602328483772824,10.799764584304523,10.54309812433811,10.750406265258789,2229500,0.0,0.0,AGI
2023-01-11 00:00:00-05:00,10.750404914209357,10.81950730534866,10.64181436647677,10.740532875061035,2208700,0.0,0.0,AGI
2023-01-12 00:00:00-05:00,10.908354857698436,11.036688555018367,10.730661901186291,10.839251518249512,3589100,0.0,0.0,AGI
2023-01-13 00:00:00-05:00,10.947841914561815,11.234124483895688,10.839251357657883,10.85899543762207,7268600,0.0,0.0,AGI
2023-01-17 00:00:00-05:00,10.868866597034597,11.05643063425064,10.493737581153034,10.622071266174316,5840900,0.0,0.0,AGI
2023-01-18 00:00:00-05:00,10.750404548679757,10.908353403884512,10.612198829650879,10.612198829650879,4690500,0.0,0.0,AGI
2023-01-19 00:00:00-05:00,10.562840442228543,10.977456691826536,10.543097304435527,10.849123001098633,3277700,0.0,0.0,AGI
2023-01-20 00:00:00-05:00,10.799762677031783,11.046557994473957,10.710917153570117,11.036686897277832,3073200,0.0,0.0,AGI
2023-01-23 00:00:00-05:00,10.878738044746749,11.036686897277832,10.809634715677332,11.036686897277832,1984200,0.0,0.0,AGI
2023-01-24 00:00:00-05:00,11.036687706362967,11.303226179186403,10.918226058280386,11.224251747131348,2708700,0.0,0.0,AGI
2023-01-25 00:00:00-05:00,11.174891651304918,11.471046219963231,11.046557973504667,11.441431045532227,3203000,0.0,0.0,AGI
2023-01-26 00:00:00-05:00,11.401944984288969,11.431560161711673,11.174892780182859,11.303226470947266,3356800,0.0,0.0,AGI
2023-01-27 00:00:00-05:00,11.204510071214353,11.293355612777038,11.115663588202052,11.165022850036621,3319600,0.0,0.0,AGI
2023-01-30 00:00:00-05:00,11.086045573013335,11.095917611984275,10.858994325378433,10.878738403320312,3921700,0.0,0.0,AGI
2023-01-31 00:00:00-05:00,10.789892710560478,10.977456757234524,10.701046236338739,10.898482322692871,2583200,0.0,0.0,AGI
2023-02-01 00:00:00-05:00,10.849121985170333,11.174891730570392,10.770147558494525,11.086045265197754,3773700,0.0,0.0,AGI
2023-02-02 00:00:00-05:00,11.046558487523917,11.135404956400565,10.60232708459015,10.691173553466797,4339900,0.0,0.0,AGI
2023-02-03 00:00:00-05:00,10.414763568699229,10.622071692602324,10.365404312255727,10.513481140136719,3881600,0.0,0.0,AGI
2023-02-06 00:00:00-05:00,10.464122772216797,10.503609988881975,10.38514833888644,10.464122772216797,2700200,0.0,0.0,AGI
2023-02-07 00:00:00-05:00,10.483864362167438,10.68130041634727,10.36540272965954,10.592453956604004,3890900,0.0,0.0,AGI
2023-02-08 00:00:00-05:00,10.631943426384964,10.849122642170641,10.52335287704264,10.720788955688477,3062100,0.0,0.0,AGI
2023-02-09 00:00:00-05:00,10.849123363446104,10.967585018509219,10.454251179902393,10.523353576660156,3823400,0.0,0.0,AGI
2023-02-10 00:00:00-05:00,10.552969152379328,10.622072493188355,10.404892313337779,10.533226013183594,3136500,0.0,0.0,AGI
2023-02-13 00:00:00-05:00,10.46412286712797,10.543097301174637,10.375276393463091,10.39501953125,2174000,0.0,0.0,AGI
2023-02-14 00:00:00-05:00,10.365403641283729,10.503609362089314,10.237069959417711,10.42463493347168,2580800,0.0,0.0,AGI
2023-02-15 00:00:00-05:00,10.167969194241824,10.256815675993728,10.049507532389152,10.22719955444336,4182000,0.0,0.0,AGI
2023-02-16 00:00:00-05:00,10.12848187407263,10.365405195449283,10.019891312354469,10.296302795410156,3289800,0.0,0.0,AGI
2023-02-17 00:00:00-05:00,10.108736569349027,10.25681433336857,9.960659746778962,10.217327117919922,2955200,0.0,0.0,AGI
2023-02-21 00:00:00-05:00,10.177840838486093,10.286430455594056,10.029763060848435,10.049507141113281,2764000,0.0,0.0,AGI
2023-02-22 00:00:00-05:00,9.990274130134944,10.019889304008682,9.812581203993703,9.911299705505371,2969100,0.0,0.0,AGI
2023-02-23 00:00:00-05:00,10.019890831331931,10.108737307945342,9.76322438288708,9.901429176330566,2976200,0.0,0.0,AGI
2023-02-24 00:00:00-05:00,9.703994076427616,9.97053353350867,9.654634813103385,9.950789451599121,2694300,0.0,0.0,AGI
2023-02-27 00:00:00-05:00,10.010020477672565,10.138354182168964,9.960661215720163,10.03963565826416,2212900,0.0,0.0,AGI
2023-02-28 00:00:00-05:00,10.049507141113281,10.207456017433797,9.9606606628206,10.049507141113281,3804100,0.0,0.0,AGI
2023-03-01 00:00:00-05:00,10.148224622680818,10.365404796304503,10.148224622680818,10.286430358886719,4123300,0.0,0.0,AGI
2023-03-02 00:00:00-05:00,10.187711715698242,10.237070973837774,10.10873727925481,10.187711715698242,2114400,0.0,0.0,AGI
2023-03-03 00:00:00-05:00,10.316045934800082,10.32591797521984,10.138353914492388,10.296302795410156,1977200,0.0,0.0,AGI
2023-03-06 00:00:00-05:00,10.21732845537617,10.345661216296032,10.177841234758613,10.22719955444336,1914800,0.0,0.0,AGI
2023-03-07 00:00:00-05:00,10.158096269264517,10.158096269264517,9.79283927499246,9.822454452514648,2676000,0.0,0.0,AGI
2023-03-08 00:00:00-05:00,9.911301664323794,9.990276104561467,9.703993523337505,9.792840003967285,3035300,0.0,0.0,AGI
2023-03-09 00:00:00-05:00,9.90142876743977,9.960660063219201,9.68424954629737,9.723736763000488,3420100,0.0,0.0,AGI
2023-03-10 00:00:00-05:00,9.92117482718167,10.19758539928617,9.901430744163642,9.94091796875,3973700,0.0,0.0,AGI
2023-03-13 00:00:00-04:00,10.335788756396246,10.572712048907752,10.276557462543632,10.503609657287598,5602000,0.0,0.0,AGI
2023-03-14 00:00:00-04:00,10.464121788569287,10.701045066289113,10.355531246860636,10.5825834274292,4738700,0.0,0.0,AGI
2023-03-15 00:00:00-04:00,10.745849423173942,10.785428942565645,10.379738632888156,10.50837230682373,4139500,0.025,0.0,AGI
2023-03-16 00:00:00-04:00,10.538056500720668,10.617215537928605,10.221420351888922,10.4984769821167,2197000,0.0,0.0,AGI
2023-03-17 00:00:00-04:00,10.637006123903527,11.299963790373717,10.508372448236903,11.201014518737793,12567600,0.0,0.0,AGI
2023-03-20 00:00:00-04:00,11.299964289680732,11.379123333027163,11.102066681314653,11.270279884338379,4345800,0.0,0.0,AGI
2023-03-21 00:00:00-04:00,11.141645572432473,11.141645572432473,10.745849434449953,10.874483108520508,3534100,0.0,0.0,AGI
2023-03-22 00:00:00-04:00,10.933852640766212,11.250488789897851,10.87448289097895,11.092170715332031,4648100,0.0,0.0,AGI
2023-03-23 00:00:00-04:00,11.181224160168833,11.666073468737501,11.111959299194666,11.468175888061523,5005000,0.0,0.0,AGI
2023-03-24 00:00:00-04:00,11.567125815427053,11.745234134633275,11.309859396590568,11.636390686035156,4880100,0.0,0.0,AGI
2023-03-27 00:00:00-04:00,11.379123527152574,11.65618018359161,11.290069365956036,11.646286010742188,3152400,0.0,0.0,AGI
2023-03-28 00:00:00-04:00,11.695760287382255,12.051976949877337,11.537442190117904,12.042081832885742,4160200,0.0,0.0,AGI
2023-03-29 00:00:00-04:00,11.962922990434157,12.14103132475139,11.893659057599816,12.051977157592773,3134700,0.0,0.0,AGI
2023-03-30 00:00:00-04:00,12.170713960385452,12.190503248177858,11.96292124848923,12.150923728942871,2635900,0.0,0.0,AGI
2023-03-31 00:00:00-04:00,12.150923647380528,12.220188513314449,11.943130936879104,12.101449012756348,2594900,0.0,0.0,AGI
2023-04-03 00:00:00-04:00,12.141029624679136,12.556614107142435,12.012395950534472,12.42798137664795,5051600,0.0,0.0,AGI
2023-04-04 00:00:00-04:00,12.447770800005399,12.902935750527941,12.319137124460966,12.754512786865234,4999600,0.0,0.0,AGI
2023-04-05 00:00:00-04:00,12.84356574186027,12.902935492327417,12.556613992511084,12.833671569824219,3485500,0.0,0.0,AGI
2023-04-06 00:00:00-04:00,12.74461741594858,12.873251088918929,12.635773974350673,12.833671569824219,4015900,0.0,0.0,AGI
2023-04-10 00:00:00-04:00,12.67535392585699,12.991990089416504,12.55661442087197,12.991990089416504,2780300,0.0,0.0,AGI
2023-04-11 00:00:00-04:00,13.061254993235599,13.31852236723523,12.99199106317811,13.13051986694336,3447700,0.0,0.0,AGI
2023-04-12 00:00:00-04:00,13.298732219649342,13.437261024309853,13.090939484483714,13.318522453308105,2839600,0.0,0.0,AGI
2023-04-13 00:00:00-04:00,13.526313781738281,13.66484257199181,13.397680107285042,13.526313781738281,4140700,0.0,0.0,AGI
2023-04-14 00:00:00-04:00,13.318521420105835,13.32841653616759,12.93262038654924,13.269046783447266,3683500,0.0,0.0,AGI
2023-04-17 00:00:00-04:00,13.1404116663531,13.189886297592814,12.843564822564906,12.972198486328125,2940300,0.0,0.0,AGI
2023-04-18 00:00:00-04:00,13.031568990544093,13.298730504938195,12.92272555040578,12.962305068969727,3027100,0.0,0.0,AGI
2023-04-19 00:00:00-04:00,12.566509327368884,12.705038118441522,12.487350287798858,12.615983963012695,3539200,0.0,0.0,AGI
2023-04-20 00:00:00-04:00,12.665458133923364,12.833671322749975,12.586299097257918,12.685247421264648,2481200,0.0,0.0,AGI
2023-04-21 00:00:00-04:00,12.576405186299876,12.645669114103535,12.40819198136221,12.60608959197998,2431600,0.0,0.0,AGI
2023-04-24 00:00:00-04:00,12.655562237407931,12.853459816858583,12.635772951287912,12.784195899963379,1948400,0.0,0.0,AGI
2023-04-25 00:00:00-04:00,12.695142536760368,12.73472205509309,12.536824463429475,12.685247421264648,1820600,0.0,0.0,AGI
2023-04-26 00:00:00-04:00,12.823775408283058,12.962304185641782,12.497244166469724,12.556612968444824,2135600,0.0,0.0,AGI
2023-04-27 00:00:00-04:00,12.615983581685096,12.902935327365652,12.269662086296423,12.734722137451172,3802500,0.0,0.0,AGI
2023-04-28 00:00:00-04:00,12.695142907795894,12.972199544222372,12.596193637247062,12.794092178344727,2167700,0.0,0.0,AGI
2023-05-01 00:00:00-04:00,13.081044296257616,13.140413105326521,12.873251577216035,12.902935981750488,4129700,0.0,0.0,AGI
2023-05-02 00:00:00-04:00,12.952411293491547,13.387786042739467,12.754513680197038,13.348206520080566,3452100,0.0,0.0,AGI
2023-05-03 00:00:00-04:00,13.377891222060157,13.595578114318675,13.229467311538212,13.546103477478027,3680600,0.0,0.0,AGI
2023-05-04 00:00:00-04:00,13.763791604692234,13.971584328900645,13.546103764176223,13.605473518371582,3914500,0.0,0.0,AGI
2023-05-05 00:00:00-04:00,13.219571829984712,13.714316297413559,13.140412790688112,13.66484260559082,3328000,0.0,0.0,AGI
2023-05-08 00:00:00-04:00,13.74400184475295,13.763791133039783,13.486734491472719,13.674736976623535,1957900,0.0,0.0,AGI
2023-05-09 00:00:00-04:00,13.63515675818736,13.813265061899509,13.546102606331287,13.595577239990234,2157400,0.0,0.0,AGI
2023-05-10 00:00:00-04:00,13.625262970715319,13.684631777860602,13.269046353242913,13.476839065551758,1626600,0.0,0.0,AGI
2023-05-11 00:00:00-04:00,13.28883657242635,13.377890726712035,13.04146434103286,13.11072826385498,2437300,0.0,0.0,AGI
2023-05-12 00:00:00-04:00,13.1305187845996,13.209677824897472,13.00188510820301,13.170098304748535,2351200,0.0,0.0,AGI
2023-05-15 00:00:00-04:00,13.269047215497338,13.54610386869621,13.25915209911339,13.42736530303955,2131100,0.0,0.0,AGI
2023-05-16 00:00:00-04:00,13.377890823161607,13.40757522692079,12.77430197027373,12.93262004852295,3400400,0.0,0.0,AGI
2023-05-17 00:00:00-04:00,12.893040966175057,12.982095124122694,12.645668724609495,12.724827766418457,1838700,0.0,0.0,AGI
2023-05-18 00:00:00-04:00,12.52692985534668,12.556614259386073,12.220188811755833,12.52692985534668,4226300,0.0,0.0,AGI
2023-05-19 00:00:00-04:00,12.566509455573453,12.75451288420793,12.418086490777979,12.576404571533203,1897500,0.0,0.0,AGI
2023-05-22 00:00:00-04:00,12.517033576965332,12.645667240723132,12.497244290660342,12.517033576965332,1283700,0.0,0.0,AGI
2023-05-23 00:00:00-04:00,12.437875276210903,12.803986059068844,12.348821123473806,12.734722137451172,3358100,0.0,0.0,AGI
2023-05-24 00:00:00-04:00,12.794092422325434,12.81388171062247,12.348821640014648,12.348821640014648,2880700,0.0,0.0,AGI
2023-05-25 00:00:00-04:00,12.31913775623799,12.368612394546222,12.13113526304699,12.19050407409668,1982000,0.0,0.0,AGI
2023-05-26 00:00:00-04:00,12.289453637831468,12.398297089732297,12.15092483606202,12.249874114990234,1391700,0.0,0.0,AGI
2023-05-30 00:00:00-04:00,12.269662595916971,12.319137232120305,11.923342029794028,11.982710838317871,3822400,0.0,0.0,AGI
2023-05-31 00:00:00-04:00,12.051975689133554,12.358716734582819,11.99260593704488,12.210293769836426,3711700,0.0,0.0,AGI
2023-06-01 00:00:00-04:00,12.279557470950177,12.586299454472098,12.17071402835862,12.42798137664795,2198200,0.0,0.0,AGI
2023-06-02 00:00:00-04:00,12.447770595030356,12.546719864942908,12.012395883445507,12.150923728942871,2741300,0.0,0.0,AGI
2023-06-05 00:00:00-04:00,12.061871008804875,12.269663745405875,11.982711960923568,12.220190048217773,1642300,0.0,0.0,AGI
2023-06-06 00:00:00-04:00,12.20039789704793,12.447770118713379,12.1410290922923,12.447770118713379,2249300,0.0,0.0,AGI
2023-06-07 00:00:00-04:00,12.497246774639008,12.784198560472275,12.051976892297773,12.131135940551758,3652500,0.0,0.0,AGI
2023-06-08 00:00:00-04:00,12.338928760937957,12.546721499911742,12.259769712152734,12.319138526916504,1846000,0.0,0.0,AGI
2023-06-09 00:00:00-04:00,12.279559060888982,12.35871811005045,12.141031196681563,12.230084419250488,1273800,0.0,0.0,AGI
2023-06-12 00:00:00-04:00,12.200398627146711,12.487350383704452,12.14102981883832,12.437875747680664,2912700,0.0,0.0,AGI
2023-06-13 00:00:00-04:00,12.517034897019926,12.665458806385699,12.2003987335466,12.25976848602295,2488100,0.0,0.0,AGI
2023-06-14 00:00:00-04:00,12.4035341502748,12.42336344902958,12.07634268357712,12.205236434936523,2209800,0.025,0.0,AGI
2023-06-15 00:00:00-04:00,12.155661711210923,12.244895919073214,11.957363996826995,12.036683082580566,2572800,0.0,0.0,AGI
2023-06-16 00:00:00-04:00,12.106086459883988,12.403533489832492,12.036682499600618,12.135830879211426,11586300,0.0,0.0,AGI
2023-06-20 00:00:00-04:00,12.006937727435378,12.046597270349094,11.540938334588725,11.580597877502441,3102400,0.0,0.0,AGI
2023-06-21 00:00:00-04:00,11.570682213551802,11.699575958375059,11.342639143308178,11.64008617401123,2467900,0.0,0.0,AGI
2023-06-22 00:00:00-04:00,11.540938334588725,11.610342298298207,11.431873882407436,11.580597877502441,2381700,0.0,0.0,AGI
2023-06-23 00:00:00-04:00,11.650001798310743,11.838384390067658,11.570682712775401,11.620257377624512,1942500,0.0,0.0,AGI
2023-06-26 00:00:00-04:00,11.699576083080753,11.76898004427996,11.461618834205145,11.52110767364502,3111700,0.0,0.0,AGI
2023-06-27 00:00:00-04:00,11.521107799011272,11.650001546610957,11.312894967589944,11.402129173278809,1879300,0.0,0.0,AGI
2023-06-28 00:00:00-04:00,11.322811756586557,11.461620646491177,11.263321962182234,11.392215728759766,2258800,0.0,0.0,AGI
2023-06-29 00:00:00-04:00,11.312894499971598,11.650001065058316,11.263319838242724,11.630170822143555,1607900,0.0,0.0,AGI
2023-06-30 00:00:00-04:00,11.709491373980992,11.828470000137417,11.640086466221195,11.818554878234863,1418500,0.0,0.0,AGI
2023-07-03 00:00:00-04:00,11.798724162792556,12.076341891618238,11.798724162792556,12.04659652709961,1145100,0.0,0.0,AGI
2023-07-05 00:00:00-04:00,12.016853317140052,12.03668356214757,11.600427627563477,11.600427627563477,2371900,0.0,0.0,AGI
2023-07-06 00:00:00-04:00,11.550852408896105,11.60042707348892,11.431873781208196,11.451704025268555,1531600,0.0,0.0,AGI
2023-07-07 00:00:00-04:00,11.560766984024946,11.659916308520152,11.471532781090868,11.511192321777344,1950200,0.0,0.0,AGI
2023-07-10 00:00:00-04:00,11.421958934803122,11.897873417640906,11.421958934803122,11.878043174743652,2000200,0.0,0.0,AGI
2023-07-11 00:00:00-04:00,11.917703476975381,11.977192313634813,11.739235075881064,11.828469276428223,1722500,0.0,0.0,AGI
2023-07-12 00:00:00-04:00,12.016852047244223,12.651405637055605,12.016852047244223,12.582000732421875,4124300,0.0,0.0,AGI
2023-07-13 00:00:00-04:00,12.671236401680062,12.700981769492333,12.532428467455336,12.562172889709473,2584400,0.0,0.0,AGI
2023-07-14 00:00:00-04:00,12.572086786572802,12.730724950538963,12.522512123943866,12.59191608428955,2254200,0.0,0.0,AGI
2023-07-17 00:00:00-04:00,12.482853258020214,12.69106609587538,12.41344929392119,12.621661186218262,1689000,0.0,0.0,AGI
2023-07-18 00:00:00-04:00,12.750554689951597,12.958767523759459,12.621660940874532,12.859619140625,1912200,0.0,0.0,AGI
2023-07-19 00:00:00-04:00,12.790214581901528,12.87944879105216,12.730725739506509,12.750555038452148,1988400,0.0,0.0,AGI
2023-07-20 00:00:00-04:00,12.720809565605686,12.75055398434418,12.30438392103469,12.373787879943848,3045800,0.0,0.0,AGI
2023-07-21 00:00:00-04:00,12.314299583435059,12.42336308730605,12.22506537774149,12.314299583435059,1946000,0.0,0.0,AGI
2023-07-24 00:00:00-04:00,12.284556159659159,12.324215704788434,12.125917033583919,12.274641036987305,1984500,0.0,0.0,AGI
2023-07-25 00:00:00-04:00,12.215150703398354,12.393619121324011,12.215150703398354,12.334129333496094,2124700,0.0,0.0,AGI
2023-07-26 00:00:00-04:00,12.26472458257458,12.304384123397503,12.036682459232289,12.175490379333496,3778300,0.0,0.0,AGI
2023-07-27 00:00:00-04:00,12.443193508509989,12.443193508509989,11.699576377868652,11.699576377868652,3751600,0.0,0.0,AGI
2023-07-28 00:00:00-04:00,11.897874881378431,12.165577520077354,11.897874881378431,12.066428184509277,2328700,0.0,0.0,AGI
2023-07-31 00:00:00-04:00,12.125917305122606,12.4531097417137,12.106088004892996,12.24489688873291,2024800,0.0,0.0,AGI
2023-08-01 00:00:00-04:00,11.93753354688607,12.09617171565935,11.768980256174945,11.778895378112793,2216100,0.0,0.0,AGI
2023-08-02 00:00:00-04:00,11.78881028779862,11.808639585759227,11.392213927447886,11.52110767364502,2881900,0.0,0.0,AGI
2023-08-03 00:00:00-04:00,11.550852408896105,11.610342195519099,11.392214238645561,11.451704025268555,1655600,0.0,0.0,AGI
2023-08-04 00:00:00-04:00,11.521108811175754,11.749151906365805,11.521108811175754,11.570683479309082,1752400,0.0,0.0,AGI
2023-08-07 00:00:00-04:00,11.52110767364502,11.590511634844226,11.33272508800801,11.52110767364502,1130200,0.0,0.0,AGI
2023-08-08 00:00:00-04:00,11.402130174990656,11.600427901965821,11.312895961462294,11.570683479309082,1607300,0.0,0.0,AGI
2023-08-09 00:00:00-04:00,11.669832674718455,11.669832674718455,11.431874459662314,11.481449127197266,1263100,0.0,0.0,AGI
2023-08-10 00:00:00-04:00,11.61034164627255,11.74915051145423,11.461618605087777,11.511192321777344,2032100,0.0,0.0,AGI
2023-08-11 00:00:00-04:00,11.491364388519017,11.640087447360854,11.46161996586228,11.570683479309082,1422500,0.0,0.0,AGI
2023-08-14 00:00:00-04:00,11.421960282601832,11.570683339648552,11.332726070150548,11.481449127197266,1673200,0.0,0.0,AGI
2023-08-15 00:00:00-04:00,11.421959269178677,11.590511610949543,11.273235279769485,11.312894821166992,2198900,0.0,0.0,AGI
2023-08-16 00:00:00-04:00,11.263321472603112,11.35255568755178,11.164173080316495,11.203832626342773,1910600,0.0,0.0,AGI
2023-08-17 00:00:00-04:00,11.293065078876257,11.342638794503925,11.005533178668916,11.04519271850586,1813000,0.0,0.0,AGI
2023-08-18 00:00:00-04:00,10.985703510110328,11.035278173886901,10.866724884381394,10.946043968200684,2572400,0.0,0.0,AGI
2023-08-21 00:00:00-04:00,11.035278296826357,11.302979971309297,10.985703632497495,11.283150672912598,3073000,0.0,0.0,AGI
2023-08-22 00:00:00-04:00,11.332724415217122,11.491362571716309,11.273234633750928,11.491362571716309,1681300,0.0,0.0,AGI
2023-08-23 00:00:00-04:00,11.630172329987053,12.106087820505115,11.550853239160402,11.987109184265137,2927800,0.0,0.0,AGI
2023-08-24 00:00:00-04:00,11.927618052803277,12.225065082751781,11.878043390218853,12.135830879211426,2629500,0.0,0.0,AGI
2023-08-25 00:00:00-04:00,12.15566248866131,12.205237156817505,11.828471002611833,11.987109184265137,2597600,0.0,0.0,AGI
2023-08-28 00:00:00-04:00,12.086256306432736,12.51259708404541,12.016852345633668,12.51259708404541,2550900,0.0,0.0,AGI
2023-08-29 00:00:00-04:00,12.43327887180658,12.800129890441895,12.413449572572352,12.800129890441895,2903700,0.0,0.0,AGI
2023-08-30 00:00:00-04:00,12.879448704062707,12.988513156980444,12.691066110340033,12.829874038696289,2137200,0.0,0.0,AGI
2023-08-31 00:00:00-04:00,12.829874631823818,12.879449299482081,12.691066697050445,12.73072624206543,2080700,0.0,0.0,AGI
2023-09-01 00:00:00-04:00,12.879449095914877,12.909194463374575,12.264725685119629,12.264725685119629,2126300,0.0,0.0,AGI
2023-09-05 00:00:00-04:00,12.155662157922563,12.195321702256807,11.828470680775514,11.848299980163574,1940700,0.0,0.0,AGI
2023-09-06 00:00:00-04:00,11.798725128173828,11.95736424857907,11.699576741673424,11.798725128173828,1323400,0.0,0.0,AGI
2023-09-07 00:00:00-04:00,11.838384628295898,11.907789538704547,11.719405997598635,11.838384628295898,1026500,0.0,0.0,AGI
2023-09-08 00:00:00-04:00,11.878043112008312,11.987107556251118,11.630170750449961,11.709490776062012,1920400,0.0,0.0,AGI
2023-09-11 00:00:00-04:00,11.808639377398723,11.878043337373313,11.620256795085677,11.719405174255371,1888700,0.0,0.0,AGI
2023-09-12 00:00:00-04:00,11.630170632742088,11.947447895305096,11.580596917378564,11.828469276428223,1637300,0.0,0.0,AGI
2023-09-13 00:00:00-04:00,11.833437596348329,12.022216730844473,11.823501652944591,11.922859191894531,1876000,0.025,0.0,AGI
2023-09-14 00:00:00-04:00,11.922859992705616,12.191124797362507,11.922859992705616,11.992409706115723,2110900,0.0,0.0,AGI
2023-09-15 00:00:00-04:00,12.151380280527942,12.369966299051693,12.121573397674979,12.34015941619873,6989200,0.0,0.0,AGI
2023-09-18 00:00:00-04:00,12.3799027495308,12.588552833134164,12.28054520589348,12.548810005187988,1532800,0.0,0.0,AGI
2023-09-19 00:00:00-04:00,12.608423980510729,12.658102753145686,12.509067382784592,12.578617095947266,3996700,0.0,0.0,AGI
2023-09-20 00:00:00-04:00,12.648166449450747,12.86675247430265,12.578616738265767,12.618359565734863,2379900,0.0,0.0,AGI
2023-09-21 00:00:00-04:00,12.320287381713948,12.489194628430699,12.260673616721984,12.409708976745605,3000300,0.0,0.0,AGI
2023-09-22 00:00:00-04:00,12.5488100076748,12.628295663582904,11.893052872661066,11.912923812866211,3457400,0.0,0.0,AGI
2023-09-25 00:00:00-04:00,11.853309631347656,11.89305245791576,11.614851724395304,11.853309631347656,2600700,0.0,0.0,AGI
2023-09-26 00:00:00-04:00,11.734081225314979,11.803630935359893,11.34658795318532,11.366458892822266,2153200,0.0,0.0,AGI
2023-09-27 00:00:00-04:00,11.33665212794427,11.396266842564925,11.128002048087588,11.247230529785156,2016500,0.0,0.0,AGI
2023-09-28 00:00:00-04:00,11.257165976328697,11.376394452760774,11.147873443151884,11.356523513793945,1997500,0.0,0.0,AGI
2023-09-29 00:00:00-04:00,11.525431055045877,11.555237938033708,11.118065899008144,11.217423439025879,1857300,0.0,0.0,AGI
2023-10-02 00:00:00-04:00,11.05845209244844,11.118065858205322,10.790187303911312,10.849802017211914,2526600,0.0,0.0,AGI
2023-10-03 00:00:00-04:00,10.810060245787437,11.128002887634658,10.710702696438274,11.048517227172852,2022200,0.0,0.0,AGI
2023-10-04 00:00:00-04:00,11.098194767681646,11.118065706815457,10.839865926136122,10.919351577758789,2398300,0.0,0.0,AGI
2023-10-05 00:00:00-04:00,10.88954563782485,11.247231101086122,10.839866864374837,11.237296104431152,2267100,0.0,0.0,AGI
2023-10-06 00:00:00-04:00,11.22735898316607,11.594980352085004,11.2074870968519,11.475751876831055,2332800,0.0,0.0,AGI
2023-10-09 00:00:00-04:00,11.694338974952228,11.773824632505606,11.545302656381805,11.674467086791992,1386900,0.0,0.0,AGI
2023-10-10 00:00:00-04:00,11.714209167322412,11.783758876353179,11.60491663205353,11.704273223876953,1811700,0.0,0.0,AGI
2023-10-11 00:00:00-04:00,11.783759688358808,12.061960438739819,11.585045543475077,11.773824691772461,2693400,0.0,0.0,AGI
2023-10-12 00:00:00-04:00,11.77382390453014,11.833437670237366,11.336651867473119,11.436009407043457,1486800,0.0,0.0,AGI
2023-10-13 00:00:00-04:00,11.843373662792315,12.220930988163314,11.744016122810153,12.121573448181152,3644500,0.0,0.0,AGI
2023-10-16 00:00:00-04:00,12.032151915700217,12.350095476807915,11.97253814942884,12.220931053161621,2074500,0.0,0.0,AGI
2023-10-17 00:00:00-04:00,12.270609072227868,12.538872899113807,12.191123423702873,12.519001960754395,1721500,0.0,0.0,AGI
2023-10-18 00:00:00-04:00,12.727652025018424,12.787265787640333,12.429580369277858,12.519001960754395,1980200,0.0,0.0,AGI
2023-10-19 00:00:00-04:00,12.519002970833997,12.638231453241286,12.379902600920285,12.618359565734863,2024800,0.0,0.0,AGI
2023-10-20 00:00:00-04:00,12.717717108179476,12.916431245524958,12.578616738265767,12.618359565734863,3633000,0.0,0.0,AGI
2023-10-23 00:00:00-04:00,12.618358888571395,12.916430552365492,12.230866578428397,12.747523307800293,3616900,0.0,0.0,AGI
2023-10-24 00:00:00-04:00,12.598487634034589,12.88662334738978,12.558744809694,12.836944580078125,1822300,0.0,0.0,AGI
2023-10-25 00:00:00-04:00,12.8170733076944,13.174759691425969,12.598488237129242,12.608423233032227,3349300,0.0,0.0,AGI
2023-10-26 00:00:00-04:00,12.648166360520074,12.876688327518425,12.111637719687796,12.469324111938477,3805500,0.0,0.0,AGI
2023-10-27 00:00:00-04:00,12.499130966192093,12.747523872432069,12.220931176515567,12.737587928771973,2937700,0.0,0.0,AGI
2023-10-30 00:00:00-04:00,12.817073734716129,12.846881566049335,12.59848865686845,12.668038368225098,1797900,0.0,0.0,AGI
2023-10-31 00:00:00-04:00,12.618359566174991,12.856816530997886,12.230867235223727,12.300416946411133,3031500,0.0,0.0,AGI
2023-11-01 00:00:00-04:00,12.379901885986328,12.479259422693088,12.210994642111054,12.379901885986328,2679100,0.0,0.0,AGI
2023-11-02 00:00:00-04:00,12.59848850770558,12.80713858684891,12.409709368338703,12.737587928771973,2321000,0.0,0.0,AGI
2023-11-03 00:00:00-04:00,12.926366878180222,13.44302362284413,12.926366878180222,13.343667030334473,4083100,0.0,0.0,AGI
2023-11-06 00:00:00-05:00,13.284052610348118,13.492702691036046,13.194631011832756,13.204566955566406,2312300,0.0,0.0,AGI
2023-11-07 00:00:00-05:00,13.025723997902086,13.085338713855748,12.608423828857738,12.966110229492188,2471300,0.0,0.0,AGI
2023-11-08 00:00:00-05:00,12.8468823250815,12.956174870462668,12.538874682579943,12.638232231140137,2133800,0.0,0.0,AGI
2023-11-09 00:00:00-05:00,12.687909260322952,13.20456597816101,12.5984876684266,12.88662338256836,2354000,0.0,0.0,AGI
2023-11-10 00:00:00-05:00,12.777331506304993,12.856817165166625,12.608424244338073,12.707781791687012,1752800,0.0,0.0,AGI
2023-11-13 00:00:00-05:00,12.658102424447362,12.936303164961453,12.628295540657907,12.668038368225098,1404700,0.0,0.0,AGI
2023-11-14 00:00:00-05:00,12.936302872526152,13.214502659207568,12.817073444976101,13.125081062316895,2360100,0.0,0.0,AGI
2023-11-15 00:00:00-05:00,13.194631444201098,13.214503332319572,12.578617125685096,12.6282958984375,3746600,0.0,0.0,AGI
2023-11-16 00:00:00-05:00,12.747523402365884,13.115144776339724,12.687909637691046,12.89655876159668,3076800,0.0,0.0,AGI
2023-11-17 00:00:00-05:00,13.025723085154391,13.035659028374392,12.658101713907694,12.747523307800293,2250100,0.0,0.0,AGI
2023-11-20 00:00:00-05:00,12.648166188848487,12.8468812696434,12.59848836619349,12.807138442993164,1317500,0.0,0.0,AGI
2023-11-21 00:00:00-05:00,13.045595560385113,13.611931083873896,13.035659616716671,13.37347412109375,7005500,0.0,0.0,AGI
2023-11-22 00:00:00-05:00,13.552317230225952,13.651673823643335,13.373474035513436,13.542381286621094,4089000,0.0,0.0,AGI
2023-11-24 00:00:00-05:00,13.542381699779238,13.880196212300778,13.542381699779238,13.601995468139648,2748100,0.0,0.0,AGI
2023-11-27 00:00:00-05:00,13.810644640554209,14.148459130769428,13.731158989626357,13.969616889953613,4591900,0.0,0.0,AGI
2023-11-28 00:00:00-05:00,14.08884605617556,14.486274330274044,13.989488513879067,14.476338386535645,3989300,0.0,0.0,AGI
2023-11-29 00:00:00-05:00,14.406787940070062,14.595566123744856,14.307430402845203,14.506145477294922,2386600,0.0,0.0,AGI
2023-11-30 00:00:00-05:00,14.426661270224773,14.744603905091283,14.347174663964353,14.714797019958496,2309500,0.0,0.0,AGI
2023-12-01 00:00:00-05:00,14.655182324756405,14.853896471854512,14.526017892256686,14.764474868774414,2883800,0.0,0.0,AGI
2023-12-04 00:00:00-05:00,14.506145618827198,14.585631270365123,14.158395182690988,14.43659496307373,4215500,0.0,0.0,AGI
2023-12-05 00:00:00-05:00,14.361950357454463,14.561006994420435,14.123081443918378,14.172845840454102,3027300,0.025,0.0,AGI
2023-12-06 00:00:00-05:00,14.292278810570831,14.342043203582644,14.043457794688615,14.083269119262695,2302700,0.0,0.0,AGI
2023-12-07 00:00:00-05:00,14.202704475907927,14.202704475907927,13.943930383685098,14.093222618103027,2255600,0.0,0.0,AGI
2023-12-08 00:00:00-05:00,13.724968055152535,14.08326999869345,13.525911419852026,13.705062866210938,4148300,0.0,0.0,AGI
2023-12-11 00:00:00-05:00,13.426382354937845,13.486099818903654,13.157656140033929,13.366665840148926,3818800,0.0,0.0,AGI
2023-12-12 00:00:00-05:00,13.366666773717041,13.43633636222901,13.048175192283136,13.078034400939941,3608900,0.0,0.0,AGI
2023-12-13 00:00:00-05:00,13.137750166718844,13.95388378885417,13.04817444423767,13.92402458190918,4279700,0.0,0.0,AGI
2023-12-14 00:00:00-05:00,14.182797756117033,14.272373472760803,13.705061866252711,13.814542770385742,4013400,0.0,0.0,AGI
2023-12-15 00:00:00-05:00,13.864308325990226,13.864308325990226,13.545816756851346,13.575675964355469,6063500,0.0,0.0,AGI
2023-12-18 00:00:00-05:00,13.724967671248466,13.81454339192238,13.535864110296666,13.585627555847168,2708900,0.0,0.0,AGI
2023-12-19 00:00:00-05:00,13.655298637929159,14.192752034434836,13.565722913648726,14.06336498260498,2428000,0.0,0.0,AGI
2023-12-20 00:00:00-05:00,14.093222920005815,14.113129057915632,13.62543912007097,13.635392189025879,1920600,0.0,0.0,AGI
2023-12-21 00:00:00-05:00,13.88421254168905,13.933976934863217,13.715014174402992,13.774731636047363,1732100,0.0,0.0,AGI
2023-12-22 00:00:00-05:00,14.093222284137624,14.292278908370134,13.854354335058614,13.864307403564453,2339500,0.0,0.0,AGI
2023-12-26 00:00:00-05:00,13.904118487029512,14.003646322829493,13.685155729586612,13.814542770385742,1478700,0.0,0.0,AGI
2023-12-27 00:00:00-05:00,13.84440192840967,14.103176026871527,13.804590601659914,13.92402458190918,2162500,0.0,0.0,AGI
2023-12-28 00:00:00-05:00,13.904119410356662,13.924024599167762,13.496053073371659,13.525911331176758,2538000,0.0,0.0,AGI
2023-12-29 00:00:00-05:00,13.436335231454343,13.4960526945653,13.257183791298353,13.406476974487305,2073700,0.0,0.0,AGI
2024-01-02 00:00:00-05:00,13.346759857671351,13.496053044733863,13.018316174981484,13.038222312927246,2497000,0.0,0.0,AGI
2024-01-03 00:00:00-05:00,12.769495440014044,12.908835561314987,12.689872784749767,12.779448509216309,2818500,0.0,0.0,AGI
2024-01-04 00:00:00-05:00,12.759541987216435,12.998410895004971,12.699825472151971,12.859070777893066,1662100,0.0,0.0,AGI
2024-01-05 00:00:00-05:00,12.82921265882984,13.127797135728647,12.749590005099906,12.928740501403809,2237200,0.0,0.0,AGI
2024-01-08 00:00:00-05:00,12.689872784749767,12.908835561314987,12.640108387915364,12.779448509216309,1615200,0.0,0.0,AGI
2024-01-09 00:00:00-05:00,12.809306396555826,12.849117723034615,12.411193131767934,12.460957527160645,3434200,0.0,0.0,AGI
2024-01-10 00:00:00-05:00,12.520673658619545,12.610249377746175,12.381333545625132,12.540579795837402,1542200,0.0,0.0,AGI
2024-01-11 00:00:00-05:00,12.709779074106764,12.839165178565226,12.441051897515502,12.65006160736084,3059200,0.0,0.0,AGI
2024-01-12 00:00:00-05:00,13.008363305296358,13.147703425520676,12.759542272223808,12.79935359954834,2124500,0.0,0.0,AGI
2024-01-16 00:00:00-05:00,12.560484640994071,12.650060357675406,12.28180537178968,12.311663627624512,3312700,0.0,0.0,AGI
2024-01-17 00:00:00-05:00,12.112607901515505,12.261900140894634,11.953362593063924,12.222088813781738,3162300,0.0,0.0,AGI
2024-01-18 00:00:00-05:00,12.25194825760805,12.361429171988572,12.132513324785933,12.27185344696045,2002700,0.0,0.0,AGI
2024-01-19 00:00:00-05:00,12.341523288050933,12.341523288050933,11.933456931551026,12.12256145477295,2201100,0.0,0.0,AGI
2024-01-22 00:00:00-05:00,11.993174358687329,12.172324862657243,11.86378730354537,12.03298568725586,1395600,0.0,0.0,AGI
2024-01-23 00:00:00-05:00,12.142465778997837,12.341522408323662,11.973267406776667,12.301711082458496,1919800,0.0,0.0,AGI
2024-01-24 00:00:00-05:00,12.5007679756878,12.550531418408639,12.00312595506479,12.042937278747559,2388300,0.0,0.0,AGI
2024-01-25 00:00:00-05:00,12.232041358947754,12.341522266524848,12.08274912596291,12.232041358947754,2532800,0.0,0.0,AGI
2024-01-26 00:00:00-05:00,12.261900630644949,12.30171195934794,12.10265531583298,12.12256145477295,1394800,0.0,0.0,AGI
2024-01-29 00:00:00-05:00,12.251948163391214,12.301711610978002,12.072796714712632,12.291759490966797,1592400,0.0,0.0,AGI
2024-01-30 00:00:00-05:00,12.361428161175803,12.401239485802101,12.112607144967235,12.182276725769043,2543500,0.0,0.0,AGI
2024-01-31 00:00:00-05:00,12.232042229257829,12.411193680927767,12.032985588056196,12.05289077758789,1977500,0.0,0.0,AGI
2024-02-01 00:00:00-05:00,12.172324402261513,12.650061276191304,12.152419213318597,12.620203018188477,3177500,0.0,0.0,AGI
2024-02-02 00:00:00-05:00,12.261899900348158,12.451004412307356,12.172324178807159,12.371381759643555,2361600,0.0,0.0,AGI
2024-02-05 00:00:00-05:00,12.162372630876343,12.351476202548662,12.072796905124267,12.251948356628418,1970400,0.0,0.0,AGI
2024-02-06 00:00:00-05:00,12.351475707956844,12.600296736559285,12.291759192631321,12.550532341003418,1995400,0.0,0.0,AGI
2024-02-07 00:00:00-05:00,12.480862380040406,12.560485030855906,12.192230033540003,12.232041358947754,1795800,0.0,0.0,AGI
2024-02-08 00:00:00-05:00,12.142465113366063,12.19222950526373,11.943408494952225,12.042937278747559,2269900,0.0,0.0,AGI
2024-02-09 00:00:00-05:00,12.042938477108832,12.042938477108832,11.794117442037798,11.893645286560059,1639200,0.0,0.0,AGI
2024-02-12 00:00:00-05:00,11.8836918336353,12.062843276838334,11.823975318685548,11.973267555236816,1480900,0.0,0.0,AGI
2024-02-13 00:00:00-05:00,11.664730230676163,11.664730230676163,11.18699335628888,11.336286544799805,4693800,0.0,0.0,AGI
2024-02-14 00:00:00-05:00,11.346238802346296,11.435814526704212,11.226804819594715,11.405956268310547,2199300,0.0,0.0,AGI
2024-02-15 00:00:00-05:00,11.644824358474196,11.774211411801089,11.585107841047586,11.6746826171875,2273900,0.0,0.0,AGI
2024-02-16 00:00:00-05:00,11.545296185402899,11.764258008655965,11.495531789508329,11.644824028015137,3178300,0.0,0.0,AGI
2024-02-20 00:00:00-05:00,11.754306032567342,11.804069479893588,11.624918981329886,11.714494705200195,1718500,0.0,0.0,AGI
2024-02-21 00:00:00-05:00,11.624919075033988,11.714494799626335,11.515437212009155,11.694588661193848,1395000,0.0,0.0,AGI
2024-02-22 00:00:00-05:00,11.595059399884718,11.694588189680411,11.306427048489468,11.396002769470215,2828900,0.0,0.0,AGI
2024-02-23 00:00:00-05:00,11.44576789589053,11.893645580242161,11.286522581381234,11.833929061889648,2899900,0.0,0.0,AGI
2024-02-26 00:00:00-05:00,11.674682428656132,11.714494705200195,11.535343257459576,11.714494705200195,1446300,0.0,0.0,AGI
2024-02-27 00:00:00-05:00,11.664729641837848,11.764257479977365,11.376097297632583,11.455719947814941,1939900,0.0,0.0,AGI
2024-02-28 00:00:00-05:00,11.415909901243657,11.525390820211452,11.306428033098895,11.485579490661621,2392500,0.0,0.0,AGI
2024-02-29 00:00:00-05:00,11.804069286047607,11.943409404132842,11.684635305907507,11.754305839538574,2343200,0.0,0.0,AGI
2024-03-01 00:00:00-05:00,11.903598522965224,12.331571013035388,11.704541881947799,12.251948356628418,3753600,0.0,0.0,AGI
2024-03-04 00:00:00-05:00,12.391287352920271,12.819259836848447,12.341522956085868,12.779448509216309,3419900,0.0,0.0,AGI
2024-03-05 00:00:00-05:00,13.008362968131935,13.257183994755282,12.739636752950704,12.769495010375977,3375100,0.0,0.0,AGI
2024-03-06 00:00:00-05:00,12.91878756388686,13.267137389383675,12.898882374840225,13.197467803955078,2603900,0.0,0.0,AGI
2024-03-07 00:00:00-05:00,13.386571690274529,13.436336087842667,13.227326377398038,13.426383018493652,2161800,0.0,0.0,AGI
2024-03-08 00:00:00-05:00,13.555770227611974,13.6254398154984,13.247232667677563,13.296996116638184,2189600,0.0,0.0,AGI
2024-03-11 00:00:00-04:00,13.336806485897073,13.844401601866657,13.267136903022498,13.695109367370605,5763400,0.0,0.0,AGI
2024-03-12 00:00:00-04:00,13.366666257711202,13.595581153514633,13.27709053355267,13.575675964355469,2127400,0.0,0.0,AGI
2024-03-13 00:00:00-04:00,13.580661235873928,13.869823590751633,13.540776805922514,13.770112991333008,3016300,0.025,0.0,AGI
2024-03-14 00:00:00-04:00,13.62054442605652,13.730227311629221,13.411150950141051,13.55074691772461,1681300,0.0,0.0,AGI
2024-03-15 00:00:00-04:00,13.560718262034806,13.710284623008826,13.510862491403554,13.55074691772461,5801000,0.0,0.0,AGI
2024-03-18 00:00:00-04:00,13.580660944694765,13.630516718795043,13.29149859601691,13.341354370117188,1825000,0.0,0.0,AGI
2024-03-19 00:00:00-04:00,13.221700932392649,13.231672277283211,13.02227878918035,13.092076301574707,1573600,0.0,0.0,AGI
2024-03-20 00:00:00-04:00,13.072134034723911,13.700314519356384,13.032249604791046,13.56071949005127,2350600,0.0,0.0,AGI
2024-03-21 00:00:00-04:00,13.770112569665017,13.919678939672847,13.560719081102182,13.580660820007324,3119400,0.0,0.0,AGI
2024-03-22 00:00:00-04:00,13.461007118225098,13.610573483615251,13.401180001517181,13.461007118225098,1481700,0.0,0.0,AGI
2024-03-25 00:00:00-04:00,13.510862903945256,13.819966979641702,13.510862903945256,13.600603103637695,1548200,0.0,0.0,AGI
2024-03-26 00:00:00-04:00,13.720257209782725,13.790054724435283,13.490921024478894,13.56071949005127,1664300,0.0,0.0,AGI
2024-03-27 00:00:00-04:00,13.61057446828461,14.597715784402437,13.600604073878442,14.507975578308105,5788400,0.0,0.0,AGI
2024-03-28 00:00:00-04:00,14.677484376427039,14.817079404755733,14.537888397178534,14.7073974609375,2804900,0.0,0.0,AGI
2024-04-01 00:00:00-04:00,14.95667481361973,15.036443669885452,14.338465702100487,14.47806167602539,4294800,0.0,0.0,AGI
2024-04-02 00:00:00-04:00,14.587743759155273,14.627628187680465,14.34843718800413,14.587743759155273,2557500,0.0,0.0,AGI
2024-04-03 00:00:00-04:00,14.49800410383632,14.89684840412515,14.468091019044612,14.817079544067383,2506900,0.0,0.0,AGI
2024-04-04 00:00:00-04:00,14.777194131821265,14.817078559199091,14.448147368224255,14.468090057373047,2616600,0.0,0.0,AGI
2024-04-05 00:00:00-04:00,14.468090219193314,14.936732008394424,14.408263101997552,14.787165641784668,2267000,0.0,0.0,AGI
2024-04-08 00:00:00-04:00,14.946704179391208,15.225896140513209,14.607686048685792,14.817079544067383,2955800,0.0,0.0,AGI
2024-04-09 00:00:00-04:00,15.325606469915073,15.405375328566409,14.88687774733272,15.016502380371094,3727800,0.0,0.0,AGI
2024-04-10 00:00:00-04:00,14.567800314194406,15.14612497328748,14.428205297053154,15.116211891174316,3120100,0.0,0.0,AGI
2024-04-11 00:00:00-04:00,15.27575057214602,15.445259633140939,14.94670379513701,15.325606346130371,2389000,0.0,0.0,AGI
2024-04-12 00:00:00-04:00,15.674595241528777,15.963757578989993,15.006530366890837,15.166068077087402,5403200,0.0,0.0,AGI
2024-04-15 00:00:00-04:00,15.295693380499557,15.37546223912403,14.667512905641983,14.946703910827637,3899200,0.0,0.0,AGI
2024-04-16 00:00:00-04:00,14.647570077065627,14.996559543438623,14.527916790259974,14.837021827697754,2119500,0.0,0.0,AGI
2024-04-17 00:00:00-04:00,14.966646187472552,15.215924101517386,14.76722404642064,14.89684772491455,2084400,0.0,0.0,AGI
2024-04-18 00:00:00-04:00,15.09627123902243,15.146126062489664,14.846993318007053,15.016502380371094,1515000,0.0,0.0,AGI
2024-04-19 00:00:00-04:00,14.946703792351686,15.355519427291558,14.946703792351686,15.25580883026123,2238600,0.0,0.0,AGI
2024-04-22 00:00:00-04:00,14.757252553726147,15.066356631528516,14.667512353422309,14.717368125915527,2965400,0.0,0.0,AGI
2024-04-23 00:00:00-04:00,14.627628483465852,15.116212980509054,14.58774405413416,15.086299896240234,3047000,0.0,0.0,AGI
2024-04-24 00:00:00-04:00,14.956675265421055,15.235866270784703,14.896848145954657,15.156097412109375,2574600,0.0,0.0,AGI
2024-04-25 00:00:00-04:00,14.966646326801392,15.36549061261817,14.268668351162134,14.936732292175293,5810700,0.0,0.0,AGI
2024-04-26 00:00:00-04:00,15.04641534030181,15.305664604236291,14.916790708334569,15.25580883026123,2257900,0.0,0.0,AGI
2024-04-29 00:00:00-04:00,15.28572191994952,15.525028494014844,14.926762058851532,15.395403861999512,1992300,0.0,0.0,AGI
2024-04-30 00:00:00-04:00,14.916789844522592,15.096270240071417,14.647569251199354,14.667511940002441,2669000,0.0,0.0,AGI
2024-05-01 00:00:00-04:00,14.817078465272555,15.255808114567268,14.597714591544952,14.916790008544922,2554600,0.0,0.0,AGI
2024-05-02 00:00:00-04:00,14.71736787291994,15.046414634431098,14.677483445794943,14.916790008544922,1863000,0.0,0.0,AGI
2024-05-03 00:00:00-04:00,14.966645786303284,15.106240805837997,14.757252306081462,14.986587524414062,1616100,0.0,0.0,AGI
2024-05-06 00:00:00-04:00,15.355519563853061,15.445259767622302,15.176040107234387,15.225895881652832,1355600,0.0,0.0,AGI
2024-05-07 00:00:00-04:00,15.156097282311107,15.385433462228471,15.13615554327296,15.25580883026123,1129700,0.0,0.0,AGI
2024-05-08 00:00:00-04:00,15.096270710001209,15.515057678705004,15.006530509433285,15.275750160217285,1386800,0.0,0.0,AGI
2024-05-09 00:00:00-04:00,15.39540374243733,15.714480122966249,15.365490658641422,15.634711265563965,2306400,0.0,0.0,AGI
2024-05-10 00:00:00-04:00,15.834133543448957,15.893959711548499,15.574884279231478,15.60479736328125,2191400,0.0,0.0,AGI
2024-05-13 00:00:00-04:00,15.564913337155874,15.674596233043955,15.305665017147275,15.375462532043457,1569400,0.0,0.0,AGI
2024-05-14 00:00:00-04:00,15.525028243384764,15.744393074863202,15.425317647927134,15.734421730041504,1592900,0.0,0.0,AGI
2024-05-15 00:00:00-04:00,15.874017727031129,16.15320967691122,15.60479712198671,16.083410263061523,2071000,0.0,0.0,AGI
2024-05-16 00:00:00-04:00,15.973729556007793,16.32271902406911,15.864046662715483,16.23297882080078,2550300,0.0,0.0,AGI
2024-05-17 00:00:00-04:00,16.502196774956392,17.06058065908372,16.402487133070345,17.040637969970703,3721900,0.0,0.0,AGI
2024-05-20 00:00:00-04:00,17.040639331195905,17.230091089224135,16.861158918520708,17.16029167175293,1804000,0.0,0.0,AGI
2024-05-21 00:00:00-04:00,17.05060986947712,17.240061618537858,16.891072155059522,17.200176239013672,2526400,0.0,0.0,AGI
2024-05-22 00:00:00-04:00,16.97084068844149,17.050609544128193,16.38254466456225,16.49222755432129,2640400,0.0,0.0,AGI
2024-05-23 00:00:00-04:00,16.422428408640645,16.68167766929969,16.272862039524927,16.502197265625,3802400,0.0,0.0,AGI
2024-05-24 00:00:00-04:00,16.60190799722689,16.781388392089795,16.492227012908035,16.542081832885742,1309400,0.0,0.0,AGI
2024-05-28 00:00:00-04:00,16.950898043294583,17.15032113395151,16.761446297354453,17.050609588623047,1741100,0.0,0.0,AGI
2024-05-29 00:00:00-04:00,16.841215124042748,17.04063821435383,16.681677412529694,16.70162010192871,1384400,0.0,0.0,AGI
2024-05-30 00:00:00-04:00,16.701619833748634,16.99078311987262,16.701619833748634,16.761445999145508,1956500,0.0,0.0,AGI
2024-05-31 00:00:00-04:00,16.841215944321924,17.000753663605526,16.472285681668463,16.66173553466797,1535900,0.0,0.0,AGI
2024-06-03 00:00:00-04:00,16.69164957986638,16.881101334814964,16.651766100942254,16.871129989624023,1384100,0.0,0.0,AGI
2024-06-04 00:00:00-04:00,16.532110188945335,16.562024221493576,16.04352573502739,16.322717666625977,1801800,0.0,0.0,AGI
2024-06-05 00:00:00-04:00,16.38254628403939,16.651766911785312,16.292806074790747,16.62185287475586,1490400,0.0,0.0,AGI
2024-06-06 00:00:00-04:00,16.62185206536944,16.95089884931191,16.59193802979662,16.871129989624023,2304600,0.0,0.0,AGI
2024-06-07 00:00:00-04:00,16.352630998875195,16.372573688706016,15.854075164142174,15.913902282714844,2782800,0.0,0.0,AGI
2024-06-10 00:00:00-04:00,15.963758471598684,16.153210226240063,15.744393632352807,16.10335350036621,2212600,0.0,0.0,AGI
2024-06-11 00:00:00-04:00,15.99367139908533,16.023583530697707,15.734421197101161,15.854074478149414,1273100,0.0,0.0,AGI
2024-06-12 00:00:00-04:00,16.14323887374157,16.24295042360441,15.784278054971201,15.893959999084473,1397100,0.0,0.0,AGI
2024-06-13 00:00:00-04:00,15.789099417585112,15.988834824806679,15.149945162062545,15.229839324951172,5542500,0.025,0.0,AGI
2024-06-14 00:00:00-04:00,15.459534973274067,15.479508990420214,15.10999824493852,15.28976058959961,1939600,0.0,0.0,AGI
2024-06-17 00:00:00-04:00,15.149944511263538,15.369653925975937,14.990156192350339,15.279772758483887,1676800,0.0,0.0,AGI
2024-06-18 00:00:00-04:00,15.189892216185692,15.60933704680333,15.139958126366727,15.449548721313477,1967900,0.0,0.0,AGI
2024-06-20 00:00:00-04:00,15.6193233205437,15.908939884974378,15.559402225096816,15.868992805480957,2289300,0.0,0.0,AGI
2024-06-21 00:00:00-04:00,15.80907202904597,15.849019109345484,15.529442466949364,15.699217796325684,5266200,0.0,0.0,AGI
2024-06-24 00:00:00-04:00,15.77911235188501,15.928913668654424,15.50946883880381,15.669257164001465,1892100,0.0,0.0,AGI
2024-06-25 00:00:00-04:00,15.57937691118685,15.679244138009375,15.479508731950782,15.599349975585938,1091400,0.0,0.0,AGI
2024-06-26 00:00:00-04:00,15.4795085779543,15.839032305283077,15.459534561340378,15.829046249389648,1524900,0.0,0.0,AGI
2024-06-27 00:00:00-04:00,15.968860653140709,16.078715840358242,15.749152183532715,15.749152183532715,1193600,0.0,0.0,AGI
2024-06-28 00:00:00-04:00,15.859006648418273,15.948887820204416,15.55940305993565,15.659271240234375,1029200,0.0,0.0,AGI
2024-07-01 00:00:00-04:00,15.749152342435778,15.82904650535634,15.519455909729004,15.519455909729004,647200,0.0,0.0,AGI
2024-07-02 00:00:00-04:00,15.479508175662037,15.739164670413674,15.329706864604905,15.569389343261719,2273900,0.0,0.0,AGI
2024-07-03 00:00:00-04:00,15.868993988280332,16.27845086929674,15.7990858796461,16.068729400634766,1008900,0.0,0.0,AGI
2024-07-05 00:00:00-04:00,16.30841130956191,16.747830153368618,16.258478172577387,16.548093795776367,1931000,0.0,0.0,AGI
2024-07-08 00:00:00-04:00,16.458212307014712,16.71786880493164,16.368331138319352,16.71786880493164,1012300,0.0,0.0,AGI
2024-07-09 00:00:00-04:00,16.727856340106516,16.887644666193008,16.61800115161189,16.67792320251465,1079700,0.0,0.0,AGI
2024-07-10 00:00:00-04:00,16.84769886906245,17.197234648747184,16.797763825659533,17.08738136291504,1224100,0.0,0.0,AGI
2024-07-11 00:00:00-04:00,17.47686360040786,17.59670578893452,16.857682451869543,17.496837615966797,1890200,0.0,0.0,AGI
2024-07-12 00:00:00-04:00,17.33704976255956,17.64663939265469,17.277127714287975,17.606691360473633,1849000,0.0,0.0,AGI
2024-07-15 00:00:00-04:00,17.766482513127073,17.796441634001987,17.426931841145883,17.536785125732422,1293500,0.0,0.0,AGI
2024-07-16 00:00:00-04:00,17.636652201125397,17.886321685178505,17.556758042421485,17.766481399536133,1866800,0.0,0.0,AGI
2024-07-17 00:00:00-04:00,17.826402657679182,17.856361778550692,17.2371824860627,17.247169494628906,1729100,0.0,0.0,AGI
2024-07-18 00:00:00-04:00,17.257156568364973,17.297102697953544,16.8876448693283,17.097368240356445,1755900,0.0,0.0,AGI
2024-07-19 00:00:00-04:00,16.627987524161465,17.087380372711063,16.568067380377443,17.017473220825195,1327900,0.0,0.0,AGI
2024-07-22 00:00:00-04:00,16.94756462427203,17.177262007197076,16.797763308331053,17.12732696533203,1930600,0.0,0.0,AGI
2024-07-23 00:00:00-04:00,17.147301113238825,17.19723425065873,16.94756475390501,17.117340087890625,961100,0.0,0.0,AGI
2024-07-24 00:00:00-04:00,17.25715630135513,17.626666089847472,17.107353079441225,17.117340087890625,1408600,0.0,0.0,AGI
2024-07-25 00:00:00-04:00,16.677922052945636,16.737842194891144,16.308410383823237,16.328384399414062,2206000,0.0,0.0,AGI
2024-07-26 00:00:00-04:00,16.57805561320621,16.647962770256566,16.34836012437585,16.488174438476562,1574700,0.0,0.0,AGI
2024-07-29 00:00:00-04:00,16.61800069915872,16.867670189974575,16.398292232978502,16.857683181762695,1020500,0.0,0.0,AGI
2024-07-30 00:00:00-04:00,16.93757753538039,16.93757753538039,16.52811971816892,16.697895050048828,1417100,0.0,0.0,AGI
2024-07-31 00:00:00-04:00,17.027458454913884,17.157287656408215,16.847698022180793,17.00748634338379,1643700,0.0,0.0,AGI
2024-08-01 00:00:00-04:00,17.726533134333668,18.17593896164193,17.027457826260143,17.347036361694336,4175800,0.0,0.0,AGI
2024-08-02 00:00:00-04:00,17.396970748901367,17.956229892743615,17.177262275741548,17.396970748901367,4548000,0.0,0.0,AGI
2024-08-05 00:00:00-04:00,16.328384323027034,17.297101216726624,15.71919018414555,16.917604446411133,3930100,0.0,0.0,AGI
2024-08-06 00:00:00-04:00,16.75781628410634,17.47686370509243,16.657948110540417,17.197233200073242,1941500,0.0,0.0,AGI
2024-08-07 00:00:00-04:00,17.45689136594852,17.476865383545373,16.61800167515217,16.637975692749023,1375100,0.0,0.0,AGI
2024-08-08 00:00:00-04:00,16.837710569739677,17.35702164753388,16.60801319734727,17.187246322631836,1906400,0.0,0.0,AGI
2024-08-09 00:00:00-04:00,17.38698235498726,17.466876512027376,17.127325868400153,17.35702133178711,1307800,0.0,0.0,AGI
2024-08-12 00:00:00-04:00,17.556758061977238,18.235859364130434,17.4169437602964,18.05609703063965,2446900,0.0,0.0,AGI
2024-08-13 00:00:00-04:00,17.97620322083002,18.655304536167037,17.97620322083002,18.46555519104004,2707600,0.0,0.0,AGI
2024-08-14 00:00:00-04:00,18.38566129125684,18.455568444445134,18.05609763706415,18.445581436157227,1296800,0.0,0.0,AGI
2024-08-15 00:00:00-04:00,18.425609719683795,18.50550388287392,18.006164886728854,18.41562271118164,1430200,0.0,0.0,AGI
2024-08-16 00:00:00-04:00,18.725212175129208,19.244525183277958,18.535462825069647,19.154644012451172,3157100,0.0,0.0,AGI
2024-08-19 00:00:00-04:00,19.124683447747653,19.653983477047714,19.06476330069597,19.554115295410156,3044600,0.0,0.0,AGI
2024-08-20 00:00:00-04:00,19.82375829081019,20.213242093600005,19.72389011181029,19.883678436279297,3062000,0.0,0.0,AGI
2024-08-21 00:00:00-04:00,19.863703298079354,19.923625344992555,19.653981848364072,19.82375717163086,1823200,0.0,0.0,AGI
2024-08-22 00:00:00-04:00,19.474220800020074,19.71390328897953,19.304445465570407,19.43427276611328,2088500,0.0,0.0,AGI
2024-08-23 00:00:00-04:00,19.713903096069266,19.87369142047863,19.44425958431831,19.59406280517578,1826400,0.0,0.0,AGI
2024-08-26 00:00:00-04:00,19.74386478258475,19.793797921325176,19.374353079493293,19.54412841796875,1234400,0.0,0.0,AGI
2024-08-27 00:00:00-04:00,19.334406100516656,19.484207414987495,19.14465675294583,19.4642333984375,1986000,0.0,0.0,AGI
2024-08-28 00:00:00-04:00,19.214563163263417,19.224550171152348,18.805105363952308,19.084735870361328,2754200,0.0,0.0,AGI
2024-08-29 00:00:00-04:00,19.104709101112547,19.424287657809007,19.074749980516728,19.144657135009766,1146700,0.0,0.0,AGI
2024-08-30 00:00:00-04:00,19.114696569686625,19.254512786865234,19.014830292193942,19.254512786865234,1441600,0.0,0.0,AGI
2024-09-03 00:00:00-04:00,18.87501353906075,19.034801864304434,18.235860238086012,18.425609588623047,2797300,0.0,0.0,AGI
2024-09-04 00:00:00-04:00,18.215886545033182,18.58539824424465,18.145979389599773,18.255834579467773,1995300,0.0,0.0,AGI
2024-09-05 00:00:00-04:00,18.565423029832736,18.60536915686427,18.26582041020173,18.345714569091797,2508800,0.0,0.0,AGI
2024-09-06 00:00:00-04:00,18.36568639265451,18.41562143169588,17.9262694780523,18.07607078552246,1714100,0.0,0.0,AGI
2024-09-09 00:00:00-04:00,18.08605891286562,18.265821254887967,18.046110879159723,18.1359920501709,919100,0.0,0.0,AGI
2024-09-10 00:00:00-04:00,18.175940610481263,18.705238738629898,18.13599257561797,18.67527961730957,1453900,0.0,0.0,AGI
2024-09-11 00:00:00-04:00,18.57541059204869,18.914961253669713,18.545449567260818,18.885000228881836,1867100,0.0,0.0,AGI
2024-09-12 00:00:00-04:00,19.299999237060547,20.200000762939453,19.200000762939453,20.059999465942383,6906600,0.025,0.0,AGI
2024-09-13 00:00:00-04:00,20.459999084472656,20.899999618530273,20.450000762939453,20.690000534057617,4357300,0.0,0.0,AGI
2024-09-16 00:00:00-04:00,20.770000457763672,20.799999237060547,20.40999984741211,20.68000030517578,2428900,0.0,0.0,AGI
2024-09-17 00:00:00-04:00,20.489999771118164,20.770000457763672,20.190000534057617,20.440000534057617,2078600,0.0,0.0,AGI
2024-09-18 00:00:00-04:00,20.5,21.139999389648438,20.149999618530273,20.200000762939453,2667800,0.0,0.0,AGI
2024-09-19 00:00:00-04:00,20.6200008392334,20.649999618530273,20.020000457763672,20.299999237060547,2345400,0.0,0.0,AGI
2024-09-20 00:00:00-04:00,20.579999923706055,20.829999923706055,20.389999389648438,20.81999969482422,6361500,0.0,0.0,AGI
2024-09-23 00:00:00-04:00,20.920000076293945,21.420000076293945,20.799999237060547,21.040000915527344,3222800,0.0,0.0,AGI
2024-09-24 00:00:00-04:00,21.139999389648438,21.15999984741211,20.809999465942383,20.8799991607666,2067800,0.0,0.0,AGI
2024-09-25 00:00:00-04:00,20.969999313354492,21.030000686645508,20.520000457763672,20.670000076293945,3431200,0.0,0.0,AGI
2024-09-26 00:00:00-04:00,20.68000030517578,20.760000228881836,20.309999465942383,20.440000534057617,3550800,0.0,0.0,AGI
2024-09-27 00:00:00-04:00,20.200000762939453,20.290000915527344,19.81999969482422,19.969999313354492,2799400,0.0,0.0,AGI
2024-09-30 00:00:00-04:00,19.920000076293945,20.0,19.6200008392334,19.940000534057617,2673400,0.0,0.0,AGI
2024-10-01 00:00:00-04:00,20.079999923706055,20.309999465942383,19.8700008392334,20.200000762939453,3575000,0.0,0.0,AGI
2024-10-02 00:00:00-04:00,20.1299991607666,20.329999923706055,19.899999618530273,20.139999389648438,2138100,0.0,0.0,AGI
2024-10-03 00:00:00-04:00,19.90999984741211,19.979999542236328,19.579999923706055,19.709999084472656,1884700,0.0,0.0,AGI
2024-10-04 00:00:00-04:00,19.670000076293945,19.969999313354492,19.540000915527344,19.59000015258789,2041500,0.0,0.0,AGI
2024-10-07 00:00:00-04:00,19.5,19.520000457763672,19.139999389648438,19.40999984741211,1695100,0.0,0.0,AGI
2024-10-08 00:00:00-04:00,19.209999084472656,19.510000228881836,19.139999389648438,19.5,1781400,0.0,0.0,AGI
2024-10-09 00:00:00-04:00,19.3700008392334,19.399999618530273,18.959999084472656,19.170000076293945,2548100,0.0,0.0,AGI
2024-10-10 00:00:00-04:00,19.25,19.56999969482422,19.020000457763672,19.559999465942383,2571100,0.0,0.0,AGI
2024-10-11 00:00:00-04:00,19.760000228881836,19.940000534057617,19.520000457763672,19.600000381469727,2344000,0.0,0.0,AGI
2024-10-14 00:00:00-04:00,19.5,19.860000610351562,19.5,19.639999389648438,1353200,0.0,0.0,AGI
2024-10-15 00:00:00-04:00,19.600000381469727,19.700000762939453,19.3700008392334,19.65999984741211,1991000,0.0,0.0,AGI
2024-10-16 00:00:00-04:00,19.950000762939453,20.239999771118164,19.739999771118164,19.969999313354492,2522200,0.0,0.0,AGI
2024-10-17 00:00:00-04:00,20.149999618530273,20.450000762939453,20.030000686645508,20.06999969482422,1515000,0.0,0.0,AGI
2024-10-18 00:00:00-04:00,20.34000015258789,21.1200008392334,20.31999969482422,20.989999771118164,3030900,0.0,0.0,AGI
2024-10-21 00:00:00-04:00,21.299999237060547,21.450000762939453,20.729999542236328,20.790000915527344,3002900,0.0,0.0,AGI
2024-10-22 00:00:00-04:00,21.139999389648438,21.43000030517578,21.06999969482422,21.3799991607666,2421600,0.0,0.0,AGI
2024-10-23 00:00:00-04:00,21.0,21.3700008392334,20.829999923706055,21.100000381469727,1513600,0.0,0.0,AGI
2024-10-24 00:00:00-04:00,21.200000762939453,21.270000457763672,20.6200008392334,21.09000015258789,2445100,0.0,0.0,AGI
2024-10-25 00:00:00-04:00,20.920000076293945,21.06999969482422,20.649999618530273,20.770000457763672,1583000,0.0,0.0,AGI
2024-10-28 00:00:00-04:00,20.719999313354492,20.81999969482422,20.450000762939453,20.5,2258600,0.0,0.0,AGI
2024-10-29 00:00:00-04:00,20.690000534057617,21.059999465942383,20.43000030517578,21.049999237060547,1648400,0.0,0.0,AGI
2024-10-30 00:00:00-04:00,21.06999969482422,21.100000381469727,20.579999923706055,20.959999084472656,1682100,0.0,0.0,AGI
2024-10-31 00:00:00-04:00,20.6200008392334,20.719999313354492,20.040000915527344,20.18000030517578,2228000,0.0,0.0,AGI
2024-11-01 00:00:00-04:00,20.34000015258789,20.600000381469727,20.110000610351562,20.110000610351562,2602400,0.0,0.0,AGI
